roads,record_kind,original_url,first_capture_timestamp,first_capture_date,last_capture_timestamp,capture_count,wayback_url,review_status
A8,project_update,https://www.autobahn.de/die-autobahn/aktuelles/detail/informationsveranstaltung-zum-grundhaften-ausbau-der-a8-zwischen-der-anschlussstelle-neunkirchen-oberstadt-und-dem-autobahnkreuz-neunkirchen,20230109214937,2023-01-09,20230109214937,1,https://web.archive.org/web/20230109214937/https://www.autobahn.de/die-autobahn/aktuelles/detail/informationsveranstaltung-zum-grundhaften-ausbau-der-a8-zwischen-der-anschlussstelle-neunkirchen-oberstadt-und-dem-autobahnkreuz-neunkirchen,candidate_url_filtered
A8,construction_notice,https://www.autobahn.de/a8-/-enztalquerung-eroeffnung-des-neuen-baustellen-informationszentrums-fuer-buergerinnen-und-buerger,20230111143357,2023-01-11,20240224120136,2,https://web.archive.org/web/20230111143357/https://www.autobahn.de/a8-/-enztalquerung-eroeffnung-des-neuen-baustellen-informationszentrums-fuer-buergerinnen-und-buerger,candidate_url_filtered
A8,project_update,https://www.autobahn.de/die-autobahn/aktuelles/detail/a8-/-enztalquerung-eroeffnung-des-neuen-baustellen-informationszentrums-fuer-buergerinnen-und-buerger,20230111215217,2023-01-11,20240304192030,2,https://web.archive.org/web/20230111215217/https://www.autobahn.de/die-autobahn/aktuelles/detail/a8-/-enztalquerung-eroeffnung-des-neuen-baustellen-informationszentrums-fuer-buergerinnen-und-buerger,candidate_url_filtered
A8,project_update,https://www.autobahn.de/die-autobahn/aktuelles/detail/sechsstreifiger-ausbau-der-a8-/-enztalquerung-projektbegleitkreis-trifft-sich-zur-achten-sitzung,20230131130236,2023-01-31,20240302224738,2,https://web.archive.org/web/20230131130236/https://www.autobahn.de/die-autobahn/aktuelles/detail/sechsstreifiger-ausbau-der-a8-/-enztalquerung-projektbegleitkreis-trifft-sich-zur-achten-sitzung,candidate_url_filtered
A8,project_update,https://www.autobahn.de/rheinland/aktuelles/detail/sechsstreifiger-ausbau-der-a8-/-enztalquerung-projektbegleitkreis-trifft-sich-zur-achten-sitzung,20230131131905,2023-01-31,20230131131905,1,https://web.archive.org/web/20230131131905/https://www.autobahn.de/rheinland/aktuelles/detail/sechsstreifiger-ausbau-der-a8-/-enztalquerung-projektbegleitkreis-trifft-sich-zur-achten-sitzung,candidate_url_filtered
A8,planning,https://www.autobahn.de/suedbayern/planfeststellungsverfahren/laufende-planfeststellungsverfahren/a8-as-dachau,20230207072328,2023-02-07,20240524061951,2,https://web.archive.org/web/20230207072328/https://www.autobahn.de/suedbayern/planfeststellungsverfahren/laufende-planfeststellungsverfahren/a8-as-dachau,candidate_url_filtered
A8,planning,https://www.autobahn.de/suedbayern/planfeststellungsverfahren/laufende-planfeststellungsverfahren/a8-laermvorsorge-valley-und-bauwerkserneuerungen,20230207080458,2023-02-07,20240422092423,2,https://web.archive.org/web/20230207080458/https://www.autobahn.de/suedbayern/planfeststellungsverfahren/laufende-planfeststellungsverfahren/a8-laermvorsorge-valley-und-bauwerkserneuerungen,candidate_url_filtered
A8,planning,https://www.autobahn.de/suedbayern/planfeststellungsverfahren/laufende-planfeststellungsverfahren/a8-achenmuehle-bernauer-berg,20230207090654,2023-02-07,20240524204747,2,https://web.archive.org/web/20230207090654/https://www.autobahn.de/suedbayern/planfeststellungsverfahren/laufende-planfeststellungsverfahren/a8-achenmuehle-bernauer-berg,candidate_url_filtered
A8,planning,https://www.autobahn.de/suedbayern/planfeststellungsverfahren/laufende-planfeststellungsverfahren/a8-as-rosenheim-as-achenmuehle,20230207091622,2023-02-07,20240524081753,2,https://web.archive.org/web/20230207091622/https://www.autobahn.de/suedbayern/planfeststellungsverfahren/laufende-planfeststellungsverfahren/a8-as-rosenheim-as-achenmuehle,candidate_url_filtered
A8,planning,https://www.autobahn.de/suedbayern/planfeststellungsverfahren/laufende-planfeststellungsverfahren/a8-nachtraegliche-laermvorsorge-weyarn,20230207092758,2023-02-07,20240417065632,2,https://web.archive.org/web/20230207092758/https://www.autobahn.de/suedbayern/planfeststellungsverfahren/laufende-planfeststellungsverfahren/a8-nachtraegliche-laermvorsorge-weyarn,candidate_url_filtered
A8,project,https://www.autobahn.de/suedbayern/projekte/detail/a8-ulm-elchingen,20230207092833,2023-02-07,20230207092833,1,https://web.archive.org/web/20230207092833/https://www.autobahn.de/suedbayern/projekte/detail/a8-ulm-elchingen,candidate_url_filtered
A8,project_update,https://www.autobahn.de/die-autobahn/aktuelles/detail/a8-hochmoderne-anlage-zur-temporaeren-seitenstreifenfreigabe-offiziell-fuer-den-verkehr-freigeben,20230209001759,2023-02-09,20240303001405,2,https://web.archive.org/web/20230209001759/https://www.autobahn.de/die-autobahn/aktuelles/detail/a8-hochmoderne-anlage-zur-temporaeren-seitenstreifenfreigabe-offiziell-fuer-den-verkehr-freigeben,candidate_url_filtered
A8,construction_notice,https://www.autobahn.de/suedbayern/verkehrsmeldungen/detail/a8-mangfallbruecke,20230328043857,2023-03-28,20230328043857,1,https://web.archive.org/web/20230328043857/https://www.autobahn.de/suedbayern/verkehrsmeldungen/detail/a8-mangfallbruecke,candidate_url_filtered
A8,project_update,https://www.autobahn.de/die-autobahn/aktuelles/detail/ausbau-der-a8-/-enztalquerung-projektbegleitkreis-trifft-sich-zur-neunten-sitzung,20230502224012,2023-05-02,20240221115934,2,https://web.archive.org/web/20230502224012/https://www.autobahn.de/die-autobahn/aktuelles/detail/ausbau-der-a8-/-enztalquerung-projektbegleitkreis-trifft-sich-zur-neunten-sitzung,candidate_url_filtered
A8,project_update,https://www.autobahn.de/die-autobahn/aktuelles/detail/a8-ersatzneubau-der-bruecke-ueber-die-b466-bei-muehlhausen-im-taele-verkehrsfreigabe-und-nachmittag-der-offenen-bruecke,20230519150306,2023-05-19,20240221125538,2,https://web.archive.org/web/20230519150306/https://www.autobahn.de/die-autobahn/aktuelles/detail/a8-ersatzneubau-der-bruecke-ueber-die-b466-bei-muehlhausen-im-taele-verkehrsfreigabe-und-nachmittag-der-offenen-bruecke,candidate_url_filtered
A8,construction_notice,https://www.autobahn.de/die-autobahn/verkehrsmeldungen/detail/a8-/-as-kirchheim-ost-bis-as-aichelberg-fahrtrichtung-muenchen-neuer-asphalt-auf-der-autobahn-und-ausbau-der-as-aichelberg,20230528191907,2023-05-28,20240221190856,2,https://web.archive.org/web/20230528191907/https://www.autobahn.de/die-autobahn/verkehrsmeldungen/detail/a8-/-as-kirchheim-ost-bis-as-aichelberg-fahrtrichtung-muenchen-neuer-asphalt-auf-der-autobahn-und-ausbau-der-as-aichelberg,candidate_url_filtered
A8,construction_notice,https://www.autobahn.de/west/verkehrsmeldungen/detail/a8-eintaegige-instandsetzungsarbeiten-bei-limbach,20230607012202,2023-06-07,20230607012202,1,https://web.archive.org/web/20230607012202/https://www.autobahn.de/west/verkehrsmeldungen/detail/a8-eintaegige-instandsetzungsarbeiten-bei-limbach,candidate_url_filtered
A8,construction_notice,https://www.autobahn.de/west/verkehrsmeldungen/detail/a8-erneuerung-zwischen-dillingen-mitte-und-autobahndreieck-saarlouis-vollsperrung-aufgehoben,20230607012328,2023-06-07,20240414003657,2,https://web.archive.org/web/20230607012328/https://www.autobahn.de/west/verkehrsmeldungen/detail/a8-erneuerung-zwischen-dillingen-mitte-und-autobahndreieck-saarlouis-vollsperrung-aufgehoben,candidate_url_filtered
A8,construction_notice,https://www.autobahn.de/west/verkehrsmeldungen/detail/a8-ersatzneubau-der-landertalbruecke-bei-neunkirchen-oberstadt-weiterer-umbau-der-verkehrssicherung,20230607013013,2023-06-07,20230607013013,1,https://web.archive.org/web/20230607013013/https://www.autobahn.de/west/verkehrsmeldungen/detail/a8-ersatzneubau-der-landertalbruecke-bei-neunkirchen-oberstadt-weiterer-umbau-der-verkehrssicherung,candidate_url_filtered
A8,project_update,https://www.autobahn.de/west/aktuelles/detail/a8-grundhafte-erneuerung-zwischen-neunkirchen-oberstadt-und-autobahnkreuz-neunkirchen-beginnt,20230607021721,2023-06-07,20230607021721,1,https://web.archive.org/web/20230607021721/https://www.autobahn.de/west/aktuelles/detail/a8-grundhafte-erneuerung-zwischen-neunkirchen-oberstadt-und-autobahnkreuz-neunkirchen-beginnt,candidate_url_filtered
A8,project_update,https://www.autobahn.de/west/aktuelles/detail/informationsveranstaltung-zum-grundhaften-ausbau-der-a8-zwischen-der-anschlussstelle-neunkirchen-oberstadt-und-dem-autobahnkreuz-neunkirchen,20230607022444,2023-06-07,20230607022444,1,https://web.archive.org/web/20230607022444/https://www.autobahn.de/west/aktuelles/detail/informationsveranstaltung-zum-grundhaften-ausbau-der-a8-zwischen-der-anschlussstelle-neunkirchen-oberstadt-und-dem-autobahnkreuz-neunkirchen,candidate_url_filtered
A8,construction_notice,https://www.autobahn.de/west/verkehrsmeldungen/detail/a8-sanierung-der-anschlussstelle-dillingen-sued,20230607023915,2023-06-07,20240617041708,2,https://web.archive.org/web/20230607023915/https://www.autobahn.de/west/verkehrsmeldungen/detail/a8-sanierung-der-anschlussstelle-dillingen-sued,candidate_url_filtered
A8,project,https://www.autobahn.de/die-autobahn/projekte/detail/a8-ulm-elchingen,20230607204628,2023-06-07,20240227171417,2,https://web.archive.org/web/20230607204628/https://www.autobahn.de/die-autobahn/projekte/detail/a8-ulm-elchingen,candidate_url_filtered
A8,construction_notice,https://www.autobahn.de/die-autobahn/verkehrsmeldungen/detail/reminder-sechsstreifiger-ausbau-der-a8-/-enztalquerung-/-vollsperrung-zwischen-den-anschlussstellen-pforzheim-sued-und-pforzheim-nord-beide-fahrtrichtungen-23-260623,20230628164721,2023-06-28,20240221154225,2,https://web.archive.org/web/20230628164721/https://www.autobahn.de/die-autobahn/verkehrsmeldungen/detail/reminder-sechsstreifiger-ausbau-der-a8-/-enztalquerung-/-vollsperrung-zwischen-den-anschlussstellen-pforzheim-sued-und-pforzheim-nord-beide-fahrtrichtungen-23-260623,candidate_url_filtered
A8,construction_notice,https://www.autobahn.de/die-autobahn/verkehrsmeldungen/detail/sechsstreifiger-ausbau-der-a8/enztalquerung-vollsperrung-zwischen-den-anschlussstellen-pforzheim-sued-und-pforzheim-nord-beide-fahrtrichtungen-23-260623,20230706025604,2023-07-06,20240618015612,2,https://web.archive.org/web/20230706025604/https://www.autobahn.de/die-autobahn/verkehrsmeldungen/detail/sechsstreifiger-ausbau-der-a8/enztalquerung-vollsperrung-zwischen-den-anschlussstellen-pforzheim-sued-und-pforzheim-nord-beide-fahrtrichtungen-23-260623,candidate_url_filtered
A8,construction_notice,https://www.autobahn.de/a8-sperrung-der-pwc-anlage-kaempfelbach-zwischen-den-anschlussstellen-pforzheim-nord-und-pforzheim-west,20240220214002,2024-02-20,20240220214002,1,https://web.archive.org/web/20240220214002/https://www.autobahn.de/a8-sperrung-der-pwc-anlage-kaempfelbach-zwischen-den-anschlussstellen-pforzheim-nord-und-pforzheim-west,candidate_url_filtered
A8,construction_notice,https://www.autobahn.de/a8-erneuerung-der-fahrbahndecke-zwischen-den-anschlussstellen-pforzheim-west-und-karlsbad-bei-steinig-1,20240220232338,2024-02-20,20240220232338,1,https://web.archive.org/web/20240220232338/https://www.autobahn.de/a8-erneuerung-der-fahrbahndecke-zwischen-den-anschlussstellen-pforzheim-west-und-karlsbad-bei-steinig-1,candidate_url_filtered
A8,construction_notice,https://www.autobahn.de/a8-instandsetzung-in-hoehe-wellingen,20240221014026,2024-02-21,20240221014026,1,https://web.archive.org/web/20240221014026/https://www.autobahn.de/a8-instandsetzung-in-hoehe-wellingen,candidate_url_filtered
A8,construction_notice,https://www.autobahn.de/die-autobahn/verkehrsmeldungen/detail/a8-aufstiegstrasse-ersatzneubau-der-bruecke-ueber-die-b-466-bei-muehlhausen-einbau-der-bruecken-traegerkonstruktion,20240221055022,2024-02-21,20240221055022,1,https://web.archive.org/web/20240221055022/https://www.autobahn.de/die-autobahn/verkehrsmeldungen/detail/a8-aufstiegstrasse-ersatzneubau-der-bruecke-ueber-die-b-466-bei-muehlhausen-einbau-der-bruecken-traegerkonstruktion,candidate_url_filtered
A8,construction_notice,https://www.autobahn.de/die-autobahn/verkehrsmeldungen/detail/sechsstreifiger-ausbau-der-a8-/-enztalquerung-vollsperrung-zwischen-den-anschlussstellen-pforzheim-sued-und-pforzheim-nord-beide-fahrtrichtungen-01-041223-1,20240221055540,2024-02-21,20240221055540,1,https://web.archive.org/web/20240221055540/https://www.autobahn.de/die-autobahn/verkehrsmeldungen/detail/sechsstreifiger-ausbau-der-a8-/-enztalquerung-vollsperrung-zwischen-den-anschlussstellen-pforzheim-sued-und-pforzheim-nord-beide-fahrtrichtungen-01-041223-1,candidate_url_filtered
A8,construction_notice,https://www.autobahn.de/sechsstreifiger-ausbau-der-a8-/-enztalquerung-projektbegleitkreis-trifft-sich-zur-achten-sitzung,20240221061422,2024-02-21,20240221061422,1,https://web.archive.org/web/20240221061422/https://www.autobahn.de/sechsstreifiger-ausbau-der-a8-/-enztalquerung-projektbegleitkreis-trifft-sich-zur-achten-sitzung,candidate_url_filtered
A8,construction_notice,https://www.autobahn.de/update-a8-anhebung-der-a-8-im-autobahndreieck-saarlouis-und-ersatzneubau-der-saarbruecke,20240221073216,2024-02-21,20240221073216,1,https://web.archive.org/web/20240221073216/https://www.autobahn.de/update-a8-anhebung-der-a-8-im-autobahndreieck-saarlouis-und-ersatzneubau-der-saarbruecke,candidate_url_filtered
A8,construction_notice,https://www.autobahn.de/a8-instandsetzungsarbeiten-im-tunnel-pellinger-berg-1,20240221080524,2024-02-21,20240221080524,1,https://web.archive.org/web/20240221080524/https://www.autobahn.de/a8-instandsetzungsarbeiten-im-tunnel-pellinger-berg-1,candidate_url_filtered
A8,construction_notice,https://www.autobahn.de/die-autobahn/verkehrsmeldungen/detail/a8-fahrbahnerneuerung-zwischen-neunkirchen-city-und-kohlhof-vollsperrung-der-richtungsfahrbahn-pirmasens,20240221111322,2024-02-21,20240221111322,1,https://web.archive.org/web/20240221111322/https://www.autobahn.de/die-autobahn/verkehrsmeldungen/detail/a8-fahrbahnerneuerung-zwischen-neunkirchen-city-und-kohlhof-vollsperrung-der-richtungsfahrbahn-pirmasens,candidate_url_filtered
A8,project_update,https://www.autobahn.de/die-autobahn/aktuelles/detail/schulterschluss-fuer-den-neuen-a8-albaufstieg,20240221112816,2024-02-21,20240221112816,1,https://web.archive.org/web/20240221112816/https://www.autobahn.de/die-autobahn/aktuelles/detail/schulterschluss-fuer-den-neuen-a8-albaufstieg,candidate_url_filtered
A8,construction_notice,https://www.autobahn.de/die-autobahn/verkehrsmeldungen/detail/a8-erneuerung-zwischen-pirmasens-winzeln-und-walshausen,20240221113335,2024-02-21,20240221113335,1,https://web.archive.org/web/20240221113335/https://www.autobahn.de/die-autobahn/verkehrsmeldungen/detail/a8-erneuerung-zwischen-pirmasens-winzeln-und-walshausen,candidate_url_filtered
A8,project_update,https://www.autobahn.de/die-autobahn/aktuelles/detail/a8-bauprojekt-erhaelt-dgnb-zertifikat-nachhaltige-baustelle,20240221121338,2024-02-21,20240221121338,1,https://web.archive.org/web/20240221121338/https://www.autobahn.de/die-autobahn/aktuelles/detail/a8-bauprojekt-erhaelt-dgnb-zertifikat-nachhaltige-baustelle,candidate_url_filtered
A8,construction_notice,https://www.autobahn.de/die-autobahn/verkehrsmeldungen/detail/a8-instandsetzung-des-gelaenders-auf-der-bruecke-ueber-die-l-285-1,20240221152636,2024-02-21,20240221152636,1,https://web.archive.org/web/20240221152636/https://www.autobahn.de/die-autobahn/verkehrsmeldungen/detail/a8-instandsetzung-des-gelaenders-auf-der-bruecke-ueber-die-l-285-1,candidate_url_filtered
A8,construction_notice,https://www.autobahn.de/a8-instandsetzung-des-gelaenders-auf-der-bruecke-ueber-die-l-285-1,20240221172705,2024-02-21,20240221172705,1,https://web.archive.org/web/20240221172705/https://www.autobahn.de/a8-instandsetzung-des-gelaenders-auf-der-bruecke-ueber-die-l-285-1,candidate_url_filtered
A8,construction_notice,https://www.autobahn.de/a1/a8-fahrbahnerneuerung-im-autobahnkreuz-saarbruecken,20240221172901,2024-02-21,20240221172901,1,https://web.archive.org/web/20240221172901/https://www.autobahn.de/a1/a8-fahrbahnerneuerung-im-autobahnkreuz-saarbruecken,candidate_url_filtered
A8,construction_notice,https://www.autobahn.de/die-autobahn/verkehrsmeldungen/detail/a8-erneuerung-der-fahrbahn-zwischen-merchweiler-und-autobahnkreuz-saarbruecken,20240221173723,2024-02-21,20240221173723,1,https://web.archive.org/web/20240221173723/https://www.autobahn.de/die-autobahn/verkehrsmeldungen/detail/a8-erneuerung-der-fahrbahn-zwischen-merchweiler-und-autobahnkreuz-saarbruecken,candidate_url_filtered
A8,construction_notice,https://www.autobahn.de/a1/a8-kurzzeitige-teilsperrung-im-autobahnkreuz-saarbruecken,20240221204137,2024-02-21,20240221204137,1,https://web.archive.org/web/20240221204137/https://www.autobahn.de/a1/a8-kurzzeitige-teilsperrung-im-autobahnkreuz-saarbruecken,candidate_url_filtered
A8,construction_notice,https://www.autobahn.de/update-a8-parkplatz-kutzhof-halbseitige-sperrung-der-richtungsfahrbahn-luxemburg-1,20240221210334,2024-02-21,20240221210334,1,https://web.archive.org/web/20240221210334/https://www.autobahn.de/update-a8-parkplatz-kutzhof-halbseitige-sperrung-der-richtungsfahrbahn-luxemburg-1,candidate_url_filtered
A8,construction_notice,https://www.autobahn.de/die-autobahn/verkehrsmeldungen/detail/sechsstreifiger-ausbau-der-a8-/-enztalquerung-sperrungen-der-anschlussstelle-pforzheim-ost,20240221212121,2024-02-21,20240221212121,1,https://web.archive.org/web/20240221212121/https://www.autobahn.de/die-autobahn/verkehrsmeldungen/detail/sechsstreifiger-ausbau-der-a8-/-enztalquerung-sperrungen-der-anschlussstelle-pforzheim-ost,candidate_url_filtered
A8,construction_notice,https://www.autobahn.de/die-autobahn/verkehrsmeldungen/detail/a1/a8-fahrbahnerneuerung-im-autobahnkreuz-saarbruecken,20240221212940,2024-02-21,20240221212940,1,https://web.archive.org/web/20240221212940/https://www.autobahn.de/die-autobahn/verkehrsmeldungen/detail/a1/a8-fahrbahnerneuerung-im-autobahnkreuz-saarbruecken,candidate_url_filtered
A8,construction_notice,https://www.autobahn.de/die-autobahn/verkehrsmeldungen/detail/a8-sanierungsarbeiten-bei-kirchheim/teck-fahrtrichtung-muenchen-30-bis-310124,20240221225438,2024-02-21,20240221225438,1,https://web.archive.org/web/20240221225438/https://www.autobahn.de/die-autobahn/verkehrsmeldungen/detail/a8-sanierungsarbeiten-bei-kirchheim/teck-fahrtrichtung-muenchen-30-bis-310124,candidate_url_filtered
A8,construction_notice,https://www.autobahn.de/a8-ersatzneubau-der-landertalbruecke-bei-neunkirchen-oberstadt-am-wochenende-erste-arbeiten-zur-einrichtung-der-verkehrssicherung-1,20240222005543,2024-02-22,20240222005543,1,https://web.archive.org/web/20240222005543/https://www.autobahn.de/a8-ersatzneubau-der-landertalbruecke-bei-neunkirchen-oberstadt-am-wochenende-erste-arbeiten-zur-einrichtung-der-verkehrssicherung-1,candidate_url_filtered
A8,construction_notice,https://www.autobahn.de/a8-albaufstieg-blick-in-die-zukunft-stoesst-auf-rieseninteresse,20240222082619,2024-02-22,20240222082619,1,https://web.archive.org/web/20240222082619/https://www.autobahn.de/a8-albaufstieg-blick-in-die-zukunft-stoesst-auf-rieseninteresse,candidate_url_filtered
A8,construction_notice,https://www.autobahn.de/a8-vollsperrung-bei-zweibruecken-ernstweiler-am-1-februarwochenende,20240222083443,2024-02-22,20240222083443,1,https://web.archive.org/web/20240222083443/https://www.autobahn.de/a8-vollsperrung-bei-zweibruecken-ernstweiler-am-1-februarwochenende,candidate_url_filtered
A8,construction_notice,https://www.autobahn.de/a8-instandsetzung-zwischen-walshausen-und-contwig-kopie-1,20240222083731,2024-02-22,20240222083731,1,https://web.archive.org/web/20240222083731/https://www.autobahn.de/a8-instandsetzung-zwischen-walshausen-und-contwig-kopie-1,candidate_url_filtered
A8,construction_notice,https://www.autobahn.de/a8-erneuerung-zwischen-dillingen-mitte-und-autobahndreieck-saarlouis-autobahn-gmbh-kuendigt-vorzeitige-freigabe-der-gesperrten-strecke-an,20240222085149,2024-02-22,20240222085149,1,https://web.archive.org/web/20240222085149/https://www.autobahn.de/a8-erneuerung-zwischen-dillingen-mitte-und-autobahndreieck-saarlouis-autobahn-gmbh-kuendigt-vorzeitige-freigabe-der-gesperrten-strecke-an,candidate_url_filtered
A8,construction_notice,https://www.autobahn.de/sechsstreifiger-ausbau-der-a8-/-enztalquerung-vollsperrung-zwischen-den-anschlussstellen-pforzheim-sued-und-pforzheim-nord-beide-fahrtrichtungen-01-041223-1,20240222164154,2024-02-22,20240222164154,1,https://web.archive.org/web/20240222164154/https://www.autobahn.de/sechsstreifiger-ausbau-der-a8-/-enztalquerung-vollsperrung-zwischen-den-anschlussstellen-pforzheim-sued-und-pforzheim-nord-beide-fahrtrichtungen-01-041223-1,candidate_url_filtered
A8,construction_notice,https://www.autobahn.de/die-autobahn/verkehrsmeldungen/detail/update-a8-fahrbahnerneuerung-zwischen-den-as-pirmasens-winzeln-und-walshausen-fuehrt-zu-temporaeren-verkehrseinschraenkungen,20240222164351,2024-02-22,20240222164351,1,https://web.archive.org/web/20240222164351/https://www.autobahn.de/die-autobahn/verkehrsmeldungen/detail/update-a8-fahrbahnerneuerung-zwischen-den-as-pirmasens-winzeln-und-walshausen-fuehrt-zu-temporaeren-verkehrseinschraenkungen,candidate_url_filtered
A8,construction_notice,https://www.autobahn.de/die-autobahn/verkehrsmeldungen/detail/a8-instandsetzung-des-gelaenders-auf-der-bruecke-ueber-die-l-285,20240222172120,2024-02-22,20240222172120,1,https://web.archive.org/web/20240222172120/https://www.autobahn.de/die-autobahn/verkehrsmeldungen/detail/a8-instandsetzung-des-gelaenders-auf-der-bruecke-ueber-die-l-285,candidate_url_filtered
A8,construction_notice,https://www.autobahn.de/a8-aufstiegstrasse-ersatzneubau-der-bruecke-bei-muehlhausen-vollsperrung-b466-ueber-nacht-2503-auf-26032023,20240222204625,2024-02-22,20240222204625,1,https://web.archive.org/web/20240222204625/https://www.autobahn.de/a8-aufstiegstrasse-ersatzneubau-der-bruecke-bei-muehlhausen-vollsperrung-b466-ueber-nacht-2503-auf-26032023,candidate_url_filtered
A8,construction_notice,https://www.autobahn.de/sechsstreifiger-ausbau-der-a8-/-enztalquerung-projektbegleitkreis-trifft-sich-zur-zehnten-sitzung,20240222210309,2024-02-22,20240222210309,1,https://web.archive.org/web/20240222210309/https://www.autobahn.de/sechsstreifiger-ausbau-der-a8-/-enztalquerung-projektbegleitkreis-trifft-sich-zur-zehnten-sitzung,candidate_url_filtered
A8,construction_notice,https://www.autobahn.de/a8-bauprojekt-erhaelt-dgnb-zertifikat-nachhaltige-baustelle,20240222211910,2024-02-22,20240222211910,1,https://web.archive.org/web/20240222211910/https://www.autobahn.de/a8-bauprojekt-erhaelt-dgnb-zertifikat-nachhaltige-baustelle,candidate_url_filtered
A8,construction_notice,https://www.autobahn.de/sechsstreifiger-ausbau-der-a8-/-enztalquerung-umleitung-des-enztalradwegs-ueber-die-kreisstrassenbruecke-k9808-zwischen-niefern-oeschelbronn-und-eutingen-ab-280423,20240223011915,2024-02-23,20240223011915,1,https://web.archive.org/web/20240223011915/https://www.autobahn.de/sechsstreifiger-ausbau-der-a8-/-enztalquerung-umleitung-des-enztalradwegs-ueber-die-kreisstrassenbruecke-k9808-zwischen-niefern-oeschelbronn-und-eutingen-ab-280423,candidate_url_filtered
A8,construction_notice,https://www.autobahn.de/update-a8-ersatzneubau-der-landertalbruecke-nachts-einstreifige-verkehrsfuehrung,20240223124218,2024-02-23,20240223124218,1,https://web.archive.org/web/20240223124218/https://www.autobahn.de/update-a8-ersatzneubau-der-landertalbruecke-nachts-einstreifige-verkehrsfuehrung,candidate_url_filtered
A8,construction_notice,https://www.autobahn.de/die-autobahn/verkehrsmeldungen/detail/update-a8-ersatzneubau-der-saarbruecke-im-autobahndreieck-saarlouis-schutzplankenarbeiten,20240224062928,2024-02-24,20240224062928,1,https://web.archive.org/web/20240224062928/https://www.autobahn.de/die-autobahn/verkehrsmeldungen/detail/update-a8-ersatzneubau-der-saarbruecke-im-autobahndreieck-saarlouis-schutzplankenarbeiten,candidate_url_filtered
A8,construction_notice,https://www.autobahn.de/die-autobahn/verkehrsmeldungen/detail/a8-temporaere-verkehrseinschraenkung-zwischen-der-as-merchweiler-und-dem-ak-saarbruecken-1,20240224063559,2024-02-24,20240224063559,1,https://web.archive.org/web/20240224063559/https://www.autobahn.de/die-autobahn/verkehrsmeldungen/detail/a8-temporaere-verkehrseinschraenkung-zwischen-der-as-merchweiler-und-dem-ak-saarbruecken-1,candidate_url_filtered
A8,construction_notice,https://www.autobahn.de/die-autobahn/verkehrsmeldungen/detail/a8-erneuerung-der-fahrbahndecke-zwischen-den-anschlussstellen-karlsbad-und-pforzheim-west-bei-steinig,20240224064735,2024-02-24,20240224064735,1,https://web.archive.org/web/20240224064735/https://www.autobahn.de/die-autobahn/verkehrsmeldungen/detail/a8-erneuerung-der-fahrbahndecke-zwischen-den-anschlussstellen-karlsbad-und-pforzheim-west-bei-steinig,candidate_url_filtered
A8,construction_notice,https://www.autobahn.de/die-autobahn/verkehrsmeldungen/detail/a8-instandsetzung-zwischen-walshausen-und-contwig,20240224091902,2024-02-24,20240224091902,1,https://web.archive.org/web/20240224091902/https://www.autobahn.de/die-autobahn/verkehrsmeldungen/detail/a8-instandsetzung-zwischen-walshausen-und-contwig,candidate_url_filtered
A8,construction_notice,https://www.autobahn.de/a8-erneuerung-zwischen-pirmasens-winzeln-und-walshausen,20240224092120,2024-02-24,20240224092120,1,https://web.archive.org/web/20240224092120/https://www.autobahn.de/a8-erneuerung-zwischen-pirmasens-winzeln-und-walshausen,candidate_url_filtered
A8,construction_notice,https://www.autobahn.de/a8-fahrbahninstandsetzung-zwischen-saarbruecken-und-merchweiler-beginnt-ende-august,20240224102616,2024-02-24,20240224102616,1,https://web.archive.org/web/20240224102616/https://www.autobahn.de/a8-fahrbahninstandsetzung-zwischen-saarbruecken-und-merchweiler-beginnt-ende-august,candidate_url_filtered
A8,construction_notice,https://www.autobahn.de/die-autobahn/verkehrsmeldungen/detail/fertigstellung-der-arbeiten-a8-erneuerung-der-fahrbahndecke-zwischen-den-anschlussstellen-karlsbad-und-pforzheim-west-bei-steinig,20240224103944,2024-02-24,20240224103944,1,https://web.archive.org/web/20240224103944/https://www.autobahn.de/die-autobahn/verkehrsmeldungen/detail/fertigstellung-der-arbeiten-a8-erneuerung-der-fahrbahndecke-zwischen-den-anschlussstellen-karlsbad-und-pforzheim-west-bei-steinig,candidate_url_filtered
A8,construction_notice,https://www.autobahn.de/a8-/-brueckeninstandsetzung-schoenbuchstrasse-l1192-/-stuttgart-rohr,20240224135726,2024-02-24,20240224135726,1,https://web.archive.org/web/20240224135726/https://www.autobahn.de/a8-/-brueckeninstandsetzung-schoenbuchstrasse-l1192-/-stuttgart-rohr,candidate_url_filtered
A8,construction_notice,https://www.autobahn.de/a8-sanierung-der-anschlussstelle-dillingen-sued,20240224185453,2024-02-24,20240224185453,1,https://web.archive.org/web/20240224185453/https://www.autobahn.de/a8-sanierung-der-anschlussstelle-dillingen-sued,candidate_url_filtered
A8,construction_notice,https://www.autobahn.de/die-autobahn/verkehrsmeldungen/detail/a8-vollsperrung-bei-zweibruecken-ernstweiler-am-2-dezemberwochenende,20240224191228,2024-02-24,20240224191228,1,https://web.archive.org/web/20240224191228/https://www.autobahn.de/die-autobahn/verkehrsmeldungen/detail/a8-vollsperrung-bei-zweibruecken-ernstweiler-am-2-dezemberwochenende,candidate_url_filtered
A8,construction_notice,https://www.autobahn.de/a8-und-l-114-baumfaellarbeiten-zwischen-neunkirchen-oberstadt-und-furpach,20240224191311,2024-02-24,20240224191311,1,https://web.archive.org/web/20240224191311/https://www.autobahn.de/a8-und-l-114-baumfaellarbeiten-zwischen-neunkirchen-oberstadt-und-furpach,candidate_url_filtered
A8,construction_notice,https://www.autobahn.de/update-a8-erhaltungsarbeiten-zwischen-merchweiler-und-autobahnkreuz-saarbruecken-1,20240224191914,2024-02-24,20240224191914,1,https://web.archive.org/web/20240224191914/https://www.autobahn.de/update-a8-erhaltungsarbeiten-zwischen-merchweiler-und-autobahnkreuz-saarbruecken-1,candidate_url_filtered
A8,construction_notice,https://www.autobahn.de/sechsstreifiger-ausbau-der-a8/enztalquerung-vollsperrung-zwischen-den-anschlussstellen-pforzheim-sued-und-pforzheim-nord-beide-fahrtrichtungen-23-260623,20240224200456,2024-02-24,20240224200456,1,https://web.archive.org/web/20240224200456/https://www.autobahn.de/sechsstreifiger-ausbau-der-a8/enztalquerung-vollsperrung-zwischen-den-anschlussstellen-pforzheim-sued-und-pforzheim-nord-beide-fahrtrichtungen-23-260623,candidate_url_filtered
A8,construction_notice,https://www.autobahn.de/a8-zwischen-den-anschlussstellen-karlsbad-und-pforzheim-west-nachtbaustellen-austausch-beschaedigter-betonschutzelemente-im-mittelstreifen,20240224201516,2024-02-24,20240224201516,1,https://web.archive.org/web/20240224201516/https://www.autobahn.de/a8-zwischen-den-anschlussstellen-karlsbad-und-pforzheim-west-nachtbaustellen-austausch-beschaedigter-betonschutzelemente-im-mittelstreifen,candidate_url_filtered
A8,construction_notice,https://www.autobahn.de/die-autobahn/verkehrsmeldungen/detail/a8-instandsetzung-der-gelaender-auf-der-bruecke-bei-neunkirchen-kohlhof,20240224231927,2024-02-24,20240224231927,1,https://web.archive.org/web/20240224231927/https://www.autobahn.de/die-autobahn/verkehrsmeldungen/detail/a8-instandsetzung-der-gelaender-auf-der-bruecke-bei-neunkirchen-kohlhof,candidate_url_filtered
A8,construction_notice,https://www.autobahn.de/die-autobahn/verkehrsmeldungen/detail/a8-instandsetzung-zwischen-elversberg-und-heinitz,20240225005425,2024-02-25,20240225005425,1,https://web.archive.org/web/20240225005425/https://www.autobahn.de/die-autobahn/verkehrsmeldungen/detail/a8-instandsetzung-zwischen-elversberg-und-heinitz,candidate_url_filtered
A8,construction_notice,https://www.autobahn.de/a8-zwischen-ulm-west-und-muehlhausen-albabstieg-dringende-erhaltungsmassnahmen-erfordern-eine-voll-und-zwei-teilsperrungen-in-diesem-sommer,20240225022718,2024-02-25,20240225022718,1,https://web.archive.org/web/20240225022718/https://www.autobahn.de/a8-zwischen-ulm-west-und-muehlhausen-albabstieg-dringende-erhaltungsmassnahmen-erfordern-eine-voll-und-zwei-teilsperrungen-in-diesem-sommer,candidate_url_filtered
A8,construction_notice,https://www.autobahn.de/a8-eintaegige-instandsetzungsarbeiten-bei-limbach,20240225140641,2024-02-25,20240225140641,1,https://web.archive.org/web/20240225140641/https://www.autobahn.de/a8-eintaegige-instandsetzungsarbeiten-bei-limbach,candidate_url_filtered
A8,construction_notice,https://www.autobahn.de/die-autobahn/verkehrsmeldungen/detail/a8-vollsperrung-bei-zweibruecken-ernstweiler-am-1-februarwochenende,20240225143656,2024-02-25,20240225143656,1,https://web.archive.org/web/20240225143656/https://www.autobahn.de/die-autobahn/verkehrsmeldungen/detail/a8-vollsperrung-bei-zweibruecken-ernstweiler-am-1-februarwochenende,candidate_url_filtered
A8,construction_notice,https://www.autobahn.de/die-autobahn/verkehrsmeldungen/detail/a8-/-as-kirchheim-ost-bis-as-aichelberg-baumassnahme-verlaengert-sich-bis-anfang-september,20240225163035,2024-02-25,20240225163035,1,https://web.archive.org/web/20240225163035/https://www.autobahn.de/die-autobahn/verkehrsmeldungen/detail/a8-/-as-kirchheim-ost-bis-as-aichelberg-baumassnahme-verlaengert-sich-bis-anfang-september,candidate_url_filtered
A8,construction_notice,https://www.autobahn.de/die-autobahn/verkehrsmeldungen/detail/a8-routinemaessige-instandsetzungs-und-wartungsarbeiten-am-tunnel-pellinger-berg,20240225180340,2024-02-25,20240225180340,1,https://web.archive.org/web/20240225180340/https://www.autobahn.de/die-autobahn/verkehrsmeldungen/detail/a8-routinemaessige-instandsetzungs-und-wartungsarbeiten-am-tunnel-pellinger-berg,candidate_url_filtered
A8,construction_notice,https://www.autobahn.de/die-autobahn/verkehrsmeldungen/detail/update-a8-parkplatz-kutzhof-halbseitige-sperrung-der-richtungsfahrbahn-luxemburg,20240225181130,2024-02-25,20240225181130,1,https://web.archive.org/web/20240225181130/https://www.autobahn.de/die-autobahn/verkehrsmeldungen/detail/update-a8-parkplatz-kutzhof-halbseitige-sperrung-der-richtungsfahrbahn-luxemburg,candidate_url_filtered
A8,construction_notice,https://www.autobahn.de/die-autobahn/verkehrsmeldungen/detail/a8-instandsetzungsarbeiten-zwischen-den-as-saarwellingen-und-nalbach-fuehren-zu-temporaeren-verkehrseinschraenkungen,20240225193448,2024-02-25,20240225193448,1,https://web.archive.org/web/20240225193448/https://www.autobahn.de/die-autobahn/verkehrsmeldungen/detail/a8-instandsetzungsarbeiten-zwischen-den-as-saarwellingen-und-nalbach-fuehren-zu-temporaeren-verkehrseinschraenkungen,candidate_url_filtered
A8,construction_notice,https://www.autobahn.de/die-autobahn/verkehrsmeldungen/detail/a8-mehr-lkw-stellplaetze-an-der-pwc-anlage-kaempfelbach-zwischen-den-anschlussstellen-pforzheim-nord-und-pforzheim-west,20240225194330,2024-02-25,20240225194330,1,https://web.archive.org/web/20240225194330/https://www.autobahn.de/die-autobahn/verkehrsmeldungen/detail/a8-mehr-lkw-stellplaetze-an-der-pwc-anlage-kaempfelbach-zwischen-den-anschlussstellen-pforzheim-nord-und-pforzheim-west,candidate_url_filtered
A8,construction_notice,https://www.autobahn.de/a8-fahrbahnerneuerung-zwischen-neunkirchen-city-und-kohlhof-vollsperrung-der-richtungsfahrbahn-pirmasens,20240225212921,2024-02-25,20240225212921,1,https://web.archive.org/web/20240225212921/https://www.autobahn.de/a8-fahrbahnerneuerung-zwischen-neunkirchen-city-und-kohlhof-vollsperrung-der-richtungsfahrbahn-pirmasens,candidate_url_filtered
A8,construction_notice,https://www.autobahn.de/a8-vollsperrung-bei-zweibruecken-ernstweiler-an-einem-wochenende,20240225224454,2024-02-25,20240225224454,1,https://web.archive.org/web/20240225224454/https://www.autobahn.de/a8-vollsperrung-bei-zweibruecken-ernstweiler-an-einem-wochenende,candidate_url_filtered
A8,construction_notice,https://www.autobahn.de/die-autobahn/verkehrsmeldungen/detail/a8-instandsetzung-zwischen-walshausen-und-contwig-1,20240225224729,2024-02-25,20240225224729,1,https://web.archive.org/web/20240225224729/https://www.autobahn.de/die-autobahn/verkehrsmeldungen/detail/a8-instandsetzung-zwischen-walshausen-und-contwig-1,candidate_url_filtered
A8,construction_notice,https://www.autobahn.de/a8-fahrbahnsanierung-in-der-anschlussstelle-neunkirchen-city,20240226004719,2024-02-26,20240226004719,1,https://web.archive.org/web/20240226004719/https://www.autobahn.de/a8-fahrbahnsanierung-in-der-anschlussstelle-neunkirchen-city,candidate_url_filtered
A8,construction_notice,https://www.autobahn.de/a8-vollsperrung-bei-zweibruecken-ernstweiler-am-2-dezemberwochenende,20240226043730,2024-02-26,20240226043730,1,https://web.archive.org/web/20240226043730/https://www.autobahn.de/a8-vollsperrung-bei-zweibruecken-ernstweiler-am-2-dezemberwochenende,candidate_url_filtered
A8,construction_notice,https://www.autobahn.de/die-autobahn/verkehrsmeldungen/detail/a8-bruecke-oestlich-der-as-frasdorf,20240226111532,2024-02-26,20240226111532,1,https://web.archive.org/web/20240226111532/https://www.autobahn.de/die-autobahn/verkehrsmeldungen/detail/a8-bruecke-oestlich-der-as-frasdorf,candidate_url_filtered
A8,construction_notice,https://www.autobahn.de/die-autobahn/verkehrsmeldungen/detail/a8-instandsetzung-zwischen-steinrausch-und-nalbach,20240226113754,2024-02-26,20240226113754,1,https://web.archive.org/web/20240226113754/https://www.autobahn.de/die-autobahn/verkehrsmeldungen/detail/a8-instandsetzung-zwischen-steinrausch-und-nalbach,candidate_url_filtered
A8,construction_notice,https://www.autobahn.de/die-autobahn/verkehrsmeldungen/detail/a8-ersatzneubau-der-landertalbruecke-bei-neunkirchen-oberstadt-weiterer-umbau-der-verkehrssicherung,20240226114417,2024-02-26,20240226114417,1,https://web.archive.org/web/20240226114417/https://www.autobahn.de/die-autobahn/verkehrsmeldungen/detail/a8-ersatzneubau-der-landertalbruecke-bei-neunkirchen-oberstadt-weiterer-umbau-der-verkehrssicherung,candidate_url_filtered
A8,construction_notice,https://www.autobahn.de/die-autobahn/verkehrsmeldungen/detail/a8-gelaenderarbeiten-an-der-landertalbruecke-zwischen-neunkirchen-oberstadt-und-wellesweiler,20240226115723,2024-02-26,20240226115723,1,https://web.archive.org/web/20240226115723/https://www.autobahn.de/die-autobahn/verkehrsmeldungen/detail/a8-gelaenderarbeiten-an-der-landertalbruecke-zwischen-neunkirchen-oberstadt-und-wellesweiler,candidate_url_filtered
A8,construction_notice,https://www.autobahn.de/die-autobahn/verkehrsmeldungen/detail/a8-mangfallbruecke,20240226120049,2024-02-26,20240226120049,1,https://web.archive.org/web/20240226120049/https://www.autobahn.de/die-autobahn/verkehrsmeldungen/detail/a8-mangfallbruecke,candidate_url_filtered
A8,construction_notice,https://www.autobahn.de/sechsstreifiger-ausbau-der-a8-sperrungen-im-bereich-der-anschlussstelle-pforzheim-ost-/-in-fahrtrichtung-karlsruhe-von-montag-240723-bis-november-2023,20240226172151,2024-02-26,20240226172151,1,https://web.archive.org/web/20240226172151/https://www.autobahn.de/sechsstreifiger-ausbau-der-a8-sperrungen-im-bereich-der-anschlussstelle-pforzheim-ost-/-in-fahrtrichtung-karlsruhe-von-montag-240723-bis-november-2023,candidate_url_filtered
A8,construction_notice,https://www.autobahn.de/sechsstreifiger-ausbau-der-a8-/-enztalquerung-freigabe-der-kreisstrassenbruecke-k9808-ueber-die-a8-zwischen-niefern-oeschelbronn-und-eutingen-zum-180423,20240226175513,2024-02-26,20240226175513,1,https://web.archive.org/web/20240226175513/https://www.autobahn.de/sechsstreifiger-ausbau-der-a8-/-enztalquerung-freigabe-der-kreisstrassenbruecke-k9808-ueber-die-a8-zwischen-niefern-oeschelbronn-und-eutingen-zum-180423,candidate_url_filtered
A8,construction_notice,https://www.autobahn.de/die-autobahn/verkehrsmeldungen/detail/a8-/-maustobelviadukt-zwischen-muehlhausen-und-aichelberg-fahrtrichtung-karlsruhe-brueckenarbeiten,20240226202506,2024-02-26,20240226202506,1,https://web.archive.org/web/20240226202506/https://www.autobahn.de/die-autobahn/verkehrsmeldungen/detail/a8-/-maustobelviadukt-zwischen-muehlhausen-und-aichelberg-fahrtrichtung-karlsruhe-brueckenarbeiten,candidate_url_filtered
A8,construction_notice,https://www.autobahn.de/die-autobahn/verkehrsmeldungen/detail/a8-/-enztalquerung-naechtliche-sperrung-des-enztalradwegs-im-bereich-der-b10-bruecke,20240226214711,2024-02-26,20240226214711,1,https://web.archive.org/web/20240226214711/https://www.autobahn.de/die-autobahn/verkehrsmeldungen/detail/a8-/-enztalquerung-naechtliche-sperrung-des-enztalradwegs-im-bereich-der-b10-bruecke,candidate_url_filtered
A8,construction_notice,https://www.autobahn.de/die-autobahn/verkehrsmeldungen/detail/a8-erneuerung-zwischen-dillingen-mitte-und-autobahndreieck-saarlouis,20240227030609,2024-02-27,20240227030609,1,https://web.archive.org/web/20240227030609/https://www.autobahn.de/die-autobahn/verkehrsmeldungen/detail/a8-erneuerung-zwischen-dillingen-mitte-und-autobahndreieck-saarlouis,candidate_url_filtered
A8,construction_notice,https://www.autobahn.de/a8-aufstiegstrasse-ersatzneubau-der-bruecke-bei-muehlhausen-naechtliche-vollsperrung-b466-von-samstag-auf-sonntag,20240227062008,2024-02-27,20240227062008,1,https://web.archive.org/web/20240227062008/https://www.autobahn.de/a8-aufstiegstrasse-ersatzneubau-der-bruecke-bei-muehlhausen-naechtliche-vollsperrung-b466-von-samstag-auf-sonntag,candidate_url_filtered
A8,project_update,https://www.autobahn.de/die-autobahn/aktuelles/detail/a8-grundhafte-erneuerung-zwischen-neunkirchen-oberstadt-und-autobahnkreuz-neunkirchen-beginnt,20240227063251,2024-02-27,20240227063251,1,https://web.archive.org/web/20240227063251/https://www.autobahn.de/die-autobahn/aktuelles/detail/a8-grundhafte-erneuerung-zwischen-neunkirchen-oberstadt-und-autobahnkreuz-neunkirchen-beginnt,candidate_url_filtered
A8,construction_notice,https://www.autobahn.de/a8-temporaere-verkehrseinschraenkung-zwischen-der-as-merchweiler-und-dem-ak-saarbruecken-1,20240227071329,2024-02-27,20240227071329,1,https://web.archive.org/web/20240227071329/https://www.autobahn.de/a8-temporaere-verkehrseinschraenkung-zwischen-der-as-merchweiler-und-dem-ak-saarbruecken-1,candidate_url_filtered
A8,construction_notice,https://www.autobahn.de/update-a8-ersatzneubau-der-saarbruecke-im-autobahndreieck-saarlouis-am-wochenende-vollsperrung,20240227071721,2024-02-27,20240227071721,1,https://web.archive.org/web/20240227071721/https://www.autobahn.de/update-a8-ersatzneubau-der-saarbruecke-im-autobahndreieck-saarlouis-am-wochenende-vollsperrung,candidate_url_filtered
A8,construction_notice,https://www.autobahn.de/die-autobahn/verkehrsmeldungen/detail/sechsstreifiger-ausbau-der-a8-/-enztalquerung-vollsperrung-zwischen-den-anschlussstellen-pforzheim-sued-und-pforzheim-nord-beide-fahrtrichtungen-01-041223,20240227073231,2024-02-27,20240227073231,1,https://web.archive.org/web/20240227073231/https://www.autobahn.de/die-autobahn/verkehrsmeldungen/detail/sechsstreifiger-ausbau-der-a8-/-enztalquerung-vollsperrung-zwischen-den-anschlussstellen-pforzheim-sued-und-pforzheim-nord-beide-fahrtrichtungen-01-041223,candidate_url_filtered
A8,construction_notice,https://www.autobahn.de/die-autobahn/verkehrsmeldungen/detail/a8-erneuerung-zwischen-dillingen-mitte-und-autobahndreieck-saarlouis-autobahn-gmbh-kuendigt-vorzeitige-freigabe-der-gesperrten-strecke-an,20240227094932,2024-02-27,20240227094932,1,https://web.archive.org/web/20240227094932/https://www.autobahn.de/die-autobahn/verkehrsmeldungen/detail/a8-erneuerung-zwischen-dillingen-mitte-und-autobahndreieck-saarlouis-autobahn-gmbh-kuendigt-vorzeitige-freigabe-der-gesperrten-strecke-an,candidate_url_filtered
A8,project_update,https://www.autobahn.de/die-autobahn/aktuelles/detail/a8-albaufstieg-blick-in-die-zukunft-stoesst-auf-rieseninteresse,20240227113555,2024-02-27,20240227113555,1,https://web.archive.org/web/20240227113555/https://www.autobahn.de/die-autobahn/aktuelles/detail/a8-albaufstieg-blick-in-die-zukunft-stoesst-auf-rieseninteresse,candidate_url_filtered
A8,construction_notice,https://www.autobahn.de/a8-erneuerung-zwischen-dillingen-mitte-und-autobahndreieck-saarlouis-vollsperrung-aufgehoben,20240227130443,2024-02-27,20240227130443,1,https://web.archive.org/web/20240227130443/https://www.autobahn.de/a8-erneuerung-zwischen-dillingen-mitte-und-autobahndreieck-saarlouis-vollsperrung-aufgehoben,candidate_url_filtered
A8,construction_notice,https://www.autobahn.de/die-autobahn/verkehrsmeldungen/detail/a8-zwischen-den-anschlussstellen-karlsbad-und-pforzheim-west-nachtbaustellen-austausch-beschaedigter-betonschutzelemente-im-mittelstreifen,20240227130654,2024-02-27,20240227130654,1,https://web.archive.org/web/20240227130654/https://www.autobahn.de/die-autobahn/verkehrsmeldungen/detail/a8-zwischen-den-anschlussstellen-karlsbad-und-pforzheim-west-nachtbaustellen-austausch-beschaedigter-betonschutzelemente-im-mittelstreifen,candidate_url_filtered
A8,construction_notice,https://www.autobahn.de/a8-erneuerung-zwischen-dillingen-mitte-und-autobahndreieck-saarlouis-halbseitige-freigabe-der-gesperrten-strecke-ab-freitagmorgen,20240227131747,2024-02-27,20240227131747,1,https://web.archive.org/web/20240227131747/https://www.autobahn.de/a8-erneuerung-zwischen-dillingen-mitte-und-autobahndreieck-saarlouis-halbseitige-freigabe-der-gesperrten-strecke-ab-freitagmorgen,candidate_url_filtered
A8,construction_notice,https://www.autobahn.de/a8-gelaenderarbeiten-an-der-landertalbruecke-zwischen-neunkirchen-oberstadt-und-wellesweiler,20240227132649,2024-02-27,20240227132649,1,https://web.archive.org/web/20240227132649/https://www.autobahn.de/a8-gelaenderarbeiten-an-der-landertalbruecke-zwischen-neunkirchen-oberstadt-und-wellesweiler,candidate_url_filtered
A8,construction_notice,https://www.autobahn.de/die-autobahn/verkehrsmeldungen/detail/a8-bau-einer-laermschutzwand-bei-zweibruecken,20240227132731,2024-02-27,20240227132731,1,https://web.archive.org/web/20240227132731/https://www.autobahn.de/die-autobahn/verkehrsmeldungen/detail/a8-bau-einer-laermschutzwand-bei-zweibruecken,candidate_url_filtered
A8,construction_notice,https://www.autobahn.de/a8-asphaltarbeiten-zwischen-autobahndreieck-saarlouis-und-dillingen-sued,20240227133050,2024-02-27,20240227133050,1,https://web.archive.org/web/20240227133050/https://www.autobahn.de/a8-asphaltarbeiten-zwischen-autobahndreieck-saarlouis-und-dillingen-sued,candidate_url_filtered
A8,construction_notice,https://www.autobahn.de/die-autobahn/verkehrsmeldungen/detail/a8-fahrbahnsanierung-in-der-anschlussstelle-neunkirchen-city,20240227135134,2024-02-27,20240227135134,1,https://web.archive.org/web/20240227135134/https://www.autobahn.de/die-autobahn/verkehrsmeldungen/detail/a8-fahrbahnsanierung-in-der-anschlussstelle-neunkirchen-city,candidate_url_filtered
A8,construction_notice,https://www.autobahn.de/a8-ersatzneubau-der-landertalbruecke-bei-neunkirchen-oberstadt-umbau-der-verkehrssicherung,20240227200811,2024-02-27,20240227200811,1,https://web.archive.org/web/20240227200811/https://www.autobahn.de/a8-ersatzneubau-der-landertalbruecke-bei-neunkirchen-oberstadt-umbau-der-verkehrssicherung,candidate_url_filtered
A8,construction_notice,https://www.autobahn.de/a8-ersatzneubau-der-landertalbruecke-bei-neunkirchen-oberstadt-weiterer-umbau-der-verkehrssicherung,20240227201004,2024-02-27,20240227201004,1,https://web.archive.org/web/20240227201004/https://www.autobahn.de/a8-ersatzneubau-der-landertalbruecke-bei-neunkirchen-oberstadt-weiterer-umbau-der-verkehrssicherung,candidate_url_filtered
A8,construction_notice,https://www.autobahn.de/update-a8-anhebung-der-autobahn-im-dreieck-saarlouis-und-ersatzneubau-der-saarbruecke,20240228025605,2024-02-28,20240228025605,1,https://web.archive.org/web/20240228025605/https://www.autobahn.de/update-a8-anhebung-der-autobahn-im-dreieck-saarlouis-und-ersatzneubau-der-saarbruecke,candidate_url_filtered
A8,construction_notice,https://www.autobahn.de/a8-pwc-anlage-adelzhausen,20240228033628,2024-02-28,20240228033628,1,https://web.archive.org/web/20240228033628/https://www.autobahn.de/a8-pwc-anlage-adelzhausen,candidate_url_filtered
A8,construction_notice,https://www.autobahn.de/reminder-sechsstreifiger-ausbau-der-a8-/-enztalquerung-/-vollsperrung-zwischen-den-anschlussstellen-pforzheim-sued-und-pforzheim-nord-beide-fahrtrichtungen-23-260623,20240228060254,2024-02-28,20240228060254,1,https://web.archive.org/web/20240228060254/https://www.autobahn.de/reminder-sechsstreifiger-ausbau-der-a8-/-enztalquerung-/-vollsperrung-zwischen-den-anschlussstellen-pforzheim-sued-und-pforzheim-nord-beide-fahrtrichtungen-23-260623,candidate_url_filtered
A8,construction_notice,https://www.autobahn.de/die-autobahn/verkehrsmeldungen/detail/update-a8-vollsperrung-bei-zweibruecken-ernstweiler-am-2-dezemberwochenende-entfaellt,20240228061814,2024-02-28,20240228061814,1,https://web.archive.org/web/20240228061814/https://www.autobahn.de/die-autobahn/verkehrsmeldungen/detail/update-a8-vollsperrung-bei-zweibruecken-ernstweiler-am-2-dezemberwochenende-entfaellt,candidate_url_filtered
A8,construction_notice,https://www.autobahn.de/a8-erneuerung-zwischen-dillingen-mitte-und-autobahndreieck-saarlouis,20240228062730,2024-02-28,20240228062730,1,https://web.archive.org/web/20240228062730/https://www.autobahn.de/a8-erneuerung-zwischen-dillingen-mitte-und-autobahndreieck-saarlouis,candidate_url_filtered
A8,construction_notice,https://www.autobahn.de/a8-instandsetzung-eines-gelaenders-bei-dillingen-sued,20240228065328,2024-02-28,20240228065328,1,https://web.archive.org/web/20240228065328/https://www.autobahn.de/a8-instandsetzung-eines-gelaenders-bei-dillingen-sued,candidate_url_filtered
A8,construction_notice,https://www.autobahn.de/die-autobahn/verkehrsmeldungen/detail/a8-erneuerung-der-fahrbahndecke-zwischen-den-anschlussstellen-pforzheim-west-und-karlsbad-bei-steinig-1,20240228085638,2024-02-28,20240228085638,1,https://web.archive.org/web/20240228085638/https://www.autobahn.de/die-autobahn/verkehrsmeldungen/detail/a8-erneuerung-der-fahrbahndecke-zwischen-den-anschlussstellen-pforzheim-west-und-karlsbad-bei-steinig-1,candidate_url_filtered
A8,construction_notice,https://www.autobahn.de/die-autobahn/verkehrsmeldungen/detail/a8-temporaere-verkehrseinschraenkung-zwischen-der-as-merchweiler-und-dem-ak-saarbruecken,20240228094608,2024-02-28,20240228094608,1,https://web.archive.org/web/20240228094608/https://www.autobahn.de/die-autobahn/verkehrsmeldungen/detail/a8-temporaere-verkehrseinschraenkung-zwischen-der-as-merchweiler-und-dem-ak-saarbruecken,candidate_url_filtered
A8,construction_notice,https://www.autobahn.de/die-autobahn/verkehrsmeldungen/detail/a8-aufstiegstrasse-ersatzneubau-der-bruecke-bei-muehlhausen-vollsperrung-b466-ueber-nacht,20240228145247,2024-02-28,20240228145247,1,https://web.archive.org/web/20240228145247/https://www.autobahn.de/die-autobahn/verkehrsmeldungen/detail/a8-aufstiegstrasse-ersatzneubau-der-bruecke-bei-muehlhausen-vollsperrung-b466-ueber-nacht,candidate_url_filtered
A8,construction_notice,https://www.autobahn.de/die-autobahn/verkehrsmeldungen/detail/a8-ersatzneubau-der-landertalbruecke-bei-neunkirchen-oberstadt-am-wochenende-erste-arbeiten-zur-einrichtung-der-verkehrssicherung-1,20240228160017,2024-02-28,20240228160017,1,https://web.archive.org/web/20240228160017/https://www.autobahn.de/die-autobahn/verkehrsmeldungen/detail/a8-ersatzneubau-der-landertalbruecke-bei-neunkirchen-oberstadt-am-wochenende-erste-arbeiten-zur-einrichtung-der-verkehrssicherung-1,candidate_url_filtered
A8,construction_notice,https://www.autobahn.de/die-autobahn/verkehrsmeldungen/detail/update-a8-parkplatz-kutzhof-halbseitige-sperrung-der-richtungsfahrbahn-luxemburg-1,20240228163014,2024-02-28,20240228163014,1,https://web.archive.org/web/20240228163014/https://www.autobahn.de/die-autobahn/verkehrsmeldungen/detail/update-a8-parkplatz-kutzhof-halbseitige-sperrung-der-richtungsfahrbahn-luxemburg-1,candidate_url_filtered
A8,construction_notice,https://www.autobahn.de/a8-instandsetzung-der-gelaender-auf-der-bruecke-bei-neunkirchen-kohlhof,20240228190814,2024-02-28,20240228190814,1,https://web.archive.org/web/20240228190814/https://www.autobahn.de/a8-instandsetzung-der-gelaender-auf-der-bruecke-bei-neunkirchen-kohlhof,candidate_url_filtered
A8,construction_notice,https://www.autobahn.de/a8-richtung-muenchen-/-baumassnahmen-zwischen-kirchheim-und-aichelberg-vor-der-fertigstellung,20240228203720,2024-02-28,20240228203720,1,https://web.archive.org/web/20240228203720/https://www.autobahn.de/a8-richtung-muenchen-/-baumassnahmen-zwischen-kirchheim-und-aichelberg-vor-der-fertigstellung,candidate_url_filtered
A8,construction_notice,https://www.autobahn.de/a8-hochmoderne-anlage-zur-temporaeren-seitenstreifenfreigabe-offiziell-fuer-den-verkehr-freigeben,20240228204231,2024-02-28,20240228204231,1,https://web.archive.org/web/20240228204231/https://www.autobahn.de/a8-hochmoderne-anlage-zur-temporaeren-seitenstreifenfreigabe-offiziell-fuer-den-verkehr-freigeben,candidate_url_filtered
A8,construction_notice,https://www.autobahn.de/die-autobahn/verkehrsmeldungen/detail/a8-erneuerung-der-fahrbahndecke-zwischen-den-anschlussstellen-pforzheim-west-und-karlsbad-bei-steinig,20240228212456,2024-02-28,20240228212456,1,https://web.archive.org/web/20240228212456/https://www.autobahn.de/die-autobahn/verkehrsmeldungen/detail/a8-erneuerung-der-fahrbahndecke-zwischen-den-anschlussstellen-pforzheim-west-und-karlsbad-bei-steinig,candidate_url_filtered
A8,construction_notice,https://www.autobahn.de/a8-mangfallbruecke,20240228231927,2024-02-28,20240228231927,1,https://web.archive.org/web/20240228231927/https://www.autobahn.de/a8-mangfallbruecke,candidate_url_filtered
A8,construction_notice,https://www.autobahn.de/die-autobahn/verkehrsmeldungen/detail/a8-parkplatz-kutzhof-wird-fuer-erhaltungsarbeiten-voll-gesperrt,20240228235608,2024-02-28,20240228235608,1,https://web.archive.org/web/20240228235608/https://www.autobahn.de/die-autobahn/verkehrsmeldungen/detail/a8-parkplatz-kutzhof-wird-fuer-erhaltungsarbeiten-voll-gesperrt,candidate_url_filtered
A8,construction_notice,https://www.autobahn.de/a8-aufstiegstrasse-ersatzneubau-der-bruecke-bei-muehlhausen-vollsperrung-b466-ueber-nacht,20240229042508,2024-02-29,20240229042508,1,https://web.archive.org/web/20240229042508/https://www.autobahn.de/a8-aufstiegstrasse-ersatzneubau-der-bruecke-bei-muehlhausen-vollsperrung-b466-ueber-nacht,candidate_url_filtered
A8,construction_notice,https://www.autobahn.de/die-autobahn/verkehrsmeldungen/detail/a1/a8-kurzzeitige-teilsperrung-im-autobahnkreuz-saarbruecken,20240229050201,2024-02-29,20240229050201,1,https://web.archive.org/web/20240229050201/https://www.autobahn.de/die-autobahn/verkehrsmeldungen/detail/a1/a8-kurzzeitige-teilsperrung-im-autobahnkreuz-saarbruecken,candidate_url_filtered
A8,construction_notice,https://www.autobahn.de/die-autobahn/verkehrsmeldungen/detail/a8-vollsperrung-bei-zweibruecken-ernstweiler-an-einem-wochenende,20240229053804,2024-02-29,20240229053804,1,https://web.archive.org/web/20240229053804/https://www.autobahn.de/die-autobahn/verkehrsmeldungen/detail/a8-vollsperrung-bei-zweibruecken-ernstweiler-an-einem-wochenende,candidate_url_filtered
A8,construction_notice,https://www.autobahn.de/die-autobahn/verkehrsmeldungen/detail/a8-aufstiegstrasse-ersatzneubau-der-bruecke-bei-muehlhausen-vollsperrung-b466-ueber-nacht-2503-auf-26032023,20240229054459,2024-02-29,20240229054459,1,https://web.archive.org/web/20240229054459/https://www.autobahn.de/die-autobahn/verkehrsmeldungen/detail/a8-aufstiegstrasse-ersatzneubau-der-bruecke-bei-muehlhausen-vollsperrung-b466-ueber-nacht-2503-auf-26032023,candidate_url_filtered
A8,construction_notice,https://www.autobahn.de/die-autobahn/verkehrsmeldungen/detail/sechsstreifiger-ausbau-der-a8-sperrungen-im-bereich-der-anschlussstelle-pforzheim-ost-/-in-fahrtrichtung-karlsruhe-von-montag-240723-bis-november-2023,20240229205201,2024-02-29,20240229205201,1,https://web.archive.org/web/20240229205201/https://www.autobahn.de/die-autobahn/verkehrsmeldungen/detail/sechsstreifiger-ausbau-der-a8-sperrungen-im-bereich-der-anschlussstelle-pforzheim-ost-/-in-fahrtrichtung-karlsruhe-von-montag-240723-bis-november-2023,candidate_url_filtered
A8,construction_notice,https://www.autobahn.de/a6-a8-behebung-akuter-fahrbahnschaeden-in-drei-anschlussstellen,20240229223201,2024-02-29,20240229223201,1,https://web.archive.org/web/20240229223201/https://www.autobahn.de/a6-a8-behebung-akuter-fahrbahnschaeden-in-drei-anschlussstellen,candidate_url_filtered
A8,construction_notice,https://www.autobahn.de/a8-bau-einer-laermschutzwand-bei-zweibruecken,20240301063907,2024-03-01,20240301063907,1,https://web.archive.org/web/20240301063907/https://www.autobahn.de/a8-bau-einer-laermschutzwand-bei-zweibruecken,candidate_url_filtered
A8,construction_notice,https://www.autobahn.de/ausbau-der-a8-/-enztalquerung-projektbegleitkreis-trifft-sich-zur-neunten-sitzung,20240301071425,2024-03-01,20240301071425,1,https://web.archive.org/web/20240301071425/https://www.autobahn.de/ausbau-der-a8-/-enztalquerung-projektbegleitkreis-trifft-sich-zur-neunten-sitzung,candidate_url_filtered
A8,construction_notice,https://www.autobahn.de/a8-mehr-lkw-stellplaetze-an-der-pwc-anlage-kaempfelbach-zwischen-den-anschlussstellen-pforzheim-nord-und-pforzheim-west,20240301081041,2024-03-01,20240301081041,1,https://web.archive.org/web/20240301081041/https://www.autobahn.de/a8-mehr-lkw-stellplaetze-an-der-pwc-anlage-kaempfelbach-zwischen-den-anschlussstellen-pforzheim-nord-und-pforzheim-west,candidate_url_filtered
A8,construction_notice,https://www.autobahn.de/die-autobahn/verkehrsmeldungen/detail/a8-und-l-114-baumfaellarbeiten-zwischen-neunkirchen-oberstadt-und-furpach,20240301085327,2024-03-01,20240301085327,1,https://web.archive.org/web/20240301085327/https://www.autobahn.de/die-autobahn/verkehrsmeldungen/detail/a8-und-l-114-baumfaellarbeiten-zwischen-neunkirchen-oberstadt-und-furpach,candidate_url_filtered
A8,construction_notice,https://www.autobahn.de/die-autobahn/verkehrsmeldungen/detail/a8-richtung-muenchen-/-baumassnahmen-zwischen-kirchheim-und-aichelberg-vor-der-fertigstellung,20240301112452,2024-03-01,20240301112452,1,https://web.archive.org/web/20240301112452/https://www.autobahn.de/die-autobahn/verkehrsmeldungen/detail/a8-richtung-muenchen-/-baumassnahmen-zwischen-kirchheim-und-aichelberg-vor-der-fertigstellung,candidate_url_filtered
A8,construction_notice,https://www.autobahn.de/die-autobahn/verkehrsmeldungen/detail/a8-eintaegige-instandsetzungsarbeiten-bei-limbach,20240301133015,2024-03-01,20240301133015,1,https://web.archive.org/web/20240301133015/https://www.autobahn.de/die-autobahn/verkehrsmeldungen/detail/a8-eintaegige-instandsetzungsarbeiten-bei-limbach,candidate_url_filtered
A8,construction_notice,https://www.autobahn.de/a8-instandsetzungsarbeiten-zwischen-den-as-saarwellingen-und-nalbach-fuehren-zu-temporaeren-verkehrseinschraenkungen,20240301140053,2024-03-01,20240301140053,1,https://web.archive.org/web/20240301140053/https://www.autobahn.de/a8-instandsetzungsarbeiten-zwischen-den-as-saarwellingen-und-nalbach-fuehren-zu-temporaeren-verkehrseinschraenkungen,candidate_url_filtered
A8,construction_notice,https://www.autobahn.de/a8-instandsetzung-zwischen-walshausen-und-contwig,20240301142656,2024-03-01,20240301142656,1,https://web.archive.org/web/20240301142656/https://www.autobahn.de/a8-instandsetzung-zwischen-walshausen-und-contwig,candidate_url_filtered
A8,construction_notice,https://www.autobahn.de/a8-erneuerung-der-fahrbahn-zwischen-merchweiler-und-autobahnkreuz-saarbruecken,20240301144056,2024-03-01,20240301144056,1,https://web.archive.org/web/20240301144056/https://www.autobahn.de/a8-erneuerung-der-fahrbahn-zwischen-merchweiler-und-autobahnkreuz-saarbruecken,candidate_url_filtered
A8,construction_notice,https://www.autobahn.de/die-autobahn/verkehrsmeldungen/detail/sechsstreifiger-ausbau-der-a8-/-enztalquerung-umleitung-des-enztalradwegs-ueber-die-kreisstrassenbruecke-k9808-zwischen-niefern-oeschelbronn-und-eutingen-ab-280423,20240302025741,2024-03-02,20240302025741,1,https://web.archive.org/web/20240302025741/https://www.autobahn.de/die-autobahn/verkehrsmeldungen/detail/sechsstreifiger-ausbau-der-a8-/-enztalquerung-umleitung-des-enztalradwegs-ueber-die-kreisstrassenbruecke-k9808-zwischen-niefern-oeschelbronn-und-eutingen-ab-280423,candidate_url_filtered
A8,construction_notice,https://www.autobahn.de/die-autobahn/verkehrsmeldungen/detail/a8-sanierung-der-anschlussstelle-dillingen-sued,20240302034759,2024-03-02,20240302034759,1,https://web.archive.org/web/20240302034759/https://www.autobahn.de/die-autobahn/verkehrsmeldungen/detail/a8-sanierung-der-anschlussstelle-dillingen-sued,candidate_url_filtered
A8,construction_notice,https://www.autobahn.de/a8-sanierungsarbeiten-bei-kirchheim/teck-fahrtrichtung-muenchen-30-bis-310124,20240302040227,2024-03-02,20240302040227,1,https://web.archive.org/web/20240302040227/https://www.autobahn.de/a8-sanierungsarbeiten-bei-kirchheim/teck-fahrtrichtung-muenchen-30-bis-310124,candidate_url_filtered
A8,construction_notice,https://www.autobahn.de/die-autobahn/verkehrsmeldungen/detail/update-a8-anhebung-der-a-8-im-autobahndreieck-saarlouis-und-ersatzneubau-der-saarbruecke,20240302092804,2024-03-02,20240302092804,1,https://web.archive.org/web/20240302092804/https://www.autobahn.de/die-autobahn/verkehrsmeldungen/detail/update-a8-anhebung-der-a-8-im-autobahndreieck-saarlouis-und-ersatzneubau-der-saarbruecke,candidate_url_filtered
A8,construction_notice,https://www.autobahn.de/die-autobahn/verkehrsmeldungen/detail/a8-instandsetzung-zwischen-walshausen-und-contwig-kopie-1,20240302112013,2024-03-02,20240302112013,1,https://web.archive.org/web/20240302112013/https://www.autobahn.de/die-autobahn/verkehrsmeldungen/detail/a8-instandsetzung-zwischen-walshausen-und-contwig-kopie-1,candidate_url_filtered
A8,construction_notice,https://www.autobahn.de/a8-temporaere-verkehrseinschraenkung-zwischen-der-as-merchweiler-und-dem-ak-saarbruecken,20240302123821,2024-03-02,20240302123821,1,https://web.archive.org/web/20240302123821/https://www.autobahn.de/a8-temporaere-verkehrseinschraenkung-zwischen-der-as-merchweiler-und-dem-ak-saarbruecken,candidate_url_filtered
A8,construction_notice,https://www.autobahn.de/die-autobahn/verkehrsmeldungen/detail/a8-/-as-kirchheim-west-bis-as-wendlingen-neue-fahrbahndecke-bis-zum-winter,20240302125025,2024-03-02,20240302125025,1,https://web.archive.org/web/20240302125025/https://www.autobahn.de/die-autobahn/verkehrsmeldungen/detail/a8-/-as-kirchheim-west-bis-as-wendlingen-neue-fahrbahndecke-bis-zum-winter,candidate_url_filtered
A8,construction_notice,https://www.autobahn.de/a8-erneuerung-der-fahrbahndecke-zwischen-den-anschlussstellen-karlsbad-und-pforzheim-west-bei-steinig,20240302125206,2024-03-02,20240302125206,1,https://web.archive.org/web/20240302125206/https://www.autobahn.de/a8-erneuerung-der-fahrbahndecke-zwischen-den-anschlussstellen-karlsbad-und-pforzheim-west-bei-steinig,candidate_url_filtered
A8,construction_notice,https://www.autobahn.de/die-autobahn/verkehrsmeldungen/detail/a8-neue-bauphase-bei-der-erneuerung-der-hornbachbruecke,20240302125437,2024-03-02,20240302125437,1,https://web.archive.org/web/20240302125437/https://www.autobahn.de/die-autobahn/verkehrsmeldungen/detail/a8-neue-bauphase-bei-der-erneuerung-der-hornbachbruecke,candidate_url_filtered
A8,construction_notice,https://www.autobahn.de/a8-parkplatz-kutzhof-wird-fuer-erhaltungsarbeiten-voll-gesperrt,20240302132510,2024-03-02,20240302132510,1,https://web.archive.org/web/20240302132510/https://www.autobahn.de/a8-parkplatz-kutzhof-wird-fuer-erhaltungsarbeiten-voll-gesperrt,candidate_url_filtered
A8,construction_notice,https://www.autobahn.de/die-autobahn/verkehrsmeldungen/detail/update-a8-ersatzneubau-der-saarbruecke-im-autobahndreieck-saarlouis-am-wochenende-vollsperrung,20240302185421,2024-03-02,20240302185421,1,https://web.archive.org/web/20240302185421/https://www.autobahn.de/die-autobahn/verkehrsmeldungen/detail/update-a8-ersatzneubau-der-saarbruecke-im-autobahndreieck-saarlouis-am-wochenende-vollsperrung,candidate_url_filtered
A8,construction_notice,https://www.autobahn.de/fertigstellung-der-arbeiten-a8-erneuerung-der-fahrbahndecke-zwischen-den-anschlussstellen-karlsbad-und-pforzheim-west-bei-steinig,20240302193045,2024-03-02,20240302193045,1,https://web.archive.org/web/20240302193045/https://www.autobahn.de/fertigstellung-der-arbeiten-a8-erneuerung-der-fahrbahndecke-zwischen-den-anschlussstellen-karlsbad-und-pforzheim-west-bei-steinig,candidate_url_filtered
A8,construction_notice,https://www.autobahn.de/die-autobahn/verkehrsmeldungen/detail/a8-/-brueckeninstandsetzung-schoenbuchstrasse-l1192-/-stuttgart-rohr,20240302193600,2024-03-02,20240302193600,1,https://web.archive.org/web/20240302193600/https://www.autobahn.de/die-autobahn/verkehrsmeldungen/detail/a8-/-brueckeninstandsetzung-schoenbuchstrasse-l1192-/-stuttgart-rohr,candidate_url_filtered
A8,construction_notice,https://www.autobahn.de/a8-/-enztalquerung-naechtliche-sperrung-des-enztalradwegs-im-bereich-der-b10-bruecke,20240302202646,2024-03-02,20240302202646,1,https://web.archive.org/web/20240302202646/https://www.autobahn.de/a8-/-enztalquerung-naechtliche-sperrung-des-enztalradwegs-im-bereich-der-b10-bruecke,candidate_url_filtered
A8,construction_notice,https://www.autobahn.de/die-autobahn/verkehrsmeldungen/detail/a8-zwischen-ulm-west-und-muehlhausen-albabstieg-dringende-erhaltungsmassnahmen-erfordern-eine-voll-und-zwei-teilsperrungen-in-diesem-sommer,20240302205938,2024-03-02,20240302205938,1,https://web.archive.org/web/20240302205938/https://www.autobahn.de/die-autobahn/verkehrsmeldungen/detail/a8-zwischen-ulm-west-und-muehlhausen-albabstieg-dringende-erhaltungsmassnahmen-erfordern-eine-voll-und-zwei-teilsperrungen-in-diesem-sommer,candidate_url_filtered
A8,construction_notice,https://www.autobahn.de/die-autobahn/verkehrsmeldungen/detail/a8-fahrbahninstandsetzung-zwischen-saarbruecken-und-merchweiler-beginnt-ende-august,20240302210055,2024-03-02,20240302210055,1,https://web.archive.org/web/20240302210055/https://www.autobahn.de/die-autobahn/verkehrsmeldungen/detail/a8-fahrbahninstandsetzung-zwischen-saarbruecken-und-merchweiler-beginnt-ende-august,candidate_url_filtered
A8,construction_notice,https://www.autobahn.de/suedwest/verkehrsmeldungen/detail/sechsstreifiger-ausbau-der-a8-/-enztalquerung-vollsperrung-zwischen-den-anschlussstellen-pforzheim-sued-und-pforzheim-nord-beide-fahrtrichtungen-01-041223-1,20240303100933,2024-03-03,20240303100933,1,https://web.archive.org/web/20240303100933/https://www.autobahn.de/suedwest/verkehrsmeldungen/detail/sechsstreifiger-ausbau-der-a8-/-enztalquerung-vollsperrung-zwischen-den-anschlussstellen-pforzheim-sued-und-pforzheim-nord-beide-fahrtrichtungen-01-041223-1,candidate_url_filtered
A8,construction_notice,https://www.autobahn.de/die-autobahn/verkehrsmeldungen/detail/a8-asphaltarbeiten-zwischen-autobahndreieck-saarlouis-und-dillingen-sued,20240304013905,2024-03-04,20240304013905,1,https://web.archive.org/web/20240304013905/https://www.autobahn.de/die-autobahn/verkehrsmeldungen/detail/a8-asphaltarbeiten-zwischen-autobahndreieck-saarlouis-und-dillingen-sued,candidate_url_filtered
A8,construction_notice,https://www.autobahn.de/a8-instandsetzung-des-gelaenders-auf-der-bruecke-ueber-die-l-285,20240304051134,2024-03-04,20240304051134,1,https://web.archive.org/web/20240304051134/https://www.autobahn.de/a8-instandsetzung-des-gelaenders-auf-der-bruecke-ueber-die-l-285,candidate_url_filtered
A8,construction_notice,https://www.autobahn.de/die-autobahn/verkehrsmeldungen/detail/update-a8-ersatzneubau-der-landertalbruecke-nachts-einstreifige-verkehrsfuehrung,20240304060456,2024-03-04,20240304060456,1,https://web.archive.org/web/20240304060456/https://www.autobahn.de/die-autobahn/verkehrsmeldungen/detail/update-a8-ersatzneubau-der-landertalbruecke-nachts-einstreifige-verkehrsfuehrung,candidate_url_filtered
A8,construction_notice,https://www.autobahn.de/die-autobahn/verkehrsmeldungen/detail/a8-erneuerung-zwischen-dillingen-mitte-und-autobahndreieck-saarlouis-halbseitige-freigabe-der-gesperrten-strecke-ab-freitagmorgen,20240304061130,2024-03-04,20240304061130,1,https://web.archive.org/web/20240304061130/https://www.autobahn.de/die-autobahn/verkehrsmeldungen/detail/a8-erneuerung-zwischen-dillingen-mitte-und-autobahndreieck-saarlouis-halbseitige-freigabe-der-gesperrten-strecke-ab-freitagmorgen,candidate_url_filtered
A8,construction_notice,https://www.autobahn.de/die-autobahn/verkehrsmeldungen/detail/sechsstreifiger-ausbau-der-a8-/-enztalquerung-abfahrt-der-anschlussstelle-pforzheim-ost-in-fahrtrichtung-karlsruhe-wird-geoeffnet,20240304061707,2024-03-04,20240304061707,1,https://web.archive.org/web/20240304061707/https://www.autobahn.de/die-autobahn/verkehrsmeldungen/detail/sechsstreifiger-ausbau-der-a8-/-enztalquerung-abfahrt-der-anschlussstelle-pforzheim-ost-in-fahrtrichtung-karlsruhe-wird-geoeffnet,candidate_url_filtered
A8,construction_notice,https://www.autobahn.de/update-a8-ersatzneubau-der-saarbruecke-im-autobahndreieck-saarlouis-schutzplankenarbeiten,20240304073927,2024-03-04,20240304073927,1,https://web.archive.org/web/20240304073927/https://www.autobahn.de/update-a8-ersatzneubau-der-saarbruecke-im-autobahndreieck-saarlouis-schutzplankenarbeiten,candidate_url_filtered
A8,construction_notice,https://www.autobahn.de/die-autobahn/verkehrsmeldungen/detail/update-a8-anhebung-der-autobahn-im-dreieck-saarlouis-und-ersatzneubau-der-saarbruecke,20240304080646,2024-03-04,20240304080646,1,https://web.archive.org/web/20240304080646/https://www.autobahn.de/die-autobahn/verkehrsmeldungen/detail/update-a8-anhebung-der-autobahn-im-dreieck-saarlouis-und-ersatzneubau-der-saarbruecke,candidate_url_filtered
A8,construction_notice,https://www.autobahn.de/sechsstreifiger-ausbau-der-a8-/-enztalquerung-sperrungen-im-bereich-der-anschlussstelle-pforzheim-ost,20240304085845,2024-03-04,20240304085845,1,https://web.archive.org/web/20240304085845/https://www.autobahn.de/sechsstreifiger-ausbau-der-a8-/-enztalquerung-sperrungen-im-bereich-der-anschlussstelle-pforzheim-ost,candidate_url_filtered
A8,construction_notice,https://www.autobahn.de/update-a8-fahrbahnerneuerung-zwischen-den-as-pirmasens-winzeln-und-walshausen-fuehrt-zu-temporaeren-verkehrseinschraenkungen,20240304091749,2024-03-04,20240304091749,1,https://web.archive.org/web/20240304091749/https://www.autobahn.de/update-a8-fahrbahnerneuerung-zwischen-den-as-pirmasens-winzeln-und-walshausen-fuehrt-zu-temporaeren-verkehrseinschraenkungen,candidate_url_filtered
A8,construction_notice,https://www.autobahn.de/die-autobahn/verkehrsmeldungen/detail/sechsstreifiger-ausbau-der-a8-/-enztalquerung-sperrungen-im-bereich-der-anschlussstelle-pforzheim-ost,20240304093216,2024-03-04,20240304093216,1,https://web.archive.org/web/20240304093216/https://www.autobahn.de/die-autobahn/verkehrsmeldungen/detail/sechsstreifiger-ausbau-der-a8-/-enztalquerung-sperrungen-im-bereich-der-anschlussstelle-pforzheim-ost,candidate_url_filtered
A8,construction_notice,https://www.autobahn.de/die-autobahn/verkehrsmeldungen/detail/a8-pwc-anlage-adelzhausen,20240304105727,2024-03-04,20240304105727,1,https://web.archive.org/web/20240304105727/https://www.autobahn.de/die-autobahn/verkehrsmeldungen/detail/a8-pwc-anlage-adelzhausen,candidate_url_filtered
A8,construction_notice,https://www.autobahn.de/update-a8-erhaltungsarbeiten-zwischen-merchweiler-und-autobahnkreuz-saarbruecken,20240304120031,2024-03-04,20240304120031,1,https://web.archive.org/web/20240304120031/https://www.autobahn.de/update-a8-erhaltungsarbeiten-zwischen-merchweiler-und-autobahnkreuz-saarbruecken,candidate_url_filtered
A8,construction_notice,https://www.autobahn.de/ausbesserung-von-asphaltschaeden-a8-bei-karlsbad-sperrung-des-rechten-fahrstreifens-in-fahrtrichtung-karlsruhe,20240304124455,2024-03-04,20240304124455,1,https://web.archive.org/web/20240304124455/https://www.autobahn.de/ausbesserung-von-asphaltschaeden-a8-bei-karlsbad-sperrung-des-rechten-fahrstreifens-in-fahrtrichtung-karlsruhe,candidate_url_filtered
A8,construction_notice,https://www.autobahn.de/die-autobahn/verkehrsmeldungen/detail/a8-instandsetzung-in-hoehe-wellingen,20240304160258,2024-03-04,20240304160258,1,https://web.archive.org/web/20240304160258/https://www.autobahn.de/die-autobahn/verkehrsmeldungen/detail/a8-instandsetzung-in-hoehe-wellingen,candidate_url_filtered
A8,construction_notice,https://www.autobahn.de/die-autobahn/verkehrsmeldungen/detail/a8-aufstiegstrasse-ersatzneubau-der-bruecke-bei-muehlhausen-naechtliche-vollsperrung-b466-von-samstag-auf-sonntag,20240304161728,2024-03-04,20240304161728,1,https://web.archive.org/web/20240304161728/https://www.autobahn.de/die-autobahn/verkehrsmeldungen/detail/a8-aufstiegstrasse-ersatzneubau-der-bruecke-bei-muehlhausen-naechtliche-vollsperrung-b466-von-samstag-auf-sonntag,candidate_url_filtered
A8,construction_notice,https://www.autobahn.de/a8-bruecke-oestlich-der-as-frasdorf,20240304184428,2024-03-04,20240304184428,1,https://web.archive.org/web/20240304184428/https://www.autobahn.de/a8-bruecke-oestlich-der-as-frasdorf,candidate_url_filtered
A8,construction_notice,https://www.autobahn.de/a8-instandsetzung-zwischen-elversberg-und-heinitz,20240304185011,2024-03-04,20240304185011,1,https://web.archive.org/web/20240304185011/https://www.autobahn.de/a8-instandsetzung-zwischen-elversberg-und-heinitz,candidate_url_filtered
A8,construction_notice,https://www.autobahn.de/a8-/-as-kirchheim-ost-bis-as-aichelberg-fahrtrichtung-muenchen-neuer-asphalt-auf-der-autobahn-und-ausbau-der-as-aichelberg,20240304191943,2024-03-04,20240304191943,1,https://web.archive.org/web/20240304191943/https://www.autobahn.de/a8-/-as-kirchheim-ost-bis-as-aichelberg-fahrtrichtung-muenchen-neuer-asphalt-auf-der-autobahn-und-ausbau-der-as-aichelberg,candidate_url_filtered
A8,construction_notice,https://www.autobahn.de/a8-erneuerung-der-fahrbahndecke-zwischen-den-anschlussstellen-pforzheim-west-und-karlsbad-bei-steinig,20240304204147,2024-03-04,20240304204147,1,https://web.archive.org/web/20240304204147/https://www.autobahn.de/a8-erneuerung-der-fahrbahndecke-zwischen-den-anschlussstellen-pforzheim-west-und-karlsbad-bei-steinig,candidate_url_filtered
A8,construction_notice,https://www.autobahn.de/die-autobahn/verkehrsmeldungen/detail/sechsstreifiger-ausbau-der-a8-/-enztalquerung-freigabe-der-kreisstrassenbruecke-k9808-ueber-die-a8-zwischen-niefern-oeschelbronn-und-eutingen-zum-180423,20240304215857,2024-03-04,20240304215857,1,https://web.archive.org/web/20240304215857/https://www.autobahn.de/die-autobahn/verkehrsmeldungen/detail/sechsstreifiger-ausbau-der-a8-/-enztalquerung-freigabe-der-kreisstrassenbruecke-k9808-ueber-die-a8-zwischen-niefern-oeschelbronn-und-eutingen-zum-180423,candidate_url_filtered
A8,construction_notice,https://www.autobahn.de/die-autobahn/verkehrsmeldungen/detail/a8-/-erweiterung-knotenpunkt-as-s-moehringen/nord-sued-strasse-baustart-an-der-anschlussstelle-moehringen-nach-den-osterferien,20240304223638,2024-03-04,20240304223638,1,https://web.archive.org/web/20240304223638/https://www.autobahn.de/die-autobahn/verkehrsmeldungen/detail/a8-/-erweiterung-knotenpunkt-as-s-moehringen/nord-sued-strasse-baustart-an-der-anschlussstelle-moehringen-nach-den-osterferien,candidate_url_filtered
A8,construction_notice,https://www.autobahn.de/a8-erneuerung-zwischen-saarlouis-steinrausch-und-dillingen-sued-sperrung-wird-eine-woche-frueher-aufgehoben,20240305005621,2024-03-05,20240305005621,1,https://web.archive.org/web/20240305005621/https://www.autobahn.de/a8-erneuerung-zwischen-saarlouis-steinrausch-und-dillingen-sued-sperrung-wird-eine-woche-frueher-aufgehoben,candidate_url_filtered
A8,construction_notice,https://www.autobahn.de/die-autobahn/verkehrsmeldungen/detail/a8-erneuerung-zwischen-saarlouis-steinrausch-und-autobahndreieck-saarlouis,20240305011712,2024-03-05,20240305011712,1,https://web.archive.org/web/20240305011712/https://www.autobahn.de/die-autobahn/verkehrsmeldungen/detail/a8-erneuerung-zwischen-saarlouis-steinrausch-und-autobahndreieck-saarlouis,candidate_url_filtered
A8,construction_notice,https://www.autobahn.de/a8-/-erweiterung-knotenpunkt-as-s-moehringen/nord-sued-strasse-baustart-an-der-anschlussstelle-moehringen-nach-den-osterferien,20240305012708,2024-03-05,20240305012708,1,https://web.archive.org/web/20240305012708/https://www.autobahn.de/a8-/-erweiterung-knotenpunkt-as-s-moehringen/nord-sued-strasse-baustart-an-der-anschlussstelle-moehringen-nach-den-osterferien,candidate_url_filtered
A8,construction_notice,https://www.autobahn.de/die-autobahn/verkehrsmeldungen/detail/update-a8-erhaltungsarbeiten-zwischen-merchweiler-und-autobahnkreuz-saarbruecken,20240305020330,2024-03-05,20240305020330,1,https://web.archive.org/web/20240305020330/https://www.autobahn.de/die-autobahn/verkehrsmeldungen/detail/update-a8-erhaltungsarbeiten-zwischen-merchweiler-und-autobahnkreuz-saarbruecken,candidate_url_filtered
A8,construction_notice,https://www.autobahn.de/die-autobahn/verkehrsmeldungen/detail/a8-instandsetzungsarbeiten-im-tunnel-pellinger-berg-1,20240305021524,2024-03-05,20240305021524,1,https://web.archive.org/web/20240305021524/https://www.autobahn.de/die-autobahn/verkehrsmeldungen/detail/a8-instandsetzungsarbeiten-im-tunnel-pellinger-berg-1,candidate_url_filtered
A8,construction_notice,https://www.autobahn.de/die-autobahn/verkehrsmeldungen/detail/a8-erneuerung-zwischen-saarlouis-steinrausch-und-dillingen-sued-sperrung-wird-eine-woche-frueher-aufgehoben,20240305063130,2024-03-05,20240305063130,1,https://web.archive.org/web/20240305063130/https://www.autobahn.de/die-autobahn/verkehrsmeldungen/detail/a8-erneuerung-zwischen-saarlouis-steinrausch-und-dillingen-sued-sperrung-wird-eine-woche-frueher-aufgehoben,candidate_url_filtered
A8,construction_notice,https://www.autobahn.de/die-autobahn/verkehrsmeldungen/detail/ausbesserung-von-asphaltschaeden-a8-bei-karlsbad-sperrung-des-rechten-fahrstreifens-in-fahrtrichtung-karlsruhe,20240305071002,2024-03-05,20240305071002,1,https://web.archive.org/web/20240305071002/https://www.autobahn.de/die-autobahn/verkehrsmeldungen/detail/ausbesserung-von-asphaltschaeden-a8-bei-karlsbad-sperrung-des-rechten-fahrstreifens-in-fahrtrichtung-karlsruhe,candidate_url_filtered
A8,construction_notice,https://www.autobahn.de/a8-grundhafte-erneuerung-zwischen-neunkirchen-oberstadt-und-autobahnkreuz-neunkirchen-beginnt,20240305072822,2024-03-05,20240305072822,1,https://web.archive.org/web/20240305072822/https://www.autobahn.de/a8-grundhafte-erneuerung-zwischen-neunkirchen-oberstadt-und-autobahnkreuz-neunkirchen-beginnt,candidate_url_filtered
A8,construction_notice,https://www.autobahn.de/a8-aufstiegstrasse-ersatzneubau-der-bruecke-ueber-die-b-466-bei-muehlhausen-einbau-der-bruecken-traegerkonstruktion,20240305081934,2024-03-05,20240305081934,1,https://web.archive.org/web/20240305081934/https://www.autobahn.de/a8-aufstiegstrasse-ersatzneubau-der-bruecke-ueber-die-b-466-bei-muehlhausen-einbau-der-bruecken-traegerkonstruktion,candidate_url_filtered
A8,construction_notice,https://www.autobahn.de/schulterschluss-fuer-den-neuen-a8-albaufstieg,20240305082053,2024-03-05,20240305082053,1,https://web.archive.org/web/20240305082053/https://www.autobahn.de/schulterschluss-fuer-den-neuen-a8-albaufstieg,candidate_url_filtered
A8,construction_notice,https://www.autobahn.de/die-autobahn/verkehrsmeldungen/detail/update-a8-erhaltungsarbeiten-zwischen-merchweiler-und-autobahnkreuz-saarbruecken-1,20240305132349,2024-03-05,20240305132349,1,https://web.archive.org/web/20240305132349/https://www.autobahn.de/die-autobahn/verkehrsmeldungen/detail/update-a8-erhaltungsarbeiten-zwischen-merchweiler-und-autobahnkreuz-saarbruecken-1,candidate_url_filtered
A8,construction_notice,https://www.autobahn.de/sechsstreifiger-ausbau-der-a8-/-enztalquerung-abfahrt-der-anschlussstelle-pforzheim-ost-in-fahrtrichtung-karlsruhe-wird-geoeffnet,20240305135349,2024-03-05,20240305135349,1,https://web.archive.org/web/20240305135349/https://www.autobahn.de/sechsstreifiger-ausbau-der-a8-/-enztalquerung-abfahrt-der-anschlussstelle-pforzheim-ost-in-fahrtrichtung-karlsruhe-wird-geoeffnet,candidate_url_filtered
A8,construction_notice,https://www.autobahn.de/die-autobahn/verkehrsmeldungen/detail/a8-sperrung-der-pwc-anlage-kaempfelbach-zwischen-den-anschlussstellen-pforzheim-nord-und-pforzheim-west,20240305145518,2024-03-05,20240305145518,1,https://web.archive.org/web/20240305145518/https://www.autobahn.de/die-autobahn/verkehrsmeldungen/detail/a8-sperrung-der-pwc-anlage-kaempfelbach-zwischen-den-anschlussstellen-pforzheim-nord-und-pforzheim-west,candidate_url_filtered
A8,construction_notice,https://www.autobahn.de/die-autobahn/verkehrsmeldungen/detail/ausbesserung-von-asphaltschaeden-a8-anschlussstelle-karlsbad-naechtliche-sperrungen-der-auffahrt-in-fahrtrichtung-karlsruhe,20240412235208,2024-04-12,20240412235208,1,https://web.archive.org/web/20240412235208/https://www.autobahn.de/die-autobahn/verkehrsmeldungen/detail/ausbesserung-von-asphaltschaeden-a8-anschlussstelle-karlsbad-naechtliche-sperrungen-der-auffahrt-in-fahrtrichtung-karlsruhe,candidate_url_filtered
A8,construction_notice,https://www.autobahn.de/a8-fahrtrichtung-muenchen-brueckenarbeiten-im-bereich-der-anschlussstelle-muehlhausen,20240413000411,2024-04-13,20240413000411,1,https://web.archive.org/web/20240413000411/https://www.autobahn.de/a8-fahrtrichtung-muenchen-brueckenarbeiten-im-bereich-der-anschlussstelle-muehlhausen,candidate_url_filtered
A8,construction_notice,https://www.autobahn.de/die-autobahn/verkehrsmeldungen/detail/a8-tank-und-rastanlage-denkendorf-fertigstellung-der-laermschutzwand,20240413003337,2024-04-13,20240413003337,1,https://web.archive.org/web/20240413003337/https://www.autobahn.de/die-autobahn/verkehrsmeldungen/detail/a8-tank-und-rastanlage-denkendorf-fertigstellung-der-laermschutzwand,candidate_url_filtered
A8,construction_notice,https://www.autobahn.de/die-autobahn/verkehrsmeldungen/detail/update-a8-grundhafte-erneuerung-der-a8-zwischen-neunkirchen-oberstadt-und-dem-autobahnkreuz-neunkirchen-temporaere-verkehrseinschraenkungen,20240413003417,2024-04-13,20240413003417,1,https://web.archive.org/web/20240413003417/https://www.autobahn.de/die-autobahn/verkehrsmeldungen/detail/update-a8-grundhafte-erneuerung-der-a8-zwischen-neunkirchen-oberstadt-und-dem-autobahnkreuz-neunkirchen-temporaere-verkehrseinschraenkungen,candidate_url_filtered
A8,construction_notice,https://www.autobahn.de/a8-grundhafte-erneuerung-zwischen-oberstadt-und-autobahnkreuz-neunkirchen-ersatzneubau-der-kasbruchtalbruecke,20240413013613,2024-04-13,20240413013613,1,https://web.archive.org/web/20240413013613/https://www.autobahn.de/a8-grundhafte-erneuerung-zwischen-oberstadt-und-autobahnkreuz-neunkirchen-ersatzneubau-der-kasbruchtalbruecke,candidate_url_filtered
A8,construction_notice,https://www.autobahn.de/die-autobahn/verkehrsmeldungen/detail/a8-grundhafte-erneuerung-zwischen-oberstadt-und-autobahnkreuz-neunkirchen-ersatzneubau-der-kasbruchtalbruecke,20240413015209,2024-04-13,20240413015209,1,https://web.archive.org/web/20240413015209/https://www.autobahn.de/die-autobahn/verkehrsmeldungen/detail/a8-grundhafte-erneuerung-zwischen-oberstadt-und-autobahnkreuz-neunkirchen-ersatzneubau-der-kasbruchtalbruecke,candidate_url_filtered
A8,construction_notice,https://www.autobahn.de/west/verkehrsmeldungen/detail/a8-erneuerung-zwischen-dillingen-mitte-und-autobahndreieck-saarlouis,20240415030937,2024-04-15,20240415030937,1,https://web.archive.org/web/20240415030937/https://www.autobahn.de/west/verkehrsmeldungen/detail/a8-erneuerung-zwischen-dillingen-mitte-und-autobahndreieck-saarlouis,candidate_url_filtered
A8,construction_notice,https://www.autobahn.de/die-autobahn/verkehrsmeldungen/detail/sechsstreifiger-ausbau-der-a8-/-enztalquerung-abfahrt-der-anschlussstelle-pforzheim-ost-in-fahrtrichtung-karlsruhe-ab-april-gesperrt,20240417205612,2024-04-17,20240417205612,1,https://web.archive.org/web/20240417205612/https://www.autobahn.de/die-autobahn/verkehrsmeldungen/detail/sechsstreifiger-ausbau-der-a8-/-enztalquerung-abfahrt-der-anschlussstelle-pforzheim-ost-in-fahrtrichtung-karlsruhe-ab-april-gesperrt,candidate_url_filtered
A8,construction_notice,https://www.autobahn.de/die-autobahn/verkehrsmeldungen/detail/a8-fahrbahnerneuerung-im-bereich-flughafen/messe,20240417205819,2024-04-17,20240417205819,1,https://web.archive.org/web/20240417205819/https://www.autobahn.de/die-autobahn/verkehrsmeldungen/detail/a8-fahrbahnerneuerung-im-bereich-flughafen/messe,candidate_url_filtered
A8,construction_notice,https://www.autobahn.de/die-autobahn/verkehrsmeldungen/detail/a8-instandsetzungsarbeiten-bei-quierschied,20240417221317,2024-04-17,20240417221317,1,https://web.archive.org/web/20240417221317/https://www.autobahn.de/die-autobahn/verkehrsmeldungen/detail/a8-instandsetzungsarbeiten-bei-quierschied,candidate_url_filtered
A8,construction_notice,https://www.autobahn.de/a8-fahrbahnerneuerung-im-bereich-flughafen/messe,20240417224412,2024-04-17,20240417224412,1,https://web.archive.org/web/20240417224412/https://www.autobahn.de/a8-fahrbahnerneuerung-im-bereich-flughafen/messe,candidate_url_filtered
A8,project_update,https://www.autobahn.de/die-autobahn/aktuelles/detail/meilenstein-erreicht-staatssekretaer-luksic-besucht-a8-grossbaustelle-bei-neunkirchen,20240417225139,2024-04-17,20240417225139,1,https://web.archive.org/web/20240417225139/https://www.autobahn.de/die-autobahn/aktuelles/detail/meilenstein-erreicht-staatssekretaer-luksic-besucht-a8-grossbaustelle-bei-neunkirchen,candidate_url_filtered
A8,construction_notice,https://www.autobahn.de/update-a8-grundhafte-erneuerung-der-a8-zwischen-neunkirchen-oberstadt-und-dem-autobahnkreuz-neunkirchen-temporaere-verkehrseinschraenkungen,20240422091451,2024-04-22,20240422091451,1,https://web.archive.org/web/20240422091451/https://www.autobahn.de/update-a8-grundhafte-erneuerung-der-a8-zwischen-neunkirchen-oberstadt-und-dem-autobahnkreuz-neunkirchen-temporaere-verkehrseinschraenkungen,candidate_url_filtered
A8,construction_notice,https://www.autobahn.de/die-autobahn/verkehrsmeldungen/detail/a8-fahrtrichtung-muenchen-brueckenarbeiten-im-bereich-der-anschlussstelle-muehlhausen,20240422102256,2024-04-22,20240422102256,1,https://web.archive.org/web/20240422102256/https://www.autobahn.de/die-autobahn/verkehrsmeldungen/detail/a8-fahrtrichtung-muenchen-brueckenarbeiten-im-bereich-der-anschlussstelle-muehlhausen,candidate_url_filtered
A8,construction_notice,https://www.autobahn.de/sechsstreifiger-ausbau-der-a8-/-enztalquerung-abfahrt-der-anschlussstelle-pforzheim-ost-in-fahrtrichtung-karlsruhe-ab-april-gesperrt,20240422155310,2024-04-22,20240422155310,1,https://web.archive.org/web/20240422155310/https://www.autobahn.de/sechsstreifiger-ausbau-der-a8-/-enztalquerung-abfahrt-der-anschlussstelle-pforzheim-ost-in-fahrtrichtung-karlsruhe-ab-april-gesperrt,candidate_url_filtered
A8,construction_notice,https://www.autobahn.de/a8-instandsetzungsarbeiten-bei-quierschied,20240422161125,2024-04-22,20240422161125,1,https://web.archive.org/web/20240422161125/https://www.autobahn.de/a8-instandsetzungsarbeiten-bei-quierschied,candidate_url_filtered
A8,construction_notice,https://www.autobahn.de/a8-/-as-messe-bis-as-neuhausen-fahrtrichtung-muenchen-fahrbahnerneuerung-im-bereich-flughafen/messe,20240422161734,2024-04-22,20240422161734,1,https://web.archive.org/web/20240422161734/https://www.autobahn.de/a8-/-as-messe-bis-as-neuhausen-fahrtrichtung-muenchen-fahrbahnerneuerung-im-bereich-flughafen/messe,candidate_url_filtered
A8,construction_notice,https://www.autobahn.de/a8-tank-und-rastanlage-denkendorf-fertigstellung-der-laermschutzwand,20240422164748,2024-04-22,20240422164748,1,https://web.archive.org/web/20240422164748/https://www.autobahn.de/a8-tank-und-rastanlage-denkendorf-fertigstellung-der-laermschutzwand,candidate_url_filtered
A8,construction_notice,https://www.autobahn.de/ausbesserung-von-asphaltschaeden-a8-anschlussstelle-karlsbad-naechtliche-sperrungen-der-auffahrt-in-fahrtrichtung-karlsruhe,20240422171125,2024-04-22,20240422171125,1,https://web.archive.org/web/20240422171125/https://www.autobahn.de/ausbesserung-von-asphaltschaeden-a8-anschlussstelle-karlsbad-naechtliche-sperrungen-der-auffahrt-in-fahrtrichtung-karlsruhe,candidate_url_filtered
A8,construction_notice,https://www.autobahn.de/die-autobahn/verkehrsmeldungen/detail/a8-/-as-messe-bis-as-neuhausen-fahrtrichtung-muenchen-fahrbahnerneuerung-im-bereich-flughafen/messe,20240424194802,2024-04-24,20240424194802,1,https://web.archive.org/web/20240424194802/https://www.autobahn.de/die-autobahn/verkehrsmeldungen/detail/a8-/-as-messe-bis-as-neuhausen-fahrtrichtung-muenchen-fahrbahnerneuerung-im-bereich-flughafen/messe,candidate_url_filtered
A8,construction_notice,https://www.autobahn.de/die-autobahn/verkehrsmeldungen/detail/a8-update-instandsetzungsarbeiten-bei-quierschied-aktualisierung-des-bauablaufes,20240521014447,2024-05-21,20240521014447,1,https://web.archive.org/web/20240521014447/https://www.autobahn.de/die-autobahn/verkehrsmeldungen/detail/a8-update-instandsetzungsarbeiten-bei-quierschied-aktualisierung-des-bauablaufes,candidate_url_filtered
A8,construction_notice,https://www.autobahn.de/a8-/-maustobelviadukt-zwischen-muehlhausen-und-aichelberg-fahrtrichtung-karlsruhe-brueckenarbeiten,20240522075503,2024-05-22,20240522075503,1,https://web.archive.org/web/20240522075503/https://www.autobahn.de/a8-/-maustobelviadukt-zwischen-muehlhausen-und-aichelberg-fahrtrichtung-karlsruhe-brueckenarbeiten,candidate_url_filtered
A8,construction_notice,https://www.autobahn.de/a8-neue-bauphase-bei-der-erneuerung-der-hornbachbruecke,20240522082413,2024-05-22,20240522082413,1,https://web.archive.org/web/20240522082413/https://www.autobahn.de/a8-neue-bauphase-bei-der-erneuerung-der-hornbachbruecke,candidate_url_filtered
A8,construction_notice,https://www.autobahn.de/a8-erneuerung-zwischen-saarlouis-steinrausch-und-autobahndreieck-saarlouis,20240522230849,2024-05-22,20240522230849,1,https://web.archive.org/web/20240522230849/https://www.autobahn.de/a8-erneuerung-zwischen-saarlouis-steinrausch-und-autobahndreieck-saarlouis,candidate_url_filtered
A8,construction_notice,https://www.autobahn.de/sechsstreifiger-ausbau-der-a8-/-enztalquerung-vollsperrung-zwischen-den-anschlussstellen-pforzheim-sued-und-pforzheim-nord-beide-fahrtrichtungen-01-041223,20240523005712,2024-05-23,20240523005712,1,https://web.archive.org/web/20240523005712/https://www.autobahn.de/sechsstreifiger-ausbau-der-a8-/-enztalquerung-vollsperrung-zwischen-den-anschlussstellen-pforzheim-sued-und-pforzheim-nord-beide-fahrtrichtungen-01-041223,candidate_url_filtered
A8,construction_notice,https://www.autobahn.de/die-autobahn/verkehrsmeldungen/detail/sechsstreifiger-ausbau-der-a8-/-enztalquerung-projektbegleitkreis-trifft-sich-zur-zehnten-sitzung,20240523010904,2024-05-23,20240523010904,1,https://web.archive.org/web/20240523010904/https://www.autobahn.de/die-autobahn/verkehrsmeldungen/detail/sechsstreifiger-ausbau-der-a8-/-enztalquerung-projektbegleitkreis-trifft-sich-zur-zehnten-sitzung,candidate_url_filtered
A8,construction_notice,https://www.autobahn.de/die-autobahn/verkehrsmeldungen/detail/a8-erneuerung-zwischen-dillingen-mitte-und-autobahndreieck-saarlouis-vollsperrung-aufgehoben,20240524062253,2024-05-24,20240524062253,1,https://web.archive.org/web/20240524062253/https://www.autobahn.de/die-autobahn/verkehrsmeldungen/detail/a8-erneuerung-zwischen-dillingen-mitte-und-autobahndreieck-saarlouis-vollsperrung-aufgehoben,candidate_url_filtered
A8,construction_notice,https://www.autobahn.de/a8-erhaltungsarbeiten-zwischen-merchweiler-und-autobahnkreuz-saarbruecken,20240524073414,2024-05-24,20240524073414,1,https://web.archive.org/web/20240524073414/https://www.autobahn.de/a8-erhaltungsarbeiten-zwischen-merchweiler-und-autobahnkreuz-saarbruecken,candidate_url_filtered
A8,construction_notice,https://www.autobahn.de/die-autobahn/verkehrsmeldungen/detail/a8-ersatzneubau-der-landertalbruecke-bei-neunkirchen-oberstadt-umbau-der-verkehrssicherung,20240524080612,2024-05-24,20240524080612,1,https://web.archive.org/web/20240524080612/https://www.autobahn.de/die-autobahn/verkehrsmeldungen/detail/a8-ersatzneubau-der-landertalbruecke-bei-neunkirchen-oberstadt-umbau-der-verkehrssicherung,candidate_url_filtered
A8,construction_notice,https://www.autobahn.de/a8-instandsetzung-zwischen-steinrausch-und-nalbach,20240524080750,2024-05-24,20240524080750,1,https://web.archive.org/web/20240524080750/https://www.autobahn.de/a8-instandsetzung-zwischen-steinrausch-und-nalbach,candidate_url_filtered
A8,construction_notice,https://www.autobahn.de/die-autobahn/verkehrsmeldungen/detail/a8-erhaltungsarbeiten-zwischen-merchweiler-und-autobahnkreuz-saarbruecken,20240524194022,2024-05-24,20240524194022,1,https://web.archive.org/web/20240524194022/https://www.autobahn.de/die-autobahn/verkehrsmeldungen/detail/a8-erhaltungsarbeiten-zwischen-merchweiler-und-autobahnkreuz-saarbruecken,candidate_url_filtered
A8,construction_notice,https://www.autobahn.de/update-a8-parkplatz-kutzhof-halbseitige-sperrung-der-richtungsfahrbahn-luxemburg,20240525170358,2024-05-25,20240525170358,1,https://web.archive.org/web/20240525170358/https://www.autobahn.de/update-a8-parkplatz-kutzhof-halbseitige-sperrung-der-richtungsfahrbahn-luxemburg,candidate_url_filtered
A8,construction_notice,https://www.autobahn.de/update-a8-vollsperrung-bei-zweibruecken-ernstweiler-am-2-dezemberwochenende-entfaellt,20240525183546,2024-05-25,20240525183546,1,https://web.archive.org/web/20240525183546/https://www.autobahn.de/update-a8-vollsperrung-bei-zweibruecken-ernstweiler-am-2-dezemberwochenende-entfaellt,candidate_url_filtered
A8,construction_notice,https://www.autobahn.de/die-autobahn/verkehrsmeldungen/detail/a8-/-leonberger-dreieck-ueberleitung-auf-die-a81-fahrtrichtung-wuerzburg-neuer-fahrbahnbelag-ueber-das-wochenende,20240526111221,2024-05-26,20240526111221,1,https://web.archive.org/web/20240526111221/https://www.autobahn.de/die-autobahn/verkehrsmeldungen/detail/a8-/-leonberger-dreieck-ueberleitung-auf-die-a81-fahrtrichtung-wuerzburg-neuer-fahrbahnbelag-ueber-das-wochenende,candidate_url_filtered
A8,construction_notice,https://www.autobahn.de/a8-/-leonberger-dreieck-ueberleitung-auf-die-a81-fahrtrichtung-wuerzburg-neuer-fahrbahnbelag-ueber-das-wochenende,20240526112554,2024-05-26,20240526112554,1,https://web.archive.org/web/20240526112554/https://www.autobahn.de/a8-/-leonberger-dreieck-ueberleitung-auf-die-a81-fahrtrichtung-wuerzburg-neuer-fahrbahnbelag-ueber-das-wochenende,candidate_url_filtered
A8,construction_notice,https://www.autobahn.de/sechsstreifiger-ausbau-der-a8-/-enztalquerung-auf-und-abfahrt-der-anschlussstelle-pforzheim-ost-in-fahrtrichtung-karlsruhe-ab-mittwoch-geoeffnet,20240526112908,2024-05-26,20240526112908,1,https://web.archive.org/web/20240526112908/https://www.autobahn.de/sechsstreifiger-ausbau-der-a8-/-enztalquerung-auf-und-abfahrt-der-anschlussstelle-pforzheim-ost-in-fahrtrichtung-karlsruhe-ab-mittwoch-geoeffnet,candidate_url_filtered
A8,construction_notice,https://www.autobahn.de/a8-umbau-des-fahrbahnteilers-an-der-anschlussstelle-contwig-fuehrt-zu-temporaeren-verkehrseinschraenkungen,20240526114628,2024-05-26,20240526114628,1,https://web.archive.org/web/20240526114628/https://www.autobahn.de/a8-umbau-des-fahrbahnteilers-an-der-anschlussstelle-contwig-fuehrt-zu-temporaeren-verkehrseinschraenkungen,candidate_url_filtered
A8,construction_notice,https://www.autobahn.de/meilenstein-erreicht-staatssekretaer-luksic-besucht-a8-grossbaustelle-bei-neunkirchen,20240526210716,2024-05-26,20240526210716,1,https://web.archive.org/web/20240526210716/https://www.autobahn.de/meilenstein-erreicht-staatssekretaer-luksic-besucht-a8-grossbaustelle-bei-neunkirchen,candidate_url_filtered
A8,construction_notice,https://www.autobahn.de/die-autobahn/verkehrsmeldungen/detail/a8-grundhafte-erneuerung-zwischen-oberstadt-und-autobahnkreuz-neunkirchen-update-ersatzneubau-der-kasbruchtalbruecke-und-verlegung-der-l114,20240526210956,2024-05-26,20240526210956,1,https://web.archive.org/web/20240526210956/https://www.autobahn.de/die-autobahn/verkehrsmeldungen/detail/a8-grundhafte-erneuerung-zwischen-oberstadt-und-autobahnkreuz-neunkirchen-update-ersatzneubau-der-kasbruchtalbruecke-und-verlegung-der-l114,candidate_url_filtered
A8,construction_notice,https://www.autobahn.de/a8-grundhafte-erneuerung-zwischen-oberstadt-und-autobahnkreuz-neunkirchen-update-ersatzneubau-der-kasbruchtalbruecke-und-verlegung-der-l114,20240526212555,2024-05-26,20240526212555,1,https://web.archive.org/web/20240526212555/https://www.autobahn.de/a8-grundhafte-erneuerung-zwischen-oberstadt-und-autobahnkreuz-neunkirchen-update-ersatzneubau-der-kasbruchtalbruecke-und-verlegung-der-l114,candidate_url_filtered
A8,construction_notice,https://www.autobahn.de/die-autobahn/verkehrsmeldungen/detail/a8-umbau-des-fahrbahnteilers-an-der-anschlussstelle-contwig-fuehrt-zu-temporaeren-verkehrseinschraenkungen,20240526212756,2024-05-26,20240526212756,1,https://web.archive.org/web/20240526212756/https://www.autobahn.de/die-autobahn/verkehrsmeldungen/detail/a8-umbau-des-fahrbahnteilers-an-der-anschlussstelle-contwig-fuehrt-zu-temporaeren-verkehrseinschraenkungen,candidate_url_filtered
A8,construction_notice,https://www.autobahn.de/die-autobahn/verkehrsmeldungen/detail/a8-grundhafte-erneuerung-zwischen-oberstadt-und-autobahnkreuz-neunkirchen-update-umbau-der-verkehrssicherung-an-der-landertalbruecke,20240526212814,2024-05-26,20240526212814,1,https://web.archive.org/web/20240526212814/https://www.autobahn.de/die-autobahn/verkehrsmeldungen/detail/a8-grundhafte-erneuerung-zwischen-oberstadt-und-autobahnkreuz-neunkirchen-update-umbau-der-verkehrssicherung-an-der-landertalbruecke,candidate_url_filtered
A8,construction_notice,https://www.autobahn.de/a8-update-instandsetzungsarbeiten-bei-quierschied-aktualisierung-des-bauablaufes,20240526213742,2024-05-26,20240526213742,1,https://web.archive.org/web/20240526213742/https://www.autobahn.de/a8-update-instandsetzungsarbeiten-bei-quierschied-aktualisierung-des-bauablaufes,candidate_url_filtered
A8,construction_notice,https://www.autobahn.de/die-autobahn/verkehrsmeldungen/detail/sechsstreifiger-ausbau-der-a8-/-enztalquerung-auf-und-abfahrt-der-anschlussstelle-pforzheim-ost-in-fahrtrichtung-karlsruhe-ab-mittwoch-geoeffnet,20240526215146,2024-05-26,20240526215146,1,https://web.archive.org/web/20240526215146/https://www.autobahn.de/die-autobahn/verkehrsmeldungen/detail/sechsstreifiger-ausbau-der-a8-/-enztalquerung-auf-und-abfahrt-der-anschlussstelle-pforzheim-ost-in-fahrtrichtung-karlsruhe-ab-mittwoch-geoeffnet,candidate_url_filtered
A8,construction_notice,https://www.autobahn.de/sechsstreifiger-ausbau-der-a8-/-enztalquerung-autobahn-gmbh-niederlassung-suedwest-macht-den-enztalradweg-sicherer,20240526215229,2024-05-26,20240526215229,1,https://web.archive.org/web/20240526215229/https://www.autobahn.de/sechsstreifiger-ausbau-der-a8-/-enztalquerung-autobahn-gmbh-niederlassung-suedwest-macht-den-enztalradweg-sicherer,candidate_url_filtered
A8,construction_notice,https://www.autobahn.de/die-autobahn/verkehrsmeldungen/detail/sechsstreifiger-ausbau-der-a8-/-enztalquerung-autobahn-gmbh-niederlassung-suedwest-macht-den-enztalradweg-sicherer,20240527025521,2024-05-27,20240527025521,1,https://web.archive.org/web/20240527025521/https://www.autobahn.de/die-autobahn/verkehrsmeldungen/detail/sechsstreifiger-ausbau-der-a8-/-enztalquerung-autobahn-gmbh-niederlassung-suedwest-macht-den-enztalradweg-sicherer,candidate_url_filtered
A8,construction_notice,https://www.autobahn.de/a8-/-as-kirchheim-ost-bis-as-aichelberg-baumassnahme-verlaengert-sich-bis-anfang-september,20240527042539,2024-05-27,20240527042539,1,https://web.archive.org/web/20240527042539/https://www.autobahn.de/a8-/-as-kirchheim-ost-bis-as-aichelberg-baumassnahme-verlaengert-sich-bis-anfang-september,candidate_url_filtered
A8,construction_notice,https://www.autobahn.de/a8-ersatzneubau-der-bruecke-ueber-die-b466-bei-muehlhausen-im-taele-verkehrsfreigabe-und-nachmittag-der-offenen-bruecke,20240529075053,2024-05-29,20240529075053,1,https://web.archive.org/web/20240529075053/https://www.autobahn.de/a8-ersatzneubau-der-bruecke-ueber-die-b466-bei-muehlhausen-im-taele-verkehrsfreigabe-und-nachmittag-der-offenen-bruecke,candidate_url_filtered
A8,construction_notice,https://www.autobahn.de/a8-/-as-kirchheim-west-bis-as-wendlingen-neue-fahrbahndecke-bis-zum-winter,20240529083023,2024-05-29,20240529083023,1,https://web.archive.org/web/20240529083023/https://www.autobahn.de/a8-/-as-kirchheim-west-bis-as-wendlingen-neue-fahrbahndecke-bis-zum-winter,candidate_url_filtered
A8,construction_notice,https://www.autobahn.de/a8-grundhafte-erneuerung-zwischen-oberstadt-und-autobahnkreuz-neunkirchen-update-umbau-der-verkehrssicherung-an-der-landertalbruecke,20240530105547,2024-05-30,20240530105547,1,https://web.archive.org/web/20240530105547/https://www.autobahn.de/a8-grundhafte-erneuerung-zwischen-oberstadt-und-autobahnkreuz-neunkirchen-update-umbau-der-verkehrssicherung-an-der-landertalbruecke,candidate_url_filtered
A8,construction_notice,https://www.autobahn.de/sechsstreifiger-ausbau-der-a8-/-enztalquerung-sperrungen-der-anschlussstelle-pforzheim-ost,20240530181623,2024-05-30,20240530181623,1,https://web.archive.org/web/20240530181623/https://www.autobahn.de/sechsstreifiger-ausbau-der-a8-/-enztalquerung-sperrungen-der-anschlussstelle-pforzheim-ost,candidate_url_filtered
A8,construction_notice,https://www.autobahn.de/die-autobahn/verkehrsmeldungen/detail/a6-a8-behebung-akuter-fahrbahnschaeden-in-drei-anschlussstellen,20240618023955,2024-06-18,20240618023955,1,https://web.archive.org/web/20240618023955/https://www.autobahn.de/die-autobahn/verkehrsmeldungen/detail/a6-a8-behebung-akuter-fahrbahnschaeden-in-drei-anschlussstellen,candidate_url_filtered
A8,construction_notice,https://www.autobahn.de/die-autobahn/verkehrsmeldungen/detail/a8-instandsetzung-eines-gelaenders-bei-dillingen-sued,20240618035041,2024-06-18,20240618035041,1,https://web.archive.org/web/20240618035041/https://www.autobahn.de/die-autobahn/verkehrsmeldungen/detail/a8-instandsetzung-eines-gelaenders-bei-dillingen-sued,candidate_url_filtered
A8,construction_notice,https://www.autobahn.de/betrieb-verkehr/baustellenmeldung/a8-erneuerung-zwischen-dreieck-saarlouis-und-saarlouis-steinrausch,20240710200650,2024-07-10,20240710200650,1,https://web.archive.org/web/20240710200650/https://www.autobahn.de/betrieb-verkehr/baustellenmeldung/a8-erneuerung-zwischen-dreieck-saarlouis-und-saarlouis-steinrausch,candidate_url_filtered
A8,construction_notice,https://www.autobahn.de/betrieb-verkehr/baustellenmeldung/sechsstreifiger-ausbau-der-a8-enztalquerung-auf-und-abfahrt-der-anschlussstelle-pforzheim-ost-in-fahrtrichtung-karlsruhe-ab-mittwoch-geoeffnet,20240711025946,2024-07-11,20240711025946,1,https://web.archive.org/web/20240711025946/https://www.autobahn.de/betrieb-verkehr/baustellenmeldung/sechsstreifiger-ausbau-der-a8-enztalquerung-auf-und-abfahrt-der-anschlussstelle-pforzheim-ost-in-fahrtrichtung-karlsruhe-ab-mittwoch-geoeffnet,candidate_url_filtered
A8,construction_notice,https://www.autobahn.de/betrieb-verkehr/baustellenmeldung/a8-bei-pforzheim-enztalquerung-vollsperrung-zwischen-den-anschlussstellen-pforzheim-sued-und-pforzheim-nord-fahrtrichtung-stuttgart-12-150724,20240711054522,2024-07-11,20240711054522,1,https://web.archive.org/web/20240711054522/https://www.autobahn.de/betrieb-verkehr/baustellenmeldung/a8-bei-pforzheim-enztalquerung-vollsperrung-zwischen-den-anschlussstellen-pforzheim-sued-und-pforzheim-nord-fahrtrichtung-stuttgart-12-150724,candidate_url_filtered
A8,construction_notice,https://www.autobahn.de/betrieb-verkehr/baustellenmeldung/a8-vollsperrung-zwischen-den-anschlussstellen-pforzheim-nord-und-pforzheim-sued-fahrtrichtung-stuttgart-12-150724,20240711083312,2024-07-11,20240711083312,1,https://web.archive.org/web/20240711083312/https://www.autobahn.de/betrieb-verkehr/baustellenmeldung/a8-vollsperrung-zwischen-den-anschlussstellen-pforzheim-nord-und-pforzheim-sued-fahrtrichtung-stuttgart-12-150724,candidate_url_filtered
A8,construction_notice,https://www.autobahn.de/betrieb-verkehr/baustellenmeldung/a8-grundhafte-erneuerung-zwischen-oberstadt-und-autobahnkreuz-neunkirchen-update-ersatzneubau-der-kasbruchtalbruecke-und-verlegung-der-l114-1,20240711092437,2024-07-11,20240711092437,1,https://web.archive.org/web/20240711092437/https://www.autobahn.de/betrieb-verkehr/baustellenmeldung/a8-grundhafte-erneuerung-zwischen-oberstadt-und-autobahnkreuz-neunkirchen-update-ersatzneubau-der-kasbruchtalbruecke-und-verlegung-der-l114-1,candidate_url_filtered
A8,project,https://www.autobahn.de/planen-bauen/projekt/a8-enztalquerung,20240712082359,2024-07-12,20260123102040,3,https://web.archive.org/web/20240712082359/https://www.autobahn.de/planen-bauen/projekt/a8-enztalquerung,candidate_url_filtered
A8,construction_notice,https://www.autobahn.de/betrieb-verkehr/baustellenmeldung/mehr-sicherheit-fuer-verkehrsteilnehmer-verzoegerungsstreifen-an-a8-anschlussstelle-heimsheim-wird-erweitert,20240726221722,2024-07-26,20240726221722,1,https://web.archive.org/web/20240726221722/https://www.autobahn.de/betrieb-verkehr/baustellenmeldung/mehr-sicherheit-fuer-verkehrsteilnehmer-verzoegerungsstreifen-an-a8-anschlussstelle-heimsheim-wird-erweitert,candidate_url_filtered
A8,construction_notice,https://www.autobahn.de/betrieb-verkehr/baustellenmeldung/a8-update-ersatzneubau-der-kasbruchtalbruecke-bei-neunkirchen-oberstadt-sperrung-der-abfahrt-in-richtung-pirmasens,20240809225555,2024-08-09,20240809225555,1,https://web.archive.org/web/20240809225555/https://www.autobahn.de/betrieb-verkehr/baustellenmeldung/a8-update-ersatzneubau-der-kasbruchtalbruecke-bei-neunkirchen-oberstadt-sperrung-der-abfahrt-in-richtung-pirmasens,candidate_url_filtered
A8,construction_notice,https://www.autobahn.de/betrieb-verkehr/baustellenmeldung/a8-grundhafte-erneuerung-zwischen-neunkirchen-oberstadt-und-dem-autobahnkreuz-neunkirchen-update-am-wochenende-sperrung-der-richtungsfahrbahn-pirmasens,20240828105339,2024-08-28,20240828105339,1,https://web.archive.org/web/20240828105339/https://www.autobahn.de/betrieb-verkehr/baustellenmeldung/a8-grundhafte-erneuerung-zwischen-neunkirchen-oberstadt-und-dem-autobahnkreuz-neunkirchen-update-am-wochenende-sperrung-der-richtungsfahrbahn-pirmasens,candidate_url_filtered
A8,construction_notice,https://www.autobahn.de/betrieb-verkehr/baustellenmeldung/a8-grundhafte-erneuerung-zwischen-neunkirchen-oberstadt-und-dem-autobahnkreuz-neunkirchen-update-am-wochenende-sperrung-der-richtungsfahrbahn-saarlouis,20240903013141,2024-09-03,20240903013141,1,https://web.archive.org/web/20240903013141/https://www.autobahn.de/betrieb-verkehr/baustellenmeldung/a8-grundhafte-erneuerung-zwischen-neunkirchen-oberstadt-und-dem-autobahnkreuz-neunkirchen-update-am-wochenende-sperrung-der-richtungsfahrbahn-saarlouis,candidate_url_filtered
A8,construction_notice,https://www.autobahn.de/betrieb-verkehr/baustellenmeldung/a8-grundhafte-erneuerung-zwischen-neunkirchen-oberstadt-und-dem-autobahnkreuz-neunkirchen-update-sperrungen-an-der-anschlussstelle-oberstadt-wegen-abbrucharbeiten,20240906140309,2024-09-06,20240906140309,1,https://web.archive.org/web/20240906140309/https://www.autobahn.de/betrieb-verkehr/baustellenmeldung/a8-grundhafte-erneuerung-zwischen-neunkirchen-oberstadt-und-dem-autobahnkreuz-neunkirchen-update-sperrungen-an-der-anschlussstelle-oberstadt-wegen-abbrucharbeiten,candidate_url_filtered
A8,construction_notice,https://www.autobahn.de/betrieb-verkehr/baustellenmeldung/sechsstreifiger-ausbau-der-a8-enztalquerung-a8-ausbau-in-vollem-gange-neubau-von-enz-und-b10-bruecken-bei-pforzheim-ost,20241021050854,2024-10-21,20241021050854,1,https://web.archive.org/web/20241021050854/https://www.autobahn.de/betrieb-verkehr/baustellenmeldung/sechsstreifiger-ausbau-der-a8-enztalquerung-a8-ausbau-in-vollem-gange-neubau-von-enz-und-b10-bruecken-bei-pforzheim-ost,candidate_url_filtered
A8,construction_notice,https://www.autobahn.de/betrieb-verkehr/baustellenmeldung/a8-leonberger-dreieck-ueberleitung-auf-die-a8-fahrtrichtung-karlsruhe-neuer-fahrbahnbelag-ueber-das-wochenende,20241102034952,2024-11-02,20241102034952,1,https://web.archive.org/web/20241102034952/https://www.autobahn.de/betrieb-verkehr/baustellenmeldung/a8-leonberger-dreieck-ueberleitung-auf-die-a8-fahrtrichtung-karlsruhe-neuer-fahrbahnbelag-ueber-das-wochenende,candidate_url_filtered
A8,construction_notice,https://www.autobahn.de/betrieb-verkehr/baustellenmeldung/a8-saalach-bruecke-bei-piding,20241108074127,2024-11-08,20241108074127,1,https://web.archive.org/web/20241108074127/https://www.autobahn.de/betrieb-verkehr/baustellenmeldung/a8-saalach-bruecke-bei-piding,candidate_url_filtered
A8,construction_notice,https://www.autobahn.de/betrieb-verkehr/baustellenmeldung/a8-temporaere-vollsperrung-zwischen-neunkirchen-oberstadt-und-kohlhof-in-richtung-pirmasens-wegen-rodungsarbeiten,20241112112326,2024-11-12,20241112112326,1,https://web.archive.org/web/20241112112326/https://www.autobahn.de/betrieb-verkehr/baustellenmeldung/a8-temporaere-vollsperrung-zwischen-neunkirchen-oberstadt-und-kohlhof-in-richtung-pirmasens-wegen-rodungsarbeiten,candidate_url_filtered
A8,project,https://www.autobahn.de/planen-bauen/projekt/a8-ulm-elchingen,20241202084536,2024-12-02,20250521023515,2,https://web.archive.org/web/20241202084536/https://www.autobahn.de/planen-bauen/projekt/a8-ulm-elchingen,candidate_url_filtered
A8,construction_notice,https://www.autobahn.de/betrieb-verkehr/baustellenmeldung/a8-verkehrseinschraenkung-zwischen-perl-borg-und-wellingen-bleibt-bestehen-update,20241212171618,2024-12-12,20241212171618,1,https://web.archive.org/web/20241212171618/https://www.autobahn.de/betrieb-verkehr/baustellenmeldung/a8-verkehrseinschraenkung-zwischen-perl-borg-und-wellingen-bleibt-bestehen-update,candidate_url_filtered
A8,project,https://www.autobahn.de/planen-bauen/projekt/a8-albaufstieg,20241218130047,2024-12-18,20260209213842,3,https://web.archive.org/web/20241218130047/https://www.autobahn.de/planen-bauen/projekt/a8-albaufstieg,candidate_url_filtered
A8,project_update,https://www.autobahn.de/aktuelles/aktuell/baurecht-fuer-den-neuen-albaufstieg-a8,20241218234703,2024-12-18,20260206192545,3,https://web.archive.org/web/20241218234703/https://www.autobahn.de/aktuelles/aktuell/baurecht-fuer-den-neuen-albaufstieg-a8,candidate_url_filtered
A8,project_update,https://www.autobahn.de/aktuelles/aktuell/sechsstreifiger-ausbau-der-a8-bei-pforzheim-enztalquerung-autobahn-gmbh-niederlassung-suedwest-zieht-erfolgreiche-jahresbilanz,20241219001443,2024-12-19,20260312012000,3,https://web.archive.org/web/20241219001443/https://www.autobahn.de/aktuelles/aktuell/sechsstreifiger-ausbau-der-a8-bei-pforzheim-enztalquerung-autobahn-gmbh-niederlassung-suedwest-zieht-erfolgreiche-jahresbilanz,candidate_url_filtered
A8,construction_notice,https://www.autobahn.de/betrieb-verkehr/baustellenmeldung/a8-anschlussstelle-muehlhausen-brueckenarbeiten-beendet,20241219001443,2024-12-19,20241219001443,1,https://web.archive.org/web/20241219001443/https://www.autobahn.de/betrieb-verkehr/baustellenmeldung/a8-anschlussstelle-muehlhausen-brueckenarbeiten-beendet,candidate_url_filtered
A8,construction_notice,https://www.autobahn.de/betrieb-verkehr/baustellenmeldung/a8-6-streifige-erweiterung-ak-ulm-elchingen-bis-riedheim,20241219003112,2024-12-19,20241219003112,1,https://web.archive.org/web/20241219003112/https://www.autobahn.de/betrieb-verkehr/baustellenmeldung/a8-6-streifige-erweiterung-ak-ulm-elchingen-bis-riedheim,candidate_url_filtered
A8,construction_notice,https://www.autobahn.de/betrieb-verkehr/baustellenmeldung/a8-verkehrliche-einschraenkungen-im-bereich-der-unterfuehrung-der-webenheimer-strasse,20241219003133,2024-12-19,20241219003133,1,https://web.archive.org/web/20241219003133/https://www.autobahn.de/betrieb-verkehr/baustellenmeldung/a8-verkehrliche-einschraenkungen-im-bereich-der-unterfuehrung-der-webenheimer-strasse,candidate_url_filtered
A8,construction_notice,https://www.autobahn.de/betrieb-verkehr/baustellenmeldung/a8-naechste-bauschritte-an-der-anschlussstelle-muehlhausen,20241219005517,2024-12-19,20241219005517,1,https://web.archive.org/web/20241219005517/https://www.autobahn.de/betrieb-verkehr/baustellenmeldung/a8-naechste-bauschritte-an-der-anschlussstelle-muehlhausen,candidate_url_filtered
A8,construction_notice,https://www.autobahn.de/betrieb-verkehr/baustellenmeldung/a8-verkehrseinschraenkung-zwischen-merzig-wellingen-und-perl-borg-update,20241219010044,2024-12-19,20241219010044,1,https://web.archive.org/web/20241219010044/https://www.autobahn.de/betrieb-verkehr/baustellenmeldung/a8-verkehrseinschraenkung-zwischen-merzig-wellingen-und-perl-borg-update,candidate_url_filtered
A8,construction_notice,https://www.autobahn.de/betrieb-verkehr/baustellenmeldung/a8-temporaere-verkehrseinschraenkung-zwischen-den-anschlussstellen-wellesweiler-und-neunkirchen-oberstadt-in-richtung-luxemburg-wegen-markierungsarbeiten,20241219013602,2024-12-19,20241219013602,1,https://web.archive.org/web/20241219013602/https://www.autobahn.de/betrieb-verkehr/baustellenmeldung/a8-temporaere-verkehrseinschraenkung-zwischen-den-anschlussstellen-wellesweiler-und-neunkirchen-oberstadt-in-richtung-luxemburg-wegen-markierungsarbeiten,candidate_url_filtered
A8,construction_notice,https://www.autobahn.de/betrieb-verkehr/baustellenmeldung/a8-sperrung-ulm-west-muehlhausen-21-240325-a8-erhaltungsmassnahmen-am-albabstieg,20250313070015,2025-03-13,20250313070015,1,https://web.archive.org/web/20250313070015/https://www.autobahn.de/betrieb-verkehr/baustellenmeldung/a8-sperrung-ulm-west-muehlhausen-21-240325-a8-erhaltungsmassnahmen-am-albabstieg,candidate_url_filtered
A8,project_update,https://www.autobahn.de/aktuelles/aktuell/baurecht-fuer-neuen-a8-albaufstieg-erteilt-autobahn-gmbh-des-bundes-beginnt-mit-vorbereitung-des-groessten-infrastrukturprojekts-in-baden-wuerttemberg,20250319043558,2025-03-19,20260521114526,2,https://web.archive.org/web/20250319043558/https://www.autobahn.de/aktuelles/aktuell/baurecht-fuer-neuen-a8-albaufstieg-erteilt-autobahn-gmbh-des-bundes-beginnt-mit-vorbereitung-des-groessten-infrastrukturprojekts-in-baden-wuerttemberg,candidate_url_filtered
A8,construction_notice,https://www.autobahn.de/betrieb-verkehr/baustellenmeldung/a8-fahrbahnsanierung-zwischen-merchweiler-und-dem-autobahndreieck-friedrichsthal-update,20250328160307,2025-03-28,20250328160307,1,https://web.archive.org/web/20250328160307/https://www.autobahn.de/betrieb-verkehr/baustellenmeldung/a8-fahrbahnsanierung-zwischen-merchweiler-und-dem-autobahndreieck-friedrichsthal-update,candidate_url_filtered
A8,construction_notice,https://www.autobahn.de/betrieb-verkehr/baustellenmeldung/a8-enztalquerung-turbo-wochenende-an-der-b10-bei-eutingen-900-meter-neue-fahrbahn-und-bau-eines-schutzgeruests-27-290924,20250328161527,2025-03-28,20250328161527,1,https://web.archive.org/web/20250328161527/https://www.autobahn.de/betrieb-verkehr/baustellenmeldung/a8-enztalquerung-turbo-wochenende-an-der-b10-bei-eutingen-900-meter-neue-fahrbahn-und-bau-eines-schutzgeruests-27-290924,candidate_url_filtered
A8,construction_notice,https://www.autobahn.de/betrieb-verkehr/baustellenmeldung/a8-arbeiten-an-der-anschlussstelle-heusweiler-fuehren-zu-temporaeren-verkehrseinschraenkungen,20250328161853,2025-03-28,20250328161853,1,https://web.archive.org/web/20250328161853/https://www.autobahn.de/betrieb-verkehr/baustellenmeldung/a8-arbeiten-an-der-anschlussstelle-heusweiler-fuehren-zu-temporaeren-verkehrseinschraenkungen,candidate_url_filtered
A8,construction_notice,https://www.autobahn.de/betrieb-verkehr/baustellenmeldung/a8-baufortschritt-an-der-kuenftigen-kasbruchtalbruecke-in-neunkirchen-oberstadt-erfordert-temporaere-vollsperrung-der-l-114-update,20250411122352,2025-04-11,20250411122352,1,https://web.archive.org/web/20250411122352/https://www.autobahn.de/betrieb-verkehr/baustellenmeldung/a8-baufortschritt-an-der-kuenftigen-kasbruchtalbruecke-in-neunkirchen-oberstadt-erfordert-temporaere-vollsperrung-der-l-114-update,candidate_url_filtered
A8,construction_notice,https://www.autobahn.de/betrieb-verkehr/verkehrsmeldung/a8-anschlussstelle-stuttgart-degerloch-anschlussstelle-moehringen-asphalterneuerung-rund-ums-echterdinger-ei-1,20250623071236,2025-06-23,20250623071236,1,https://web.archive.org/web/20250623071236/https://www.autobahn.de/betrieb-verkehr/verkehrsmeldung/a8-anschlussstelle-stuttgart-degerloch-anschlussstelle-moehringen-asphalterneuerung-rund-ums-echterdinger-ei-1,candidate_url_filtered
A8,construction_notice,https://www.autobahn.de/betrieb-verkehr/verkehrsmeldung/a8-verkehrliche-einschraenkungen-im-bereich-der-moselbruecke-bei-schengen,20250702171741,2025-07-02,20250702171741,1,https://web.archive.org/web/20250702171741/https://www.autobahn.de/betrieb-verkehr/verkehrsmeldung/a8-verkehrliche-einschraenkungen-im-bereich-der-moselbruecke-bei-schengen,candidate_url_filtered
A8,project_update,https://www.autobahn.de/aktuelles/aktuell/sechsstreifiger-ausbau-der-a8-bei-pforzheim-enztalquerung-baufortschritt-und-wichtige-meilensteine-bei-einem-der-groessten-infrastrukturprojekte-in-baden-wuerttemberg,20250712074024,2025-07-12,20250712074024,1,https://web.archive.org/web/20250712074024/https://www.autobahn.de/aktuelles/aktuell/sechsstreifiger-ausbau-der-a8-bei-pforzheim-enztalquerung-baufortschritt-und-wichtige-meilensteine-bei-einem-der-groessten-infrastrukturprojekte-in-baden-wuerttemberg,candidate_url_filtered
A8,project_update,https://www.autobahn.de/aktuelles/aktuell/der-neue-a8-albaufstieg-so-geht-es-jetzt-weiter,20250714123157,2025-07-14,20260125022220,2,https://web.archive.org/web/20250714123157/https://www.autobahn.de/aktuelles/aktuell/der-neue-a8-albaufstieg-so-geht-es-jetzt-weiter,candidate_url_filtered
A8,construction_notice,https://www.autobahn.de/betrieb-verkehr/verkehrsmeldung/a8-aichelberg-bis-kirchheim-teck-ost-neuer-fahrbahnbelag,20250724011422,2025-07-24,20250724011422,1,https://web.archive.org/web/20250724011422/https://www.autobahn.de/betrieb-verkehr/verkehrsmeldung/a8-aichelberg-bis-kirchheim-teck-ost-neuer-fahrbahnbelag,candidate_url_filtered
A8,project_update,https://www.autobahn.de/aktuelles/aktuell/bruecken-tunnel-trasse-a8-ausbau-bei-pforzheim-enztalquerung-nimmt-gestalt-an,20250724105002,2025-07-24,20250724105002,1,https://web.archive.org/web/20250724105002/https://www.autobahn.de/aktuelles/aktuell/bruecken-tunnel-trasse-a8-ausbau-bei-pforzheim-enztalquerung-nimmt-gestalt-an,candidate_url_filtered
A8,construction_notice,https://www.autobahn.de/betrieb-verkehr/verkehrsmeldung/a8-verkehrliche-einschraenkungen-im-bereich-der-moselbruecke-bei-schengen-update,20250728170920,2025-07-28,20250728170920,1,https://web.archive.org/web/20250728170920/https://www.autobahn.de/betrieb-verkehr/verkehrsmeldung/a8-verkehrliche-einschraenkungen-im-bereich-der-moselbruecke-bei-schengen-update,candidate_url_filtered
A8,construction_notice,https://www.autobahn.de/betrieb-verkehr/verkehrsmeldung/a8-enztalquerung-turbo-wochenende-an-der-b10-bei-eutingen-900-meter-neue-fahrbahn-und-bau-eines-schutzgeruests-27-290924,20250803145854,2025-08-03,20260509200910,2,https://web.archive.org/web/20250803145854/https://www.autobahn.de/betrieb-verkehr/verkehrsmeldung/a8-enztalquerung-turbo-wochenende-an-der-b10-bei-eutingen-900-meter-neue-fahrbahn-und-bau-eines-schutzgeruests-27-290924,candidate_url_filtered
A8,construction_notice,https://www.autobahn.de/betrieb-verkehr/verkehrsmeldung/a8-anschlussstelle-stuttgart-degerloch-anschlussstelle-moehringen-asphalterneuerung-rund-ums-echterdinger-ei-4,20250803173042,2025-08-03,20250803173042,1,https://web.archive.org/web/20250803173042/https://www.autobahn.de/betrieb-verkehr/verkehrsmeldung/a8-anschlussstelle-stuttgart-degerloch-anschlussstelle-moehringen-asphalterneuerung-rund-ums-echterdinger-ei-4,candidate_url_filtered
A8,construction_notice,https://www.autobahn.de/betrieb-verkehr/verkehrsmeldung/a8-ersatzneubau-einer-autobahnbruecke-bei-frasdorf-bauwerk-119,20250803182048,2025-08-03,20250803182048,1,https://web.archive.org/web/20250803182048/https://www.autobahn.de/betrieb-verkehr/verkehrsmeldung/a8-ersatzneubau-einer-autobahnbruecke-bei-frasdorf-bauwerk-119,candidate_url_filtered
A8,project_update,https://www.autobahn.de/aktuelles/aktuell/neue-streuobstwiesen-im-zuge-des-a8-ausbaus-albaufstieg,20250807133455,2025-08-07,20260312013825,2,https://web.archive.org/web/20250807133455/https://www.autobahn.de/aktuelles/aktuell/neue-streuobstwiesen-im-zuge-des-a8-ausbaus-albaufstieg,candidate_url_filtered
A8,construction_notice,https://www.autobahn.de/betrieb-verkehr/verkehrsmeldung/sechsstreifiger-ausbau-der-a8-enztalquerung-autobahn-gmbh-niederlassung-suedwest-macht-den-enztalradweg-sicherer,20250914044533,2025-09-14,20260313101747,2,https://web.archive.org/web/20250914044533/https://www.autobahn.de/betrieb-verkehr/verkehrsmeldung/sechsstreifiger-ausbau-der-a8-enztalquerung-autobahn-gmbh-niederlassung-suedwest-macht-den-enztalradweg-sicherer,candidate_url_filtered
A8,construction_notice,https://www.autobahn.de/betrieb-verkehr/verkehrsmeldung/a8-fahrtrichtung-muenchen-brueckenarbeiten-im-bereich-der-anschlussstelle-muehlhausen,20250914054554,2025-09-14,20250914054554,1,https://web.archive.org/web/20250914054554/https://www.autobahn.de/betrieb-verkehr/verkehrsmeldung/a8-fahrtrichtung-muenchen-brueckenarbeiten-im-bereich-der-anschlussstelle-muehlhausen,candidate_url_filtered
A8,construction_notice,https://www.autobahn.de/betrieb-verkehr/verkehrsmeldung/sechsstreifiger-ausbau-der-a8-enztalquerung-auf-und-abfahrt-der-anschlussstelle-pforzheim-ost-in-fahrtrichtung-karlsruhe-ab-mittwoch-geoeffnet,20250914061409,2025-09-14,20260521113223,2,https://web.archive.org/web/20250914061409/https://www.autobahn.de/betrieb-verkehr/verkehrsmeldung/sechsstreifiger-ausbau-der-a8-enztalquerung-auf-und-abfahrt-der-anschlussstelle-pforzheim-ost-in-fahrtrichtung-karlsruhe-ab-mittwoch-geoeffnet,candidate_url_filtered
A8,construction_notice,https://www.autobahn.de/betrieb-verkehr/verkehrsmeldung/a8-fahrbahnsanierung-zwischen-der-as-heusweiler-und-dem-ak-saarbruecken-update,20251209072029,2025-12-09,20251209072029,1,https://web.archive.org/web/20251209072029/https://www.autobahn.de/betrieb-verkehr/verkehrsmeldung/a8-fahrbahnsanierung-zwischen-der-as-heusweiler-und-dem-ak-saarbruecken-update,candidate_url_filtered
A8,project_update,https://www.autobahn.de/aktuelles/aktuell/sechsstreifiger-ausbau-der-a8-bei-pforzheim-autobahn-gmbh-niederlassung-suedwest-sichert-wichtige-fahrbeziehung-waehrend-der-bauzeit,20251209072136,2025-12-09,20260206184307,2,https://web.archive.org/web/20251209072136/https://www.autobahn.de/aktuelles/aktuell/sechsstreifiger-ausbau-der-a8-bei-pforzheim-autobahn-gmbh-niederlassung-suedwest-sichert-wichtige-fahrbeziehung-waehrend-der-bauzeit,candidate_url_filtered
A8,construction_notice,https://www.autobahn.de/betrieb-verkehr/verkehrsmeldung/a8-fahrbahnsanierung-zwischen-der-as-heusweiler-und-dem-ak-saarbruecken-update-1,20251209072625,2025-12-09,20251209072625,1,https://web.archive.org/web/20251209072625/https://www.autobahn.de/betrieb-verkehr/verkehrsmeldung/a8-fahrbahnsanierung-zwischen-der-as-heusweiler-und-dem-ak-saarbruecken-update-1,candidate_url_filtered
A8,construction_notice,https://www.autobahn.de/betrieb-verkehr/verkehrsmeldung/a8-anschlussstelle-stuttgart-degerloch-anschlussstelle-moehringen-asphalterneuerung-rund-ums-echterdinger-ei-6,20251209073816,2025-12-09,20251209073816,1,https://web.archive.org/web/20251209073816/https://www.autobahn.de/betrieb-verkehr/verkehrsmeldung/a8-anschlussstelle-stuttgart-degerloch-anschlussstelle-moehringen-asphalterneuerung-rund-ums-echterdinger-ei-6,candidate_url_filtered
A8,construction_notice,https://www.autobahn.de/betrieb-verkehr/verkehrsmeldung/a8-schliessung-des-mitfahrerparkplatzes-in-hoehe-der-anschlussstelle-as-zweibruecken-ixheim,20251209082952,2025-12-09,20251209082952,1,https://web.archive.org/web/20251209082952/https://www.autobahn.de/betrieb-verkehr/verkehrsmeldung/a8-schliessung-des-mitfahrerparkplatzes-in-hoehe-der-anschlussstelle-as-zweibruecken-ixheim,candidate_url_filtered
A8,construction_notice,https://www.autobahn.de/betrieb-verkehr/verkehrsmeldung/a8-zwsch-karlsbad-und-pforzheim-west-instandsetzung-an-den-betongleitwaenden-im-mittelstreifen,20251209083139,2025-12-09,20251209083139,1,https://web.archive.org/web/20251209083139/https://www.autobahn.de/betrieb-verkehr/verkehrsmeldung/a8-zwsch-karlsbad-und-pforzheim-west-instandsetzung-an-den-betongleitwaenden-im-mittelstreifen,candidate_url_filtered
A8,construction_notice,https://www.autobahn.de/betrieb-verkehr/verkehrsmeldung/a8-erste-brueckenhaelfte-der-neuen-kasbruchtalbruecke-wird-in-kuerze-in-betrieb-genommen,20251213144836,2025-12-13,20251213144836,1,https://web.archive.org/web/20251213144836/https://www.autobahn.de/betrieb-verkehr/verkehrsmeldung/a8-erste-brueckenhaelfte-der-neuen-kasbruchtalbruecke-wird-in-kuerze-in-betrieb-genommen,candidate_url_filtered
A8,construction_notice,https://www.autobahn.de/betrieb-verkehr/verkehrsmeldung/a8-fahrbahnsanierung-zwischen-der-as-heusweiler-und-dem-ak-saarbruecken-vollstaendig-abgeschlossen-update,20251214031701,2025-12-14,20251214031701,1,https://web.archive.org/web/20251214031701/https://www.autobahn.de/betrieb-verkehr/verkehrsmeldung/a8-fahrbahnsanierung-zwischen-der-as-heusweiler-und-dem-ak-saarbruecken-vollstaendig-abgeschlossen-update,candidate_url_filtered
A8,project,https://www.autobahn.de/planen-bauen/projekt/a8-erneuerung-der-autobahnbruecke-ueber-die-saalach,20251219075319,2025-12-19,20260109112610,2,https://web.archive.org/web/20251219075319/https://www.autobahn.de/planen-bauen/projekt/a8-erneuerung-der-autobahnbruecke-ueber-die-saalach,candidate_url_filtered
A8,project_update,https://www.autobahn.de/aktuelles/aktuell/autobahn-gmbh-erreicht-meilenstein-beim-ausbau-der-a8-verkehrsumlegung-auf-neue-trasse-bei-pforzheim,20260114014247,2026-01-14,20260114014247,1,https://web.archive.org/web/20260114014247/https://www.autobahn.de/aktuelles/aktuell/autobahn-gmbh-erreicht-meilenstein-beim-ausbau-der-a8-verkehrsumlegung-auf-neue-trasse-bei-pforzheim,candidate_url_filtered
A8,project_update,https://www.autobahn.de/aktuelles/aktuell/sechsstreifiger-ausbau-der-a8-bei-pforzheim-enztalquerung-autobahn-gmbh-informiert-ueber-baufortschritt-und-massnahmen-2026,20260116070901,2026-01-16,20260116070901,1,https://web.archive.org/web/20260116070901/https://www.autobahn.de/aktuelles/aktuell/sechsstreifiger-ausbau-der-a8-bei-pforzheim-enztalquerung-autobahn-gmbh-informiert-ueber-baufortschritt-und-massnahmen-2026,candidate_url_filtered
A8,project,https://www.autobahn.de/planen-bauen/projekt/a8-erneuerung-der-autobahnbruecke-ueber-die-weisse-traun,20260121163121,2026-01-21,20260121163121,1,https://web.archive.org/web/20260121163121/https://www.autobahn.de/planen-bauen/projekt/a8-erneuerung-der-autobahnbruecke-ueber-die-weisse-traun,candidate_url_filtered
A8,construction_notice,https://www.autobahn.de/betrieb-verkehr/verkehrsmeldung/a8-pforzheim-sperrung-b10-am-12-1312-wegen-rueckbau-schutztunnel,20260212013740,2026-02-12,20260212013740,1,https://web.archive.org/web/20260212013740/https://www.autobahn.de/betrieb-verkehr/verkehrsmeldung/a8-pforzheim-sperrung-b10-am-12-1312-wegen-rueckbau-schutztunnel,candidate_url_filtered
A8,construction_notice,https://www.autobahn.de/betrieb-verkehr/verkehrsmeldung/a8-bruecke-bei-seehaus,20260212064224,2026-02-12,20260212064224,1,https://web.archive.org/web/20260212064224/https://www.autobahn.de/betrieb-verkehr/verkehrsmeldung/a8-bruecke-bei-seehaus,candidate_url_filtered
A8,project_update,https://www.autobahn.de/aktuelles/aktuell/startschuss-ausbau-a8-albaufstieg-live-dabei-sein,20260309173013,2026-03-09,20260309173013,1,https://web.archive.org/web/20260309173013/https://www.autobahn.de/aktuelles/aktuell/startschuss-ausbau-a8-albaufstieg-live-dabei-sein,candidate_url_filtered
A8,project_update,https://www.autobahn.de/aktuelles/aktuell/sechsstreifiger-ausbau-des-a8-albaufstiegs-groesstes-autobahnprojekt-in-baden-wuerttemberg-gestartet,20260309173801,2026-03-09,20260309173801,1,https://web.archive.org/web/20260309173801/https://www.autobahn.de/aktuelles/aktuell/sechsstreifiger-ausbau-des-a8-albaufstiegs-groesstes-autobahnprojekt-in-baden-wuerttemberg-gestartet,candidate_url_filtered
A93,project,https://www.autobahn.de/suedbayern/projekte/detail/a93-saalhaupt,20230131133634,2023-01-31,20240415030907,2,https://web.archive.org/web/20230131133634/https://www.autobahn.de/suedbayern/projekte/detail/a93-saalhaupt,candidate_url_filtered
A93,construction_notice,https://www.autobahn.de/die-autobahn/verkehrsmeldungen/detail/a93-beginn-des-ersatzneubaus-der-eichelbachbruecke,20230307033608,2023-03-07,20240221222810,2,https://web.archive.org/web/20230307033608/https://www.autobahn.de/die-autobahn/verkehrsmeldungen/detail/a93-beginn-des-ersatzneubaus-der-eichelbachbruecke,candidate_url_filtered
A93,construction_notice,https://www.autobahn.de/suedbayern/verkehrsmeldungen/detail/a93-dreieck-saalhaupt-as-regensburg-sued-3,20230328043841,2023-03-28,20230328043841,1,https://web.archive.org/web/20230328043841/https://www.autobahn.de/suedbayern/verkehrsmeldungen/detail/a93-dreieck-saalhaupt-as-regensburg-sued-3,candidate_url_filtered
A93,project_update,https://www.autobahn.de/suedbayern/aktuelles/detail/a93-tunnel-pfaffenstein,20230328043855,2023-03-28,20230328043855,1,https://web.archive.org/web/20230328043855/https://www.autobahn.de/suedbayern/aktuelles/detail/a93-tunnel-pfaffenstein,candidate_url_filtered
A93,construction_notice,https://www.autobahn.de/suedbayern/verkehrsmeldungen/detail/a93-dreieck-saalhaupt-as-regensburg-sued-2,20230328044112,2023-03-28,20230328044112,1,https://web.archive.org/web/20230328044112/https://www.autobahn.de/suedbayern/verkehrsmeldungen/detail/a93-dreieck-saalhaupt-as-regensburg-sued-2,candidate_url_filtered
A93,construction_notice,https://www.autobahn.de/suedbayern/verkehrsmeldungen/detail/a93-tunnel-pfaffenstein-1,20230328044123,2023-03-28,20230328044123,1,https://web.archive.org/web/20230328044123/https://www.autobahn.de/suedbayern/verkehrsmeldungen/detail/a93-tunnel-pfaffenstein-1,candidate_url_filtered
A93,construction_notice,https://www.autobahn.de/nordbayern/verkehrsmeldungen/detail/a93-beginn-des-ersatzneubaus-der-eichelbachbruecke,20230328101532,2023-03-28,20230328101532,1,https://web.archive.org/web/20230328101532/https://www.autobahn.de/nordbayern/verkehrsmeldungen/detail/a93-beginn-des-ersatzneubaus-der-eichelbachbruecke,candidate_url_filtered
A93,project_update,https://www.autobahn.de/die-autobahn/aktuelles/detail/a93-tunnel-pfaffenstein,20230330181541,2023-03-30,20240415031952,2,https://web.archive.org/web/20230330181541/https://www.autobahn.de/die-autobahn/aktuelles/detail/a93-tunnel-pfaffenstein,candidate_url_filtered
A93,project,https://www.autobahn.de/die-autobahn/projekte/detail/a93-saalhaupt,20230406114111,2023-04-06,20240119095141,2,https://web.archive.org/web/20230406114111/https://www.autobahn.de/die-autobahn/projekte/detail/a93-saalhaupt,candidate_url_filtered
A93,construction_notice,https://www.autobahn.de/nordbayern/verkehrsmeldungen/detail/a93-baubeginn-fuer-die-fahrbahnerneuerung-und-brueckeninstandsetzung-zwischen-den-anschlussstellen-weiden-nord-und-weiden-sued,20230508134337,2023-05-08,20230508134337,1,https://web.archive.org/web/20230508134337/https://www.autobahn.de/nordbayern/verkehrsmeldungen/detail/a93-baubeginn-fuer-die-fahrbahnerneuerung-und-brueckeninstandsetzung-zwischen-den-anschlussstellen-weiden-nord-und-weiden-sued,candidate_url_filtered
A93,construction_notice,https://www.autobahn.de/nordbayern/verkehrsmeldungen/detail/a93-deckenerneuerung-zwischen-den-anschlussstellen-schwarzenfeld-und-schwandorf-sued-in-fahrtrichtung-weiden,20230613144918,2023-06-13,20230613144918,1,https://web.archive.org/web/20230613144918/https://www.autobahn.de/nordbayern/verkehrsmeldungen/detail/a93-deckenerneuerung-zwischen-den-anschlussstellen-schwarzenfeld-und-schwandorf-sued-in-fahrtrichtung-weiden,candidate_url_filtered
A93,construction_notice,https://www.autobahn.de/suedbayern/verkehrsmeldungen/detail/a93-dreieck-saalhaupt-as-regensburg-sued-6,20230620134820,2023-06-20,20230620134820,1,https://web.archive.org/web/20230620134820/https://www.autobahn.de/suedbayern/verkehrsmeldungen/detail/a93-dreieck-saalhaupt-as-regensburg-sued-6,candidate_url_filtered
A93,construction_notice,https://www.autobahn.de/a93-saalhaupt/downloads-1,20230922055923,2023-09-22,20240618132235,2,https://web.archive.org/web/20230922055923/https://www.autobahn.de/a93-saalhaupt/downloads-1,candidate_url_filtered
A93,project_update,https://www.autobahn.de/die-autobahn/aktuelles/detail/a93-dreieck-saalhaupt-as-regensburg-sued-7,20240120022340,2024-01-20,20240120022340,1,https://web.archive.org/web/20240120022340/https://www.autobahn.de/die-autobahn/aktuelles/detail/a93-dreieck-saalhaupt-as-regensburg-sued-7,candidate_url_filtered
A93,project_update,https://www.autobahn.de/die-autobahn/aktuelles/detail/a93-dreieck-saalhaupt-as-regensburg-sued-9,20240120022342,2024-01-20,20240120022342,1,https://web.archive.org/web/20240120022342/https://www.autobahn.de/die-autobahn/aktuelles/detail/a93-dreieck-saalhaupt-as-regensburg-sued-9,candidate_url_filtered
A93,project_update,https://www.autobahn.de/die-autobahn/aktuelles/detail/a93-dreieck-saalhaupt-as-regensburg-sued-11,20240120022348,2024-01-20,20240120022348,1,https://web.archive.org/web/20240120022348/https://www.autobahn.de/die-autobahn/aktuelles/detail/a93-dreieck-saalhaupt-as-regensburg-sued-11,candidate_url_filtered
A93,construction_notice,https://www.autobahn.de/a93-saalhaupt/downloads,20240120022350,2024-01-20,20240120022350,1,https://web.archive.org/web/20240120022350/https://www.autobahn.de/a93-saalhaupt/downloads,candidate_url_filtered
A93,construction_notice,https://www.autobahn.de/a93-saalhaupt/verkehrseinschraenkungen-und-alternativen,20240120022351,2024-01-20,20240120022351,1,https://web.archive.org/web/20240120022351/https://www.autobahn.de/a93-saalhaupt/verkehrseinschraenkungen-und-alternativen,candidate_url_filtered
A93,project_update,https://www.autobahn.de/die-autobahn/aktuelles/detail/a93-dreieck-saalhaupt-as-regensburg-sued-6,20240120022352,2024-01-20,20240120022352,1,https://web.archive.org/web/20240120022352/https://www.autobahn.de/die-autobahn/aktuelles/detail/a93-dreieck-saalhaupt-as-regensburg-sued-6,candidate_url_filtered
A93,project_update,https://www.autobahn.de/die-autobahn/aktuelles/detail/a93-dreieck-saalhaupt-as-regensburg-sued-10,20240120022353,2024-01-20,20240120022353,1,https://web.archive.org/web/20240120022353/https://www.autobahn.de/die-autobahn/aktuelles/detail/a93-dreieck-saalhaupt-as-regensburg-sued-10,candidate_url_filtered
A93,construction_notice,https://www.autobahn.de/die-autobahn/verkehrsmeldungen/detail/a93-baustellenverkehrsfuehrung-zwischen-dem-autobahndreieck-hochfranken-und-der-anschlussstelle-regnitzlosau-einschliesslich-zeitweiser-spangensperrung,20240220220512,2024-02-20,20240220220512,1,https://web.archive.org/web/20240220220512/https://www.autobahn.de/die-autobahn/verkehrsmeldungen/detail/a93-baustellenverkehrsfuehrung-zwischen-dem-autobahndreieck-hochfranken-und-der-anschlussstelle-regnitzlosau-einschliesslich-zeitweiser-spangensperrung,candidate_url_filtered
A93,construction_notice,https://www.autobahn.de/a93-dreieck-saalhaupt-as-regensburg-sued-8,20240221025433,2024-02-21,20240221025433,1,https://web.archive.org/web/20240221025433/https://www.autobahn.de/a93-dreieck-saalhaupt-as-regensburg-sued-8,candidate_url_filtered
A93,construction_notice,https://www.autobahn.de/die-autobahn/verkehrsmeldungen/detail/a93-dreieck-saalhaupt-as-regensburg-sued,20240221122338,2024-02-21,20240221122338,1,https://web.archive.org/web/20240221122338/https://www.autobahn.de/die-autobahn/verkehrsmeldungen/detail/a93-dreieck-saalhaupt-as-regensburg-sued,candidate_url_filtered
A93,construction_notice,https://www.autobahn.de/die-autobahn/verkehrsmeldungen/detail/a93-tunnel-pfaffenstein-1,20240221182706,2024-02-21,20240221182706,1,https://web.archive.org/web/20240221182706/https://www.autobahn.de/die-autobahn/verkehrsmeldungen/detail/a93-tunnel-pfaffenstein-1,candidate_url_filtered
A93,construction_notice,https://www.autobahn.de/die-autobahn/verkehrsmeldungen/detail/a93-dreieck-saalhaupt-as-regensburg-sued-9,20240221183751,2024-02-21,20240221183751,1,https://web.archive.org/web/20240221183751/https://www.autobahn.de/die-autobahn/verkehrsmeldungen/detail/a93-dreieck-saalhaupt-as-regensburg-sued-9,candidate_url_filtered
A93,construction_notice,https://www.autobahn.de/die-autobahn/verkehrsmeldungen/detail/a93-deckenerneuerung-zwischen-den-anschlussstellen-schwandorf-sued-und-teublitz-in-fahrtrichtung-regensburg,20240222022402,2024-02-22,20240222022402,1,https://web.archive.org/web/20240222022402/https://www.autobahn.de/die-autobahn/verkehrsmeldungen/detail/a93-deckenerneuerung-zwischen-den-anschlussstellen-schwandorf-sued-und-teublitz-in-fahrtrichtung-regensburg,candidate_url_filtered
A93,construction_notice,https://www.autobahn.de/die-autobahn/verkehrsmeldungen/detail/a93-dreieck-saalhaupt-as-regensburg-sued-11,20240222073320,2024-02-22,20240222073320,1,https://web.archive.org/web/20240222073320/https://www.autobahn.de/die-autobahn/verkehrsmeldungen/detail/a93-dreieck-saalhaupt-as-regensburg-sued-11,candidate_url_filtered
A93,construction_notice,https://www.autobahn.de/a93-baubeginn-fuer-die-erneuerung-der-asphaltdeckschicht-zwischen-den-anschlussstellen-weiden-frauenricht-und-weiden-sued,20240222082242,2024-02-22,20240222082242,1,https://web.archive.org/web/20240222082242/https://www.autobahn.de/a93-baubeginn-fuer-die-erneuerung-der-asphaltdeckschicht-zwischen-den-anschlussstellen-weiden-frauenricht-und-weiden-sued,candidate_url_filtered
A93,construction_notice,https://www.autobahn.de/a93-deckenerneuerung-zwischen-den-anschlussstellen-schwandorf-sued-und-schwandorf-mitte-in-fahrtrichtung-weiden,20240222175402,2024-02-22,20240222175402,1,https://web.archive.org/web/20240222175402/https://www.autobahn.de/a93-deckenerneuerung-zwischen-den-anschlussstellen-schwandorf-sued-und-schwandorf-mitte-in-fahrtrichtung-weiden,candidate_url_filtered
A93,construction_notice,https://www.autobahn.de/a93-deckenerneuerung-zwischen-den-anschlussstellen-schwarzenfeld-und-schwandorf-sued-in-fahrtrichtung-weiden,20240222185652,2024-02-22,20240222185652,1,https://web.archive.org/web/20240222185652/https://www.autobahn.de/a93-deckenerneuerung-zwischen-den-anschlussstellen-schwarzenfeld-und-schwandorf-sued-in-fahrtrichtung-weiden,candidate_url_filtered
A93,construction_notice,https://www.autobahn.de/a93-baubeginn-fuer-die-fahrbahnerneuerung-und-brueckeninstandsetzung-zwischen-der-anschlussstelle-marktredwitz-sued-und-der-anschlussstelle-mitterteich-nord,20240222202432,2024-02-22,20240222202432,1,https://web.archive.org/web/20240222202432/https://www.autobahn.de/a93-baubeginn-fuer-die-fahrbahnerneuerung-und-brueckeninstandsetzung-zwischen-der-anschlussstelle-marktredwitz-sued-und-der-anschlussstelle-mitterteich-nord,candidate_url_filtered
A93,construction_notice,https://www.autobahn.de/die-autobahn/verkehrsmeldungen/detail/a93-deckenerneuerung-zwischen-den-anschlussstellen-schwarzenfeld-und-schwandorf-sued-in-fahrtrichtung-weiden,20240222204454,2024-02-22,20240222204454,1,https://web.archive.org/web/20240222204454/https://www.autobahn.de/die-autobahn/verkehrsmeldungen/detail/a93-deckenerneuerung-zwischen-den-anschlussstellen-schwarzenfeld-und-schwandorf-sued-in-fahrtrichtung-weiden,candidate_url_filtered
A93,construction_notice,https://www.autobahn.de/a93-deckenerneuerung-zwischen-den-anschlussstellen-schwandorf-sued-und-teublitz-in-fahrtrichtung-regensburg-3,20240222215533,2024-02-22,20240222215533,1,https://web.archive.org/web/20240222215533/https://www.autobahn.de/a93-deckenerneuerung-zwischen-den-anschlussstellen-schwandorf-sued-und-teublitz-in-fahrtrichtung-regensburg-3,candidate_url_filtered
A93,construction_notice,https://www.autobahn.de/die-autobahn/verkehrsmeldungen/detail/a93-as-regensburg-sued-ad-saalhaupt-6,20240223001053,2024-02-23,20240223001053,1,https://web.archive.org/web/20240223001053/https://www.autobahn.de/die-autobahn/verkehrsmeldungen/detail/a93-as-regensburg-sued-ad-saalhaupt-6,candidate_url_filtered
A93,construction_notice,https://www.autobahn.de/a93-dreieck-saalhaupt-as-regensburg-sued-2,20240223002119,2024-02-23,20240223002119,1,https://web.archive.org/web/20240223002119/https://www.autobahn.de/a93-dreieck-saalhaupt-as-regensburg-sued-2,candidate_url_filtered
A93,construction_notice,https://www.autobahn.de/a93-deckenerneuerung-zwischen-den-anschlussstellen-schwandorf-sued-und-teublitz-in-fahrtrichtung-regensburg,20240223012754,2024-02-23,20240223012754,1,https://web.archive.org/web/20240223012754/https://www.autobahn.de/a93-deckenerneuerung-zwischen-den-anschlussstellen-schwandorf-sued-und-teublitz-in-fahrtrichtung-regensburg,candidate_url_filtered
A93,construction_notice,https://www.autobahn.de/a93-baustellenverkehrsfuehrung-zwischen-dem-autobahndreieck-hochfranken-und-der-anschlussstelle-regnitzlosau-einschliesslich-zeitweiser-spangensperrung,20240224055715,2024-02-24,20240224055715,1,https://web.archive.org/web/20240224055715/https://www.autobahn.de/a93-baustellenverkehrsfuehrung-zwischen-dem-autobahndreieck-hochfranken-und-der-anschlussstelle-regnitzlosau-einschliesslich-zeitweiser-spangensperrung,candidate_url_filtered
A93,construction_notice,https://www.autobahn.de/die-autobahn/verkehrsmeldungen/detail/a93-dreieck-saalhaupt-as-regensburg-sued-6,20240224183446,2024-02-24,20240224183446,1,https://web.archive.org/web/20240224183446/https://www.autobahn.de/die-autobahn/verkehrsmeldungen/detail/a93-dreieck-saalhaupt-as-regensburg-sued-6,candidate_url_filtered
A93,construction_notice,https://www.autobahn.de/die-autobahn/verkehrsmeldungen/detail/a93-deckenerneuerung-zwischen-den-anschlussstellen-schwandorf-sued-und-teublitz-in-fahrtrichtung-regensburg-3,20240224192544,2024-02-24,20240224192544,1,https://web.archive.org/web/20240224192544/https://www.autobahn.de/die-autobahn/verkehrsmeldungen/detail/a93-deckenerneuerung-zwischen-den-anschlussstellen-schwandorf-sued-und-teublitz-in-fahrtrichtung-regensburg-3,candidate_url_filtered
A93,construction_notice,https://www.autobahn.de/a93-as-regensburg-sued-ad-saalhaupt,20240224202110,2024-02-24,20240224202110,1,https://web.archive.org/web/20240224202110/https://www.autobahn.de/a93-as-regensburg-sued-ad-saalhaupt,candidate_url_filtered
A93,construction_notice,https://www.autobahn.de/die-autobahn/verkehrsmeldungen/detail/a93-as-regensburg-sued-ad-saalhaupt-7,20240224224808,2024-02-24,20240224224808,1,https://web.archive.org/web/20240224224808/https://www.autobahn.de/die-autobahn/verkehrsmeldungen/detail/a93-as-regensburg-sued-ad-saalhaupt-7,candidate_url_filtered
A93,construction_notice,https://www.autobahn.de/die-autobahn/verkehrsmeldungen/detail/a93-dreieck-saalhaupt-as-regensburg-sued-2,20240225015557,2024-02-25,20240225015557,1,https://web.archive.org/web/20240225015557/https://www.autobahn.de/die-autobahn/verkehrsmeldungen/detail/a93-dreieck-saalhaupt-as-regensburg-sued-2,candidate_url_filtered
A93,construction_notice,https://www.autobahn.de/die-autobahn/verkehrsmeldungen/detail/a93-dreieck-saalhaupt-as-regensburg-sued-8,20240225220058,2024-02-25,20240225220058,1,https://web.archive.org/web/20240225220058/https://www.autobahn.de/die-autobahn/verkehrsmeldungen/detail/a93-dreieck-saalhaupt-as-regensburg-sued-8,candidate_url_filtered
A93,construction_notice,https://www.autobahn.de/a93-dreieck-saalhaupt-as-regensburg-sued-9,20240226005939,2024-02-26,20240226005939,1,https://web.archive.org/web/20240226005939/https://www.autobahn.de/a93-dreieck-saalhaupt-as-regensburg-sued-9,candidate_url_filtered
A93,construction_notice,https://www.autobahn.de/a93-dreieck-saalhaupt-as-regensburg-sued-5,20240226015433,2024-02-26,20240226015433,1,https://web.archive.org/web/20240226015433/https://www.autobahn.de/a93-dreieck-saalhaupt-as-regensburg-sued-5,candidate_url_filtered
A93,construction_notice,https://www.autobahn.de/die-autobahn/verkehrsmeldungen/detail/a93-dreieck-saalhaupt-as-regensburg-sued-4,20240226051202,2024-02-26,20240226051202,1,https://web.archive.org/web/20240226051202/https://www.autobahn.de/die-autobahn/verkehrsmeldungen/detail/a93-dreieck-saalhaupt-as-regensburg-sued-4,candidate_url_filtered
A93,construction_notice,https://www.autobahn.de/a93-saalhaupt,20240226111506,2024-02-26,20240226111506,1,https://web.archive.org/web/20240226111506/https://www.autobahn.de/a93-saalhaupt,candidate_url_filtered
A93,construction_notice,https://www.autobahn.de/die-autobahn/verkehrsmeldungen/detail/a93-dreieck-saalhaupt-as-regensburg-sued-10,20240226172506,2024-02-26,20240226172506,1,https://web.archive.org/web/20240226172506/https://www.autobahn.de/die-autobahn/verkehrsmeldungen/detail/a93-dreieck-saalhaupt-as-regensburg-sued-10,candidate_url_filtered
A93,construction_notice,https://www.autobahn.de/a93-beginn-des-ersatzneubaus-der-eichelbachbruecke,20240227023207,2024-02-27,20240227023207,1,https://web.archive.org/web/20240227023207/https://www.autobahn.de/a93-beginn-des-ersatzneubaus-der-eichelbachbruecke,candidate_url_filtered
A93,construction_notice,https://www.autobahn.de/a93-deckenerneuerung-zwischen-den-anschlussstellen-schwandorf-sued-und-teublitz-in-fahrtrichtung-regensburg-1,20240227074131,2024-02-27,20240227074131,1,https://web.archive.org/web/20240227074131/https://www.autobahn.de/a93-deckenerneuerung-zwischen-den-anschlussstellen-schwandorf-sued-und-teublitz-in-fahrtrichtung-regensburg-1,candidate_url_filtered
A93,construction_notice,https://www.autobahn.de/a93-baubeginn-fuer-die-fahrbahnerneuerung-und-brueckeninstandsetzung-zwischen-dem-autobahndreieck-hochfranken-und-der-anschlussstelle-regnitzlosau,20240227080635,2024-02-27,20240227080635,1,https://web.archive.org/web/20240227080635/https://www.autobahn.de/a93-baubeginn-fuer-die-fahrbahnerneuerung-und-brueckeninstandsetzung-zwischen-dem-autobahndreieck-hochfranken-und-der-anschlussstelle-regnitzlosau,candidate_url_filtered
A93,construction_notice,https://www.autobahn.de/die-autobahn/verkehrsmeldungen/detail/a93-baubeginn-fuer-die-fahrbahnerneuerung-und-brueckeninstandsetzung-zwischen-der-anschlussstelle-marktredwitz-sued-und-der-anschlussstelle-mitterteich-nord,20240227093249,2024-02-27,20240227093249,1,https://web.archive.org/web/20240227093249/https://www.autobahn.de/die-autobahn/verkehrsmeldungen/detail/a93-baubeginn-fuer-die-fahrbahnerneuerung-und-brueckeninstandsetzung-zwischen-der-anschlussstelle-marktredwitz-sued-und-der-anschlussstelle-mitterteich-nord,candidate_url_filtered
A93,construction_notice,https://www.autobahn.de/a93-deckenerneuerung-zwischen-den-anschlussstellen-schwandorf-sued-und-teublitz-in-fahrtrichtung-weiden,20240227162810,2024-02-27,20240227162810,1,https://web.archive.org/web/20240227162810/https://www.autobahn.de/a93-deckenerneuerung-zwischen-den-anschlussstellen-schwandorf-sued-und-teublitz-in-fahrtrichtung-weiden,candidate_url_filtered
A93,construction_notice,https://www.autobahn.de/die-autobahn/verkehrsmeldungen/detail/a93/a6-teilsperrungen-des-autobahnkreuzes-oberpfaelzer-wald-aufgrund-von-fahrbahninstandsetzungsarbeiten,20240227180920,2024-02-27,20240227180920,1,https://web.archive.org/web/20240227180920/https://www.autobahn.de/die-autobahn/verkehrsmeldungen/detail/a93/a6-teilsperrungen-des-autobahnkreuzes-oberpfaelzer-wald-aufgrund-von-fahrbahninstandsetzungsarbeiten,candidate_url_filtered
A93,construction_notice,https://www.autobahn.de/die-autobahn/verkehrsmeldungen/detail/a93-as-regensburg-sued-ad-saalhaupt,20240227181034,2024-02-27,20240227181034,1,https://web.archive.org/web/20240227181034/https://www.autobahn.de/die-autobahn/verkehrsmeldungen/detail/a93-as-regensburg-sued-ad-saalhaupt,candidate_url_filtered
A93,construction_notice,https://www.autobahn.de/die-autobahn/verkehrsmeldungen/detail/a93-as-regensburg-sued-ad-saalhaupt-3,20240227192944,2024-02-27,20240227192944,1,https://web.archive.org/web/20240227192944/https://www.autobahn.de/die-autobahn/verkehrsmeldungen/detail/a93-as-regensburg-sued-ad-saalhaupt-3,candidate_url_filtered
A93,construction_notice,https://www.autobahn.de/die-autobahn/verkehrsmeldungen/detail/a93-deckenerneuerung-zwischen-den-anschlussstellen-schwandorf-sued-und-schwandorf-mitte-in-fahrtrichtung-weiden,20240228061924,2024-02-28,20240228061924,1,https://web.archive.org/web/20240228061924/https://www.autobahn.de/die-autobahn/verkehrsmeldungen/detail/a93-deckenerneuerung-zwischen-den-anschlussstellen-schwandorf-sued-und-schwandorf-mitte-in-fahrtrichtung-weiden,candidate_url_filtered
A93,construction_notice,https://www.autobahn.de/a93-as-regensburg-sued-ad-saalhaupt-7,20240228094154,2024-02-28,20240228094154,1,https://web.archive.org/web/20240228094154/https://www.autobahn.de/a93-as-regensburg-sued-ad-saalhaupt-7,candidate_url_filtered
A93,construction_notice,https://www.autobahn.de/a93-dreieck-saalhaupt-as-regensburg-sued-6,20240228151229,2024-02-28,20240228151229,1,https://web.archive.org/web/20240228151229/https://www.autobahn.de/a93-dreieck-saalhaupt-as-regensburg-sued-6,candidate_url_filtered
A93,construction_notice,https://www.autobahn.de/a93-as-regensburg-sued-ad-saalhaupt-4,20240228190727,2024-02-28,20240228190727,1,https://web.archive.org/web/20240228190727/https://www.autobahn.de/a93-as-regensburg-sued-ad-saalhaupt-4,candidate_url_filtered
A93,construction_notice,https://www.autobahn.de/die-autobahn/verkehrsmeldungen/detail/a93-as-regensburg-sued-ad-saalhaupt-2,20240228203004,2024-02-28,20240228203004,1,https://web.archive.org/web/20240228203004/https://www.autobahn.de/die-autobahn/verkehrsmeldungen/detail/a93-as-regensburg-sued-ad-saalhaupt-2,candidate_url_filtered
A93,construction_notice,https://www.autobahn.de/a93-baubeginn-fuer-die-fahrbahnerneuerung-und-brueckeninstandsetzung-zwischen-den-anschlussstellen-weiden-nord-und-weiden-sued,20240228221419,2024-02-28,20240228221419,1,https://web.archive.org/web/20240228221419/https://www.autobahn.de/a93-baubeginn-fuer-die-fahrbahnerneuerung-und-brueckeninstandsetzung-zwischen-den-anschlussstellen-weiden-nord-und-weiden-sued,candidate_url_filtered
A93,construction_notice,https://www.autobahn.de/die-autobahn/verkehrsmeldungen/detail/a93-as-regensburg-sued-ad-saalhaupt-5,20240229045230,2024-02-29,20240229045230,1,https://web.archive.org/web/20240229045230/https://www.autobahn.de/die-autobahn/verkehrsmeldungen/detail/a93-as-regensburg-sued-ad-saalhaupt-5,candidate_url_filtered
A93,construction_notice,https://www.autobahn.de/a93/a6-teilsperrungen-des-autobahnkreuzes-oberpfaelzer-wald-aufgrund-von-fahrbahninstandsetzungsarbeiten,20240229061822,2024-02-29,20240229061822,1,https://web.archive.org/web/20240229061822/https://www.autobahn.de/a93/a6-teilsperrungen-des-autobahnkreuzes-oberpfaelzer-wald-aufgrund-von-fahrbahninstandsetzungsarbeiten,candidate_url_filtered
A93,construction_notice,https://www.autobahn.de/a93-deckenerneuerung-zwischen-den-anschlussstellen-schwandorf-sued-und-teublitz-in-fahrtrichtung-regensburg-2,20240229125133,2024-02-29,20240229125133,1,https://web.archive.org/web/20240229125133/https://www.autobahn.de/a93-deckenerneuerung-zwischen-den-anschlussstellen-schwandorf-sued-und-teublitz-in-fahrtrichtung-regensburg-2,candidate_url_filtered
A93,construction_notice,https://www.autobahn.de/a93-endspurt-fuer-die-fahrbahnerneuerung-und-bauwerksinstandsetzung-auf-der-a93-zwischen-den-anschlussstellen-weiden-nord-und-weiden-sued,20240229205300,2024-02-29,20240229205300,1,https://web.archive.org/web/20240229205300/https://www.autobahn.de/a93-endspurt-fuer-die-fahrbahnerneuerung-und-bauwerksinstandsetzung-auf-der-a93-zwischen-den-anschlussstellen-weiden-nord-und-weiden-sued,candidate_url_filtered
A93,construction_notice,https://www.autobahn.de/die-autobahn/verkehrsmeldungen/detail/a93-endspurt-fuer-die-fahrbahnerneuerung-und-bauwerksinstandsetzung-auf-der-a93-zwischen-den-anschlussstellen-weiden-nord-und-weiden-sued,20240229211904,2024-02-29,20240229211904,1,https://web.archive.org/web/20240229211904/https://www.autobahn.de/die-autobahn/verkehrsmeldungen/detail/a93-endspurt-fuer-die-fahrbahnerneuerung-und-bauwerksinstandsetzung-auf-der-a93-zwischen-den-anschlussstellen-weiden-nord-und-weiden-sued,candidate_url_filtered
A93,construction_notice,https://www.autobahn.de/a93-as-regensburg-sued-ad-saalhaupt-3,20240229222056,2024-02-29,20240229222056,1,https://web.archive.org/web/20240229222056/https://www.autobahn.de/a93-as-regensburg-sued-ad-saalhaupt-3,candidate_url_filtered
A93,construction_notice,https://www.autobahn.de/die-autobahn/verkehrsmeldungen/detail/a93-dreieck-saalhaupt-as-regensburg-sued-3,20240301112408,2024-03-01,20240301112408,1,https://web.archive.org/web/20240301112408/https://www.autobahn.de/die-autobahn/verkehrsmeldungen/detail/a93-dreieck-saalhaupt-as-regensburg-sued-3,candidate_url_filtered
A93,construction_notice,https://www.autobahn.de/a93-as-regensburg-sued-ad-saalhaupt-2,20240301120914,2024-03-01,20240301120914,1,https://web.archive.org/web/20240301120914/https://www.autobahn.de/a93-as-regensburg-sued-ad-saalhaupt-2,candidate_url_filtered
A93,construction_notice,https://www.autobahn.de/die-autobahn/verkehrsmeldungen/detail/a93-baubeginn-fuer-die-fahrbahnerneuerung-und-brueckeninstandsetzung-zwischen-den-anschlussstellen-weiden-nord-und-weiden-sued,20240301134255,2024-03-01,20240301134255,1,https://web.archive.org/web/20240301134255/https://www.autobahn.de/die-autobahn/verkehrsmeldungen/detail/a93-baubeginn-fuer-die-fahrbahnerneuerung-und-brueckeninstandsetzung-zwischen-den-anschlussstellen-weiden-nord-und-weiden-sued,candidate_url_filtered
A93,construction_notice,https://www.autobahn.de/a93-dreieck-saalhaupt-as-regensburg-sued-4,20240301141149,2024-03-01,20240301141149,1,https://web.archive.org/web/20240301141149/https://www.autobahn.de/a93-dreieck-saalhaupt-as-regensburg-sued-4,candidate_url_filtered
A93,construction_notice,https://www.autobahn.de/die-autobahn/verkehrsmeldungen/detail/a93-dreieck-saalhaupt-as-regensburg-sued-5,20240302210719,2024-03-02,20240302210719,1,https://web.archive.org/web/20240302210719/https://www.autobahn.de/die-autobahn/verkehrsmeldungen/detail/a93-dreieck-saalhaupt-as-regensburg-sued-5,candidate_url_filtered
A93,construction_notice,https://www.autobahn.de/nordbayern/verkehrsmeldungen/detail/a93-endspurt-fuer-die-fahrbahnerneuerung-und-bauwerksinstandsetzung-auf-der-a93-zwischen-den-anschlussstellen-weiden-nord-und-weiden-sued,20240302233506,2024-03-02,20240302233506,1,https://web.archive.org/web/20240302233506/https://www.autobahn.de/nordbayern/verkehrsmeldungen/detail/a93-endspurt-fuer-die-fahrbahnerneuerung-und-bauwerksinstandsetzung-auf-der-a93-zwischen-den-anschlussstellen-weiden-nord-und-weiden-sued,candidate_url_filtered
A93,construction_notice,https://www.autobahn.de/suedbayern/verkehrsmeldungen/detail/a93-dreieck-saalhaupt-as-regensburg-sued-11,20240303002318,2024-03-03,20240303002318,1,https://web.archive.org/web/20240303002318/https://www.autobahn.de/suedbayern/verkehrsmeldungen/detail/a93-dreieck-saalhaupt-as-regensburg-sued-11,candidate_url_filtered
A93,construction_notice,https://www.autobahn.de/a93-dreieck-saalhaupt-as-regensburg-sued-1,20240304004204,2024-03-04,20240304004204,1,https://web.archive.org/web/20240304004204/https://www.autobahn.de/a93-dreieck-saalhaupt-as-regensburg-sued-1,candidate_url_filtered
A93,construction_notice,https://www.autobahn.de/a93-dreieck-saalhaupt-as-regensburg-sued,20240304015824,2024-03-04,20240304015824,1,https://web.archive.org/web/20240304015824/https://www.autobahn.de/a93-dreieck-saalhaupt-as-regensburg-sued,candidate_url_filtered
A93,construction_notice,https://www.autobahn.de/a93-tunnel-pfaffenstein-1,20240304060935,2024-03-04,20240304060935,1,https://web.archive.org/web/20240304060935/https://www.autobahn.de/a93-tunnel-pfaffenstein-1,candidate_url_filtered
A93,construction_notice,https://www.autobahn.de/a93-as-regensburg-sued-ad-saalhaupt-6,20240304091419,2024-03-04,20240304091419,1,https://web.archive.org/web/20240304091419/https://www.autobahn.de/a93-as-regensburg-sued-ad-saalhaupt-6,candidate_url_filtered
A93,construction_notice,https://www.autobahn.de/die-autobahn/verkehrsmeldungen/detail/a93-vollsperrung-der-anschlussstelle-hof-ost-sowie-der-b173-aufgrund-von-sanierungsarbeiten,20240304123938,2024-03-04,20240304123938,1,https://web.archive.org/web/20240304123938/https://www.autobahn.de/die-autobahn/verkehrsmeldungen/detail/a93-vollsperrung-der-anschlussstelle-hof-ost-sowie-der-b173-aufgrund-von-sanierungsarbeiten,candidate_url_filtered
A93,construction_notice,https://www.autobahn.de/die-autobahn/verkehrsmeldungen/detail/a93-grundhafte-fahrbahnerneuerung-an-der-anschlussstelle-regensburg-sued-bis-dreieck-saalhaupt,20240304144953,2024-03-04,20240304144953,1,https://web.archive.org/web/20240304144953/https://www.autobahn.de/die-autobahn/verkehrsmeldungen/detail/a93-grundhafte-fahrbahnerneuerung-an-der-anschlussstelle-regensburg-sued-bis-dreieck-saalhaupt,candidate_url_filtered
A93,construction_notice,https://www.autobahn.de/a93-as-regensburg-sued-ad-saalhaupt-5,20240304172155,2024-03-04,20240304172155,1,https://web.archive.org/web/20240304172155/https://www.autobahn.de/a93-as-regensburg-sued-ad-saalhaupt-5,candidate_url_filtered
A93,construction_notice,https://www.autobahn.de/a93-dreieck-saalhaupt-as-regensburg-sued-10,20240304234623,2024-03-04,20240304234623,1,https://web.archive.org/web/20240304234623/https://www.autobahn.de/a93-dreieck-saalhaupt-as-regensburg-sued-10,candidate_url_filtered
A93,construction_notice,https://www.autobahn.de/die-autobahn/verkehrsmeldungen/detail/a93-as-regensburg-sued-ad-saalhaupt-1,20240305015656,2024-03-05,20240305015656,1,https://web.archive.org/web/20240305015656/https://www.autobahn.de/die-autobahn/verkehrsmeldungen/detail/a93-as-regensburg-sued-ad-saalhaupt-1,candidate_url_filtered
A93,construction_notice,https://www.autobahn.de/a93-dreieck-saalhaupt-as-regensburg-sued-3,20240305021035,2024-03-05,20240305021035,1,https://web.archive.org/web/20240305021035/https://www.autobahn.de/a93-dreieck-saalhaupt-as-regensburg-sued-3,candidate_url_filtered
A93,construction_notice,https://www.autobahn.de/die-autobahn/verkehrsmeldungen/detail/a93-deckenerneuerung-zwischen-den-anschlussstellen-schwandorf-sued-und-teublitz-in-fahrtrichtung-regensburg-2,20240305021238,2024-03-05,20240305021238,1,https://web.archive.org/web/20240305021238/https://www.autobahn.de/die-autobahn/verkehrsmeldungen/detail/a93-deckenerneuerung-zwischen-den-anschlussstellen-schwandorf-sued-und-teublitz-in-fahrtrichtung-regensburg-2,candidate_url_filtered
A93,construction_notice,https://www.autobahn.de/die-autobahn/verkehrsmeldungen/detail/a93-deckenerneuerung-zwischen-den-anschlussstellen-schwandorf-sued-und-teublitz-in-fahrtrichtung-weiden,20240305080333,2024-03-05,20240305080333,1,https://web.archive.org/web/20240305080333/https://www.autobahn.de/die-autobahn/verkehrsmeldungen/detail/a93-deckenerneuerung-zwischen-den-anschlussstellen-schwandorf-sued-und-teublitz-in-fahrtrichtung-weiden,candidate_url_filtered
A93,construction_notice,https://www.autobahn.de/die-autobahn/verkehrsmeldungen/detail/a93-dreieck-saalhaupt-as-regensburg-sued-7,20240305133205,2024-03-05,20240305133205,1,https://web.archive.org/web/20240305133205/https://www.autobahn.de/die-autobahn/verkehrsmeldungen/detail/a93-dreieck-saalhaupt-as-regensburg-sued-7,candidate_url_filtered
A93,construction_notice,https://www.autobahn.de/a93-vollsperrung-der-anschlussstelle-hof-ost-sowie-der-b173-aufgrund-von-sanierungsarbeiten,20240305140959,2024-03-05,20240305140959,1,https://web.archive.org/web/20240305140959/https://www.autobahn.de/a93-vollsperrung-der-anschlussstelle-hof-ost-sowie-der-b173-aufgrund-von-sanierungsarbeiten,candidate_url_filtered
A93,construction_notice,https://www.autobahn.de/die-autobahn/verkehrsmeldungen/detail/a93-tunnel-pfaffenstein-2,20240413015013,2024-04-13,20240413015013,1,https://web.archive.org/web/20240413015013/https://www.autobahn.de/die-autobahn/verkehrsmeldungen/detail/a93-tunnel-pfaffenstein-2,candidate_url_filtered
A93,construction_notice,https://www.autobahn.de/a93-dreieck-saalhaupt-as-regensburg-sued-12,20240417223258,2024-04-17,20240417223258,1,https://web.archive.org/web/20240417223258/https://www.autobahn.de/a93-dreieck-saalhaupt-as-regensburg-sued-12,candidate_url_filtered
A93,construction_notice,https://www.autobahn.de/die-autobahn/verkehrsmeldungen/detail/a93-dreieck-saalhaupt-as-regensburg-sued-12,20240422092737,2024-04-22,20240422092737,1,https://web.archive.org/web/20240422092737/https://www.autobahn.de/die-autobahn/verkehrsmeldungen/detail/a93-dreieck-saalhaupt-as-regensburg-sued-12,candidate_url_filtered
A93,construction_notice,https://www.autobahn.de/a93-tunnel-pfaffenstein-2,20240424195810,2024-04-24,20240424195810,1,https://web.archive.org/web/20240424195810/https://www.autobahn.de/a93-tunnel-pfaffenstein-2,candidate_url_filtered
A93,construction_notice,https://www.autobahn.de/die-autobahn/verkehrsmeldungen/detail/a93-dreieck-saalhaupt-as-regensburg-sued-1,20240518001914,2024-05-18,20240518001914,1,https://web.archive.org/web/20240518001914/https://www.autobahn.de/die-autobahn/verkehrsmeldungen/detail/a93-dreieck-saalhaupt-as-regensburg-sued-1,candidate_url_filtered
A93,construction_notice,https://www.autobahn.de/a93-dreieck-saalhaupt-as-regensburg-sued-7,20240523000714,2024-05-23,20240523000714,1,https://web.archive.org/web/20240523000714/https://www.autobahn.de/a93-dreieck-saalhaupt-as-regensburg-sued-7,candidate_url_filtered
A93,construction_notice,https://www.autobahn.de/die-autobahn/verkehrsmeldungen/detail/a93-baubeginn-fuer-die-erneuerung-der-asphaltdeckschicht-zwischen-den-anschlussstellen-weiden-frauenricht-und-weiden-sued,20240525171527,2024-05-25,20240525171527,1,https://web.archive.org/web/20240525171527/https://www.autobahn.de/die-autobahn/verkehrsmeldungen/detail/a93-baubeginn-fuer-die-erneuerung-der-asphaltdeckschicht-zwischen-den-anschlussstellen-weiden-frauenricht-und-weiden-sued,candidate_url_filtered
A93,construction_notice,https://www.autobahn.de/die-autobahn/verkehrsmeldungen/detail/a93-baubeginn-fuer-die-fahrbahnerneuerung-und-brueckeninstandsetzung-zwischen-dem-autobahndreieck-hochfranken-und-der-anschlussstelle-regnitzlosau,20240528003111,2024-05-28,20240528003111,1,https://web.archive.org/web/20240528003111/https://www.autobahn.de/die-autobahn/verkehrsmeldungen/detail/a93-baubeginn-fuer-die-fahrbahnerneuerung-und-brueckeninstandsetzung-zwischen-dem-autobahndreieck-hochfranken-und-der-anschlussstelle-regnitzlosau,candidate_url_filtered
A93,construction_notice,https://www.autobahn.de/a93-grundhafte-fahrbahnerneuerung-an-der-anschlussstelle-regensburg-sued-bis-dreieck-saalhaupt,20240528022208,2024-05-28,20240528022208,1,https://web.archive.org/web/20240528022208/https://www.autobahn.de/a93-grundhafte-fahrbahnerneuerung-an-der-anschlussstelle-regensburg-sued-bis-dreieck-saalhaupt,candidate_url_filtered
A93,construction_notice,https://www.autobahn.de/a93-dreieck-saalhaupt-as-regensburg-sued-11,20240529094732,2024-05-29,20240529094732,1,https://web.archive.org/web/20240529094732/https://www.autobahn.de/a93-dreieck-saalhaupt-as-regensburg-sued-11,candidate_url_filtered
A93,construction_notice,https://www.autobahn.de/a93-tunnel-pfaffenstein,20240530182857,2024-05-30,20240530182857,1,https://web.archive.org/web/20240530182857/https://www.autobahn.de/a93-tunnel-pfaffenstein,candidate_url_filtered
A93,construction_notice,https://www.autobahn.de/a93-as-regensburg-sued-ad-saalhaupt-1,20240530214718,2024-05-30,20240530214718,1,https://web.archive.org/web/20240530214718/https://www.autobahn.de/a93-as-regensburg-sued-ad-saalhaupt-1,candidate_url_filtered
A93,construction_notice,https://www.autobahn.de/die-autobahn/verkehrsmeldungen/detail/a93-deckenerneuerung-zwischen-den-anschlussstellen-schwandorf-sued-und-teublitz-in-fahrtrichtung-regensburg-1,20240530220352,2024-05-30,20240530220352,1,https://web.archive.org/web/20240530220352/https://www.autobahn.de/die-autobahn/verkehrsmeldungen/detail/a93-deckenerneuerung-zwischen-den-anschlussstellen-schwandorf-sued-und-teublitz-in-fahrtrichtung-regensburg-1,candidate_url_filtered
A93,construction_notice,https://www.autobahn.de/die-autobahn/verkehrsmeldungen/detail/a93-as-regensburg-sued-ad-saalhaupt-4,20240618015251,2024-06-18,20240618015251,1,https://web.archive.org/web/20240618015251/https://www.autobahn.de/die-autobahn/verkehrsmeldungen/detail/a93-as-regensburg-sued-ad-saalhaupt-4,candidate_url_filtered
A93,project_update,https://www.autobahn.de/die-autobahn/aktuelles/detail/a93-dreieck-saalhaupt-as-regensburg-sued-12,20240618090822,2024-06-18,20240618090822,1,https://web.archive.org/web/20240618090822/https://www.autobahn.de/die-autobahn/aktuelles/detail/a93-dreieck-saalhaupt-as-regensburg-sued-12,candidate_url_filtered
A93,project_update,https://www.autobahn.de/die-autobahn/aktuelles/detail/a93-dreieck-saalhaupt-as-regensburg-sued-8,20240618094154,2024-06-18,20240618094154,1,https://web.archive.org/web/20240618094154/https://www.autobahn.de/die-autobahn/aktuelles/detail/a93-dreieck-saalhaupt-as-regensburg-sued-8,candidate_url_filtered
A93,construction_notice,https://www.autobahn.de/betrieb-verkehr/baustellenmeldung/a93-vollsperrung-der-anschlussstelle-selb-west-in-fahrtrichtung-a72-vom-09092024-9-uhr-bis-30102024-ca-18-uhr,20240905082535,2024-09-05,20240905082535,1,https://web.archive.org/web/20240905082535/https://www.autobahn.de/betrieb-verkehr/baustellenmeldung/a93-vollsperrung-der-anschlussstelle-selb-west-in-fahrtrichtung-a72-vom-09092024-9-uhr-bis-30102024-ca-18-uhr,candidate_url_filtered
A93,construction_notice,https://www.autobahn.de/betrieb-verkehr/verkehrsmeldung/a-3-deggendorf-hengersberg-a-92-oberschleissheim-eching-ost-freising-sued-freising-ost-und-landshut-west-dingolfing-ost-a93-saalhaupt-elsendorf,20250701130515,2025-07-01,20250701130515,1,https://web.archive.org/web/20250701130515/https://www.autobahn.de/betrieb-verkehr/verkehrsmeldung/a-3-deggendorf-hengersberg-a-92-oberschleissheim-eching-ost-freising-sued-freising-ost-und-landshut-west-dingolfing-ost-a93-saalhaupt-elsendorf,candidate_url_filtered
A93,construction_notice,https://www.autobahn.de/betrieb-verkehr/verkehrsmeldung/a93-deckenerneuerung-zwischen-den-anschlussstellen-teublitz-und-ponholz-in-fahrtrichtung-regensburg,20250723095523,2025-07-23,20260212011323,2,https://web.archive.org/web/20250723095523/https://www.autobahn.de/betrieb-verkehr/verkehrsmeldung/a93-deckenerneuerung-zwischen-den-anschlussstellen-teublitz-und-ponholz-in-fahrtrichtung-regensburg,candidate_url_filtered
A93,construction_notice,https://www.autobahn.de/betrieb-verkehr/verkehrsmeldung/a93-grundhafte-fahrbahnerneuerung-zwischen-regensburg-sued-und-dreieck-saalhaupt,20250807124613,2025-08-07,20250807124613,1,https://web.archive.org/web/20250807124613/https://www.autobahn.de/betrieb-verkehr/verkehrsmeldung/a93-grundhafte-fahrbahnerneuerung-zwischen-regensburg-sued-und-dreieck-saalhaupt,candidate_url_filtered
A93,construction_notice,https://www.autobahn.de/betrieb-verkehr/verkehrsmeldung/a93-baustellenverkehrsfuehrung-im-bereich-der-as-neustadt-a-d-waldnaab-ab-dem-05052025,20260212002600,2026-02-12,20260212002600,1,https://web.archive.org/web/20260212002600/https://www.autobahn.de/betrieb-verkehr/verkehrsmeldung/a93-baustellenverkehrsfuehrung-im-bereich-der-as-neustadt-a-d-waldnaab-ab-dem-05052025,candidate_url_filtered
A93,construction_notice,https://www.autobahn.de/betrieb-verkehr/verkehrsmeldung/a93-ersatzneubau-der-laermschutzwand-neuhaus-zwischen-den-anschlussstellen-windischeschenbach-und-neustadt-ad-waldnaab-in-fahrtrichtung-regensburg-vom-30062025-bis-29112025,20260212010000,2026-02-12,20260212010000,1,https://web.archive.org/web/20260212010000/https://www.autobahn.de/betrieb-verkehr/verkehrsmeldung/a93-ersatzneubau-der-laermschutzwand-neuhaus-zwischen-den-anschlussstellen-windischeschenbach-und-neustadt-ad-waldnaab-in-fahrtrichtung-regensburg-vom-30062025-bis-29112025,candidate_url_filtered
A93,construction_notice,https://www.autobahn.de/betrieb-verkehr/verkehrsmeldung/a93-kurzzeitige-anhaltungen-zwischen-den-anschlussstellen-wiesau-falkenberg-und-windischeschenbach-wegen-bauarbeiten,20260212010852,2026-02-12,20260212010852,1,https://web.archive.org/web/20260212010852/https://www.autobahn.de/betrieb-verkehr/verkehrsmeldung/a93-kurzzeitige-anhaltungen-zwischen-den-anschlussstellen-wiesau-falkenberg-und-windischeschenbach-wegen-bauarbeiten,candidate_url_filtered
A93,construction_notice,https://www.autobahn.de/betrieb-verkehr/verkehrsmeldung/a93-fahrbahnerneuerung-zwischen-den-anschlussstellen-windischeschenbach-und-neustadt-ad-waldnaab-in-fahrtrichtung-regensburg-vom-17112025-bis-21112025,20260212012037,2026-02-12,20260212012037,1,https://web.archive.org/web/20260212012037/https://www.autobahn.de/betrieb-verkehr/verkehrsmeldung/a93-fahrbahnerneuerung-zwischen-den-anschlussstellen-windischeschenbach-und-neustadt-ad-waldnaab-in-fahrtrichtung-regensburg-vom-17112025-bis-21112025,candidate_url_filtered
