date,record_id,region_code,region_name,country_code,country_name,holiday_class,api_type,name,start_date,end_date,day_index,days_to_end,duration_days,weekday_iso,is_weekend,is_start_date,is_end_date
2023-01-01,13f3463d-9e9f-4605-aeab-f4d9733d7bd7,AT-SB,Salzburg,AT,Austria,public_holiday,Public,New Year's Day,2023-01-01,2023-01-01,0,0,1,7,true,true,true
2023-01-01,a0c1fe95-4cdb-49d1-834e-5489c6c2dc69,AT-SB,Salzburg,AT,Austria,school_holiday,School,Christmas Holidays,2022-12-24,2023-01-06,8,5,14,7,true,false,false
2023-01-01,13f3463d-9e9f-4605-aeab-f4d9733d7bd7,AT-TI,Tyrol,AT,Austria,public_holiday,Public,New Year's Day,2023-01-01,2023-01-01,0,0,1,7,true,true,true
2023-01-01,a0c1fe95-4cdb-49d1-834e-5489c6c2dc69,AT-TI,Tyrol,AT,Austria,school_holiday,School,Christmas Holidays,2022-12-24,2023-01-06,8,5,14,7,true,false,false
2023-01-01,94498ba1-28e3-4dcd-b28f-d7aaf4cc56d7,DE-BY,Bavaria,DE,Germany,public_holiday,Public,New Year's Day,2023-01-01,2023-01-01,0,0,1,7,true,true,true
2023-01-01,5a7eae70-428a-4bf5-8f40-8571e41cd058,DE-BY,Bavaria,DE,Germany,school_holiday,School,Christmas Holidays,2022-12-24,2023-01-07,8,6,15,7,true,false,false
2023-01-02,a0c1fe95-4cdb-49d1-834e-5489c6c2dc69,AT-SB,Salzburg,AT,Austria,school_holiday,School,Christmas Holidays,2022-12-24,2023-01-06,9,4,14,1,false,false,false
2023-01-02,a0c1fe95-4cdb-49d1-834e-5489c6c2dc69,AT-TI,Tyrol,AT,Austria,school_holiday,School,Christmas Holidays,2022-12-24,2023-01-06,9,4,14,1,false,false,false
2023-01-02,5a7eae70-428a-4bf5-8f40-8571e41cd058,DE-BY,Bavaria,DE,Germany,school_holiday,School,Christmas Holidays,2022-12-24,2023-01-07,9,5,15,1,false,false,false
2023-01-03,a0c1fe95-4cdb-49d1-834e-5489c6c2dc69,AT-SB,Salzburg,AT,Austria,school_holiday,School,Christmas Holidays,2022-12-24,2023-01-06,10,3,14,2,false,false,false
2023-01-03,a0c1fe95-4cdb-49d1-834e-5489c6c2dc69,AT-TI,Tyrol,AT,Austria,school_holiday,School,Christmas Holidays,2022-12-24,2023-01-06,10,3,14,2,false,false,false
2023-01-03,5a7eae70-428a-4bf5-8f40-8571e41cd058,DE-BY,Bavaria,DE,Germany,school_holiday,School,Christmas Holidays,2022-12-24,2023-01-07,10,4,15,2,false,false,false
2023-01-04,a0c1fe95-4cdb-49d1-834e-5489c6c2dc69,AT-SB,Salzburg,AT,Austria,school_holiday,School,Christmas Holidays,2022-12-24,2023-01-06,11,2,14,3,false,false,false
2023-01-04,a0c1fe95-4cdb-49d1-834e-5489c6c2dc69,AT-TI,Tyrol,AT,Austria,school_holiday,School,Christmas Holidays,2022-12-24,2023-01-06,11,2,14,3,false,false,false
2023-01-04,5a7eae70-428a-4bf5-8f40-8571e41cd058,DE-BY,Bavaria,DE,Germany,school_holiday,School,Christmas Holidays,2022-12-24,2023-01-07,11,3,15,3,false,false,false
2023-01-05,a0c1fe95-4cdb-49d1-834e-5489c6c2dc69,AT-SB,Salzburg,AT,Austria,school_holiday,School,Christmas Holidays,2022-12-24,2023-01-06,12,1,14,4,false,false,false
2023-01-05,a0c1fe95-4cdb-49d1-834e-5489c6c2dc69,AT-TI,Tyrol,AT,Austria,school_holiday,School,Christmas Holidays,2022-12-24,2023-01-06,12,1,14,4,false,false,false
2023-01-05,5a7eae70-428a-4bf5-8f40-8571e41cd058,DE-BY,Bavaria,DE,Germany,school_holiday,School,Christmas Holidays,2022-12-24,2023-01-07,12,2,15,4,false,false,false
2023-01-06,89cba73b-bb5d-44dd-b6ef-bead84113a54,AT-SB,Salzburg,AT,Austria,public_holiday,Public,Epiphany,2023-01-06,2023-01-06,0,0,1,5,false,true,true
2023-01-06,a0c1fe95-4cdb-49d1-834e-5489c6c2dc69,AT-SB,Salzburg,AT,Austria,school_holiday,School,Christmas Holidays,2022-12-24,2023-01-06,13,0,14,5,false,false,true
2023-01-06,89cba73b-bb5d-44dd-b6ef-bead84113a54,AT-TI,Tyrol,AT,Austria,public_holiday,Public,Epiphany,2023-01-06,2023-01-06,0,0,1,5,false,true,true
2023-01-06,a0c1fe95-4cdb-49d1-834e-5489c6c2dc69,AT-TI,Tyrol,AT,Austria,school_holiday,School,Christmas Holidays,2022-12-24,2023-01-06,13,0,14,5,false,false,true
2023-01-06,04f86fc2-424a-46e5-befd-2dce33158470,DE-BY,Bavaria,DE,Germany,public_holiday,Public,Epiphany,2023-01-06,2023-01-06,0,0,1,5,false,true,true
2023-01-06,5a7eae70-428a-4bf5-8f40-8571e41cd058,DE-BY,Bavaria,DE,Germany,school_holiday,School,Christmas Holidays,2022-12-24,2023-01-07,13,1,15,5,false,false,false
2023-01-07,5a7eae70-428a-4bf5-8f40-8571e41cd058,DE-BY,Bavaria,DE,Germany,school_holiday,School,Christmas Holidays,2022-12-24,2023-01-07,14,0,15,6,true,false,true
2023-02-13,9246ea6e-41c7-4875-a9f6-dd0ca12fa2f0,AT-SB,Salzburg,AT,Austria,school_holiday,School,Semester Holidays,2023-02-13,2023-02-18,0,5,6,1,false,true,false
2023-02-13,9246ea6e-41c7-4875-a9f6-dd0ca12fa2f0,AT-TI,Tyrol,AT,Austria,school_holiday,School,Semester Holidays,2023-02-13,2023-02-18,0,5,6,1,false,true,false
2023-02-14,9246ea6e-41c7-4875-a9f6-dd0ca12fa2f0,AT-SB,Salzburg,AT,Austria,school_holiday,School,Semester Holidays,2023-02-13,2023-02-18,1,4,6,2,false,false,false
2023-02-14,9246ea6e-41c7-4875-a9f6-dd0ca12fa2f0,AT-TI,Tyrol,AT,Austria,school_holiday,School,Semester Holidays,2023-02-13,2023-02-18,1,4,6,2,false,false,false
2023-02-15,9246ea6e-41c7-4875-a9f6-dd0ca12fa2f0,AT-SB,Salzburg,AT,Austria,school_holiday,School,Semester Holidays,2023-02-13,2023-02-18,2,3,6,3,false,false,false
2023-02-15,9246ea6e-41c7-4875-a9f6-dd0ca12fa2f0,AT-TI,Tyrol,AT,Austria,school_holiday,School,Semester Holidays,2023-02-13,2023-02-18,2,3,6,3,false,false,false
2023-02-16,9246ea6e-41c7-4875-a9f6-dd0ca12fa2f0,AT-SB,Salzburg,AT,Austria,school_holiday,School,Semester Holidays,2023-02-13,2023-02-18,3,2,6,4,false,false,false
2023-02-16,9246ea6e-41c7-4875-a9f6-dd0ca12fa2f0,AT-TI,Tyrol,AT,Austria,school_holiday,School,Semester Holidays,2023-02-13,2023-02-18,3,2,6,4,false,false,false
2023-02-17,9246ea6e-41c7-4875-a9f6-dd0ca12fa2f0,AT-SB,Salzburg,AT,Austria,school_holiday,School,Semester Holidays,2023-02-13,2023-02-18,4,1,6,5,false,false,false
2023-02-17,9246ea6e-41c7-4875-a9f6-dd0ca12fa2f0,AT-TI,Tyrol,AT,Austria,school_holiday,School,Semester Holidays,2023-02-13,2023-02-18,4,1,6,5,false,false,false
2023-02-18,9246ea6e-41c7-4875-a9f6-dd0ca12fa2f0,AT-SB,Salzburg,AT,Austria,school_holiday,School,Semester Holidays,2023-02-13,2023-02-18,5,0,6,6,true,false,true
2023-02-18,9246ea6e-41c7-4875-a9f6-dd0ca12fa2f0,AT-TI,Tyrol,AT,Austria,school_holiday,School,Semester Holidays,2023-02-13,2023-02-18,5,0,6,6,true,false,true
2023-02-20,e2e36723-b732-400f-8b60-4572eccb09d6,DE-BY,Bavaria,DE,Germany,school_holiday,School,Spring Holidays,2023-02-20,2023-02-24,0,4,5,1,false,true,false
2023-02-21,e2e36723-b732-400f-8b60-4572eccb09d6,DE-BY,Bavaria,DE,Germany,school_holiday,School,Spring Holidays,2023-02-20,2023-02-24,1,3,5,2,false,false,false
2023-02-22,e2e36723-b732-400f-8b60-4572eccb09d6,DE-BY,Bavaria,DE,Germany,school_holiday,School,Spring Holidays,2023-02-20,2023-02-24,2,2,5,3,false,false,false
2023-02-23,e2e36723-b732-400f-8b60-4572eccb09d6,DE-BY,Bavaria,DE,Germany,school_holiday,School,Spring Holidays,2023-02-20,2023-02-24,3,1,5,4,false,false,false
2023-02-24,e2e36723-b732-400f-8b60-4572eccb09d6,DE-BY,Bavaria,DE,Germany,school_holiday,School,Spring Holidays,2023-02-20,2023-02-24,4,0,5,5,false,false,true
2023-03-19,271acad0-b991-4bc0-b637-a7bd608f1b91,AT-TI,Tyrol,AT,Austria,school_holiday,School,Saint Joseph's Day,2023-03-19,2023-03-19,0,0,1,7,true,true,true
2023-04-01,7063d406-2b4e-41c2-9c57-96cbf4e6433d,AT-SB,Salzburg,AT,Austria,school_holiday,School,Easter Holidays,2023-04-01,2023-04-10,0,9,10,6,true,true,false
2023-04-01,7063d406-2b4e-41c2-9c57-96cbf4e6433d,AT-TI,Tyrol,AT,Austria,school_holiday,School,Easter Holidays,2023-04-01,2023-04-10,0,9,10,6,true,true,false
2023-04-02,7063d406-2b4e-41c2-9c57-96cbf4e6433d,AT-SB,Salzburg,AT,Austria,school_holiday,School,Easter Holidays,2023-04-01,2023-04-10,1,8,10,7,true,false,false
2023-04-02,7063d406-2b4e-41c2-9c57-96cbf4e6433d,AT-TI,Tyrol,AT,Austria,school_holiday,School,Easter Holidays,2023-04-01,2023-04-10,1,8,10,7,true,false,false
2023-04-03,7063d406-2b4e-41c2-9c57-96cbf4e6433d,AT-SB,Salzburg,AT,Austria,school_holiday,School,Easter Holidays,2023-04-01,2023-04-10,2,7,10,1,false,false,false
2023-04-03,7063d406-2b4e-41c2-9c57-96cbf4e6433d,AT-TI,Tyrol,AT,Austria,school_holiday,School,Easter Holidays,2023-04-01,2023-04-10,2,7,10,1,false,false,false
2023-04-03,950780d4-2182-4804-8678-1ec83168aeac,DE-BY,Bavaria,DE,Germany,school_holiday,School,Easter Holidays,2023-04-03,2023-04-15,0,12,13,1,false,true,false
2023-04-04,7063d406-2b4e-41c2-9c57-96cbf4e6433d,AT-SB,Salzburg,AT,Austria,school_holiday,School,Easter Holidays,2023-04-01,2023-04-10,3,6,10,2,false,false,false
2023-04-04,7063d406-2b4e-41c2-9c57-96cbf4e6433d,AT-TI,Tyrol,AT,Austria,school_holiday,School,Easter Holidays,2023-04-01,2023-04-10,3,6,10,2,false,false,false
2023-04-04,950780d4-2182-4804-8678-1ec83168aeac,DE-BY,Bavaria,DE,Germany,school_holiday,School,Easter Holidays,2023-04-03,2023-04-15,1,11,13,2,false,false,false
2023-04-05,7063d406-2b4e-41c2-9c57-96cbf4e6433d,AT-SB,Salzburg,AT,Austria,school_holiday,School,Easter Holidays,2023-04-01,2023-04-10,4,5,10,3,false,false,false
2023-04-05,7063d406-2b4e-41c2-9c57-96cbf4e6433d,AT-TI,Tyrol,AT,Austria,school_holiday,School,Easter Holidays,2023-04-01,2023-04-10,4,5,10,3,false,false,false
2023-04-05,950780d4-2182-4804-8678-1ec83168aeac,DE-BY,Bavaria,DE,Germany,school_holiday,School,Easter Holidays,2023-04-03,2023-04-15,2,10,13,3,false,false,false
2023-04-06,7063d406-2b4e-41c2-9c57-96cbf4e6433d,AT-SB,Salzburg,AT,Austria,school_holiday,School,Easter Holidays,2023-04-01,2023-04-10,5,4,10,4,false,false,false
2023-04-06,7063d406-2b4e-41c2-9c57-96cbf4e6433d,AT-TI,Tyrol,AT,Austria,school_holiday,School,Easter Holidays,2023-04-01,2023-04-10,5,4,10,4,false,false,false
2023-04-06,950780d4-2182-4804-8678-1ec83168aeac,DE-BY,Bavaria,DE,Germany,school_holiday,School,Easter Holidays,2023-04-03,2023-04-15,3,9,13,4,false,false,false
2023-04-07,7063d406-2b4e-41c2-9c57-96cbf4e6433d,AT-SB,Salzburg,AT,Austria,school_holiday,School,Easter Holidays,2023-04-01,2023-04-10,6,3,10,5,false,false,false
2023-04-07,7063d406-2b4e-41c2-9c57-96cbf4e6433d,AT-TI,Tyrol,AT,Austria,school_holiday,School,Easter Holidays,2023-04-01,2023-04-10,6,3,10,5,false,false,false
2023-04-07,b921a500-5e7e-42b6-9348-885f3157ed4c,DE-BY,Bavaria,DE,Germany,public_holiday,Public,Good Friday,2023-04-07,2023-04-07,0,0,1,5,false,true,true
2023-04-07,950780d4-2182-4804-8678-1ec83168aeac,DE-BY,Bavaria,DE,Germany,school_holiday,School,Easter Holidays,2023-04-03,2023-04-15,4,8,13,5,false,false,false
2023-04-08,7063d406-2b4e-41c2-9c57-96cbf4e6433d,AT-SB,Salzburg,AT,Austria,school_holiday,School,Easter Holidays,2023-04-01,2023-04-10,7,2,10,6,true,false,false
2023-04-08,7063d406-2b4e-41c2-9c57-96cbf4e6433d,AT-TI,Tyrol,AT,Austria,school_holiday,School,Easter Holidays,2023-04-01,2023-04-10,7,2,10,6,true,false,false
2023-04-08,950780d4-2182-4804-8678-1ec83168aeac,DE-BY,Bavaria,DE,Germany,school_holiday,School,Easter Holidays,2023-04-03,2023-04-15,5,7,13,6,true,false,false
2023-04-09,7063d406-2b4e-41c2-9c57-96cbf4e6433d,AT-SB,Salzburg,AT,Austria,school_holiday,School,Easter Holidays,2023-04-01,2023-04-10,8,1,10,7,true,false,false
2023-04-09,7063d406-2b4e-41c2-9c57-96cbf4e6433d,AT-TI,Tyrol,AT,Austria,school_holiday,School,Easter Holidays,2023-04-01,2023-04-10,8,1,10,7,true,false,false
2023-04-09,950780d4-2182-4804-8678-1ec83168aeac,DE-BY,Bavaria,DE,Germany,school_holiday,School,Easter Holidays,2023-04-03,2023-04-15,6,6,13,7,true,false,false
2023-04-10,d7ae58b2-52dc-49ee-a28b-d7e466373b46,AT-SB,Salzburg,AT,Austria,public_holiday,Public,Easter Monday,2023-04-10,2023-04-10,0,0,1,1,false,true,true
2023-04-10,7063d406-2b4e-41c2-9c57-96cbf4e6433d,AT-SB,Salzburg,AT,Austria,school_holiday,School,Easter Holidays,2023-04-01,2023-04-10,9,0,10,1,false,false,true
2023-04-10,d7ae58b2-52dc-49ee-a28b-d7e466373b46,AT-TI,Tyrol,AT,Austria,public_holiday,Public,Easter Monday,2023-04-10,2023-04-10,0,0,1,1,false,true,true
2023-04-10,7063d406-2b4e-41c2-9c57-96cbf4e6433d,AT-TI,Tyrol,AT,Austria,school_holiday,School,Easter Holidays,2023-04-01,2023-04-10,9,0,10,1,false,false,true
2023-04-10,2cc013e7-7079-4c89-a559-27efca5c7b78,DE-BY,Bavaria,DE,Germany,public_holiday,Public,Easter Monday,2023-04-10,2023-04-10,0,0,1,1,false,true,true
2023-04-10,950780d4-2182-4804-8678-1ec83168aeac,DE-BY,Bavaria,DE,Germany,school_holiday,School,Easter Holidays,2023-04-03,2023-04-15,7,5,13,1,false,false,false
2023-04-11,950780d4-2182-4804-8678-1ec83168aeac,DE-BY,Bavaria,DE,Germany,school_holiday,School,Easter Holidays,2023-04-03,2023-04-15,8,4,13,2,false,false,false
2023-04-12,950780d4-2182-4804-8678-1ec83168aeac,DE-BY,Bavaria,DE,Germany,school_holiday,School,Easter Holidays,2023-04-03,2023-04-15,9,3,13,3,false,false,false
2023-04-13,950780d4-2182-4804-8678-1ec83168aeac,DE-BY,Bavaria,DE,Germany,school_holiday,School,Easter Holidays,2023-04-03,2023-04-15,10,2,13,4,false,false,false
2023-04-14,950780d4-2182-4804-8678-1ec83168aeac,DE-BY,Bavaria,DE,Germany,school_holiday,School,Easter Holidays,2023-04-03,2023-04-15,11,1,13,5,false,false,false
2023-04-15,950780d4-2182-4804-8678-1ec83168aeac,DE-BY,Bavaria,DE,Germany,school_holiday,School,Easter Holidays,2023-04-03,2023-04-15,12,0,13,6,true,false,true
2023-05-01,4f311896-f8c4-4a51-8ae7-9c44cce3aebd,AT-SB,Salzburg,AT,Austria,public_holiday,Public,Labour Day,2023-05-01,2023-05-01,0,0,1,1,false,true,true
2023-05-01,4f311896-f8c4-4a51-8ae7-9c44cce3aebd,AT-TI,Tyrol,AT,Austria,public_holiday,Public,Labour Day,2023-05-01,2023-05-01,0,0,1,1,false,true,true
2023-05-01,1e25e6a2-85fe-46dd-9fab-9388df4a445c,DE-BY,Bavaria,DE,Germany,public_holiday,Public,Labour Day,2023-05-01,2023-05-01,0,0,1,1,false,true,true
2023-05-18,edfb9aa1-d3d4-4254-8193-fbb5a3b128fe,AT-SB,Salzburg,AT,Austria,public_holiday,Public,Ascension Day,2023-05-18,2023-05-18,0,0,1,4,false,true,true
2023-05-18,edfb9aa1-d3d4-4254-8193-fbb5a3b128fe,AT-TI,Tyrol,AT,Austria,public_holiday,Public,Ascension Day,2023-05-18,2023-05-18,0,0,1,4,false,true,true
2023-05-18,c18498e4-d3a7-4e27-8ea3-18e396c2d785,DE-BY,Bavaria,DE,Germany,public_holiday,Public,Ascension Day,2023-05-18,2023-05-18,0,0,1,4,false,true,true
2023-05-27,8d915572-6461-4119-813b-52e88f969b3e,AT-SB,Salzburg,AT,Austria,school_holiday,School,Pentecost Holidays,2023-05-27,2023-05-29,0,2,3,6,true,true,false
2023-05-27,8d915572-6461-4119-813b-52e88f969b3e,AT-TI,Tyrol,AT,Austria,school_holiday,School,Pentecost Holidays,2023-05-27,2023-05-29,0,2,3,6,true,true,false
2023-05-28,8d915572-6461-4119-813b-52e88f969b3e,AT-SB,Salzburg,AT,Austria,school_holiday,School,Pentecost Holidays,2023-05-27,2023-05-29,1,1,3,7,true,false,false
2023-05-28,8d915572-6461-4119-813b-52e88f969b3e,AT-TI,Tyrol,AT,Austria,school_holiday,School,Pentecost Holidays,2023-05-27,2023-05-29,1,1,3,7,true,false,false
2023-05-29,75752dda-09d2-49b1-8a32-1f58d5a6ba98,AT-SB,Salzburg,AT,Austria,public_holiday,Public,Pentecost Monday,2023-05-29,2023-05-29,0,0,1,1,false,true,true
2023-05-29,8d915572-6461-4119-813b-52e88f969b3e,AT-SB,Salzburg,AT,Austria,school_holiday,School,Pentecost Holidays,2023-05-27,2023-05-29,2,0,3,1,false,false,true
2023-05-29,75752dda-09d2-49b1-8a32-1f58d5a6ba98,AT-TI,Tyrol,AT,Austria,public_holiday,Public,Pentecost Monday,2023-05-29,2023-05-29,0,0,1,1,false,true,true
2023-05-29,8d915572-6461-4119-813b-52e88f969b3e,AT-TI,Tyrol,AT,Austria,school_holiday,School,Pentecost Holidays,2023-05-27,2023-05-29,2,0,3,1,false,false,true
2023-05-29,9730d923-2686-4d44-8fa5-b4c46a1937f8,DE-BY,Bavaria,DE,Germany,public_holiday,Public,Pentecost Monday,2023-05-29,2023-05-29,0,0,1,1,false,true,true
2023-05-30,327e5368-24ff-442d-aeee-8c02cb968ebd,DE-BY,Bavaria,DE,Germany,school_holiday,School,Pentecost Holidays,2023-05-30,2023-06-09,0,10,11,2,false,true,false
2023-05-31,327e5368-24ff-442d-aeee-8c02cb968ebd,DE-BY,Bavaria,DE,Germany,school_holiday,School,Pentecost Holidays,2023-05-30,2023-06-09,1,9,11,3,false,false,false
2023-06-01,327e5368-24ff-442d-aeee-8c02cb968ebd,DE-BY,Bavaria,DE,Germany,school_holiday,School,Pentecost Holidays,2023-05-30,2023-06-09,2,8,11,4,false,false,false
2023-06-02,327e5368-24ff-442d-aeee-8c02cb968ebd,DE-BY,Bavaria,DE,Germany,school_holiday,School,Pentecost Holidays,2023-05-30,2023-06-09,3,7,11,5,false,false,false
2023-06-03,327e5368-24ff-442d-aeee-8c02cb968ebd,DE-BY,Bavaria,DE,Germany,school_holiday,School,Pentecost Holidays,2023-05-30,2023-06-09,4,6,11,6,true,false,false
2023-06-04,327e5368-24ff-442d-aeee-8c02cb968ebd,DE-BY,Bavaria,DE,Germany,school_holiday,School,Pentecost Holidays,2023-05-30,2023-06-09,5,5,11,7,true,false,false
2023-06-05,327e5368-24ff-442d-aeee-8c02cb968ebd,DE-BY,Bavaria,DE,Germany,school_holiday,School,Pentecost Holidays,2023-05-30,2023-06-09,6,4,11,1,false,false,false
2023-06-06,327e5368-24ff-442d-aeee-8c02cb968ebd,DE-BY,Bavaria,DE,Germany,school_holiday,School,Pentecost Holidays,2023-05-30,2023-06-09,7,3,11,2,false,false,false
2023-06-07,327e5368-24ff-442d-aeee-8c02cb968ebd,DE-BY,Bavaria,DE,Germany,school_holiday,School,Pentecost Holidays,2023-05-30,2023-06-09,8,2,11,3,false,false,false
2023-06-08,b8ab997a-3d53-4dd7-8ae9-70cfddd4a9b3,AT-SB,Salzburg,AT,Austria,public_holiday,Public,Corpus Christi,2023-06-08,2023-06-08,0,0,1,4,false,true,true
2023-06-08,b8ab997a-3d53-4dd7-8ae9-70cfddd4a9b3,AT-TI,Tyrol,AT,Austria,public_holiday,Public,Corpus Christi,2023-06-08,2023-06-08,0,0,1,4,false,true,true
2023-06-08,86ee67fc-a51f-4f7b-a0c6-f6e9e11eb0ed,DE-BY,Bavaria,DE,Germany,public_holiday,Public,Corpus Christi,2023-06-08,2023-06-08,0,0,1,4,false,true,true
2023-06-08,327e5368-24ff-442d-aeee-8c02cb968ebd,DE-BY,Bavaria,DE,Germany,school_holiday,School,Pentecost Holidays,2023-05-30,2023-06-09,9,1,11,4,false,false,false
2023-06-09,327e5368-24ff-442d-aeee-8c02cb968ebd,DE-BY,Bavaria,DE,Germany,school_holiday,School,Pentecost Holidays,2023-05-30,2023-06-09,10,0,11,5,false,false,true
2023-07-08,21a4e257-7dab-4833-b308-0ec5069ac158,AT-SB,Salzburg,AT,Austria,school_holiday,School,Summer Holidays,2023-07-08,2023-09-10,0,64,65,6,true,true,false
2023-07-08,21a4e257-7dab-4833-b308-0ec5069ac158,AT-TI,Tyrol,AT,Austria,school_holiday,School,Summer Holidays,2023-07-08,2023-09-10,0,64,65,6,true,true,false
2023-07-09,21a4e257-7dab-4833-b308-0ec5069ac158,AT-SB,Salzburg,AT,Austria,school_holiday,School,Summer Holidays,2023-07-08,2023-09-10,1,63,65,7,true,false,false
2023-07-09,21a4e257-7dab-4833-b308-0ec5069ac158,AT-TI,Tyrol,AT,Austria,school_holiday,School,Summer Holidays,2023-07-08,2023-09-10,1,63,65,7,true,false,false
2023-07-10,21a4e257-7dab-4833-b308-0ec5069ac158,AT-SB,Salzburg,AT,Austria,school_holiday,School,Summer Holidays,2023-07-08,2023-09-10,2,62,65,1,false,false,false
2023-07-10,21a4e257-7dab-4833-b308-0ec5069ac158,AT-TI,Tyrol,AT,Austria,school_holiday,School,Summer Holidays,2023-07-08,2023-09-10,2,62,65,1,false,false,false
2023-07-11,21a4e257-7dab-4833-b308-0ec5069ac158,AT-SB,Salzburg,AT,Austria,school_holiday,School,Summer Holidays,2023-07-08,2023-09-10,3,61,65,2,false,false,false
2023-07-11,21a4e257-7dab-4833-b308-0ec5069ac158,AT-TI,Tyrol,AT,Austria,school_holiday,School,Summer Holidays,2023-07-08,2023-09-10,3,61,65,2,false,false,false
2023-07-12,21a4e257-7dab-4833-b308-0ec5069ac158,AT-SB,Salzburg,AT,Austria,school_holiday,School,Summer Holidays,2023-07-08,2023-09-10,4,60,65,3,false,false,false
2023-07-12,21a4e257-7dab-4833-b308-0ec5069ac158,AT-TI,Tyrol,AT,Austria,school_holiday,School,Summer Holidays,2023-07-08,2023-09-10,4,60,65,3,false,false,false
2023-07-13,21a4e257-7dab-4833-b308-0ec5069ac158,AT-SB,Salzburg,AT,Austria,school_holiday,School,Summer Holidays,2023-07-08,2023-09-10,5,59,65,4,false,false,false
2023-07-13,21a4e257-7dab-4833-b308-0ec5069ac158,AT-TI,Tyrol,AT,Austria,school_holiday,School,Summer Holidays,2023-07-08,2023-09-10,5,59,65,4,false,false,false
2023-07-14,21a4e257-7dab-4833-b308-0ec5069ac158,AT-SB,Salzburg,AT,Austria,school_holiday,School,Summer Holidays,2023-07-08,2023-09-10,6,58,65,5,false,false,false
2023-07-14,21a4e257-7dab-4833-b308-0ec5069ac158,AT-TI,Tyrol,AT,Austria,school_holiday,School,Summer Holidays,2023-07-08,2023-09-10,6,58,65,5,false,false,false
2023-07-15,21a4e257-7dab-4833-b308-0ec5069ac158,AT-SB,Salzburg,AT,Austria,school_holiday,School,Summer Holidays,2023-07-08,2023-09-10,7,57,65,6,true,false,false
2023-07-15,21a4e257-7dab-4833-b308-0ec5069ac158,AT-TI,Tyrol,AT,Austria,school_holiday,School,Summer Holidays,2023-07-08,2023-09-10,7,57,65,6,true,false,false
2023-07-16,21a4e257-7dab-4833-b308-0ec5069ac158,AT-SB,Salzburg,AT,Austria,school_holiday,School,Summer Holidays,2023-07-08,2023-09-10,8,56,65,7,true,false,false
2023-07-16,21a4e257-7dab-4833-b308-0ec5069ac158,AT-TI,Tyrol,AT,Austria,school_holiday,School,Summer Holidays,2023-07-08,2023-09-10,8,56,65,7,true,false,false
2023-07-17,21a4e257-7dab-4833-b308-0ec5069ac158,AT-SB,Salzburg,AT,Austria,school_holiday,School,Summer Holidays,2023-07-08,2023-09-10,9,55,65,1,false,false,false
2023-07-17,21a4e257-7dab-4833-b308-0ec5069ac158,AT-TI,Tyrol,AT,Austria,school_holiday,School,Summer Holidays,2023-07-08,2023-09-10,9,55,65,1,false,false,false
2023-07-18,21a4e257-7dab-4833-b308-0ec5069ac158,AT-SB,Salzburg,AT,Austria,school_holiday,School,Summer Holidays,2023-07-08,2023-09-10,10,54,65,2,false,false,false
2023-07-18,21a4e257-7dab-4833-b308-0ec5069ac158,AT-TI,Tyrol,AT,Austria,school_holiday,School,Summer Holidays,2023-07-08,2023-09-10,10,54,65,2,false,false,false
2023-07-19,21a4e257-7dab-4833-b308-0ec5069ac158,AT-SB,Salzburg,AT,Austria,school_holiday,School,Summer Holidays,2023-07-08,2023-09-10,11,53,65,3,false,false,false
2023-07-19,21a4e257-7dab-4833-b308-0ec5069ac158,AT-TI,Tyrol,AT,Austria,school_holiday,School,Summer Holidays,2023-07-08,2023-09-10,11,53,65,3,false,false,false
2023-07-20,21a4e257-7dab-4833-b308-0ec5069ac158,AT-SB,Salzburg,AT,Austria,school_holiday,School,Summer Holidays,2023-07-08,2023-09-10,12,52,65,4,false,false,false
2023-07-20,21a4e257-7dab-4833-b308-0ec5069ac158,AT-TI,Tyrol,AT,Austria,school_holiday,School,Summer Holidays,2023-07-08,2023-09-10,12,52,65,4,false,false,false
2023-07-21,21a4e257-7dab-4833-b308-0ec5069ac158,AT-SB,Salzburg,AT,Austria,school_holiday,School,Summer Holidays,2023-07-08,2023-09-10,13,51,65,5,false,false,false
2023-07-21,21a4e257-7dab-4833-b308-0ec5069ac158,AT-TI,Tyrol,AT,Austria,school_holiday,School,Summer Holidays,2023-07-08,2023-09-10,13,51,65,5,false,false,false
2023-07-22,21a4e257-7dab-4833-b308-0ec5069ac158,AT-SB,Salzburg,AT,Austria,school_holiday,School,Summer Holidays,2023-07-08,2023-09-10,14,50,65,6,true,false,false
2023-07-22,21a4e257-7dab-4833-b308-0ec5069ac158,AT-TI,Tyrol,AT,Austria,school_holiday,School,Summer Holidays,2023-07-08,2023-09-10,14,50,65,6,true,false,false
2023-07-23,21a4e257-7dab-4833-b308-0ec5069ac158,AT-SB,Salzburg,AT,Austria,school_holiday,School,Summer Holidays,2023-07-08,2023-09-10,15,49,65,7,true,false,false
2023-07-23,21a4e257-7dab-4833-b308-0ec5069ac158,AT-TI,Tyrol,AT,Austria,school_holiday,School,Summer Holidays,2023-07-08,2023-09-10,15,49,65,7,true,false,false
2023-07-24,21a4e257-7dab-4833-b308-0ec5069ac158,AT-SB,Salzburg,AT,Austria,school_holiday,School,Summer Holidays,2023-07-08,2023-09-10,16,48,65,1,false,false,false
2023-07-24,21a4e257-7dab-4833-b308-0ec5069ac158,AT-TI,Tyrol,AT,Austria,school_holiday,School,Summer Holidays,2023-07-08,2023-09-10,16,48,65,1,false,false,false
2023-07-25,21a4e257-7dab-4833-b308-0ec5069ac158,AT-SB,Salzburg,AT,Austria,school_holiday,School,Summer Holidays,2023-07-08,2023-09-10,17,47,65,2,false,false,false
2023-07-25,21a4e257-7dab-4833-b308-0ec5069ac158,AT-TI,Tyrol,AT,Austria,school_holiday,School,Summer Holidays,2023-07-08,2023-09-10,17,47,65,2,false,false,false
2023-07-26,21a4e257-7dab-4833-b308-0ec5069ac158,AT-SB,Salzburg,AT,Austria,school_holiday,School,Summer Holidays,2023-07-08,2023-09-10,18,46,65,3,false,false,false
2023-07-26,21a4e257-7dab-4833-b308-0ec5069ac158,AT-TI,Tyrol,AT,Austria,school_holiday,School,Summer Holidays,2023-07-08,2023-09-10,18,46,65,3,false,false,false
2023-07-27,21a4e257-7dab-4833-b308-0ec5069ac158,AT-SB,Salzburg,AT,Austria,school_holiday,School,Summer Holidays,2023-07-08,2023-09-10,19,45,65,4,false,false,false
2023-07-27,21a4e257-7dab-4833-b308-0ec5069ac158,AT-TI,Tyrol,AT,Austria,school_holiday,School,Summer Holidays,2023-07-08,2023-09-10,19,45,65,4,false,false,false
2023-07-28,21a4e257-7dab-4833-b308-0ec5069ac158,AT-SB,Salzburg,AT,Austria,school_holiday,School,Summer Holidays,2023-07-08,2023-09-10,20,44,65,5,false,false,false
2023-07-28,21a4e257-7dab-4833-b308-0ec5069ac158,AT-TI,Tyrol,AT,Austria,school_holiday,School,Summer Holidays,2023-07-08,2023-09-10,20,44,65,5,false,false,false
2023-07-29,21a4e257-7dab-4833-b308-0ec5069ac158,AT-SB,Salzburg,AT,Austria,school_holiday,School,Summer Holidays,2023-07-08,2023-09-10,21,43,65,6,true,false,false
2023-07-29,21a4e257-7dab-4833-b308-0ec5069ac158,AT-TI,Tyrol,AT,Austria,school_holiday,School,Summer Holidays,2023-07-08,2023-09-10,21,43,65,6,true,false,false
2023-07-30,21a4e257-7dab-4833-b308-0ec5069ac158,AT-SB,Salzburg,AT,Austria,school_holiday,School,Summer Holidays,2023-07-08,2023-09-10,22,42,65,7,true,false,false
2023-07-30,21a4e257-7dab-4833-b308-0ec5069ac158,AT-TI,Tyrol,AT,Austria,school_holiday,School,Summer Holidays,2023-07-08,2023-09-10,22,42,65,7,true,false,false
2023-07-31,21a4e257-7dab-4833-b308-0ec5069ac158,AT-SB,Salzburg,AT,Austria,school_holiday,School,Summer Holidays,2023-07-08,2023-09-10,23,41,65,1,false,false,false
2023-07-31,21a4e257-7dab-4833-b308-0ec5069ac158,AT-TI,Tyrol,AT,Austria,school_holiday,School,Summer Holidays,2023-07-08,2023-09-10,23,41,65,1,false,false,false
2023-07-31,91a595fc-ff92-43e7-9bd8-f08e6da028fc,DE-BY,Bavaria,DE,Germany,school_holiday,School,Summer Holidays,2023-07-31,2023-09-11,0,42,43,1,false,true,false
2023-08-01,21a4e257-7dab-4833-b308-0ec5069ac158,AT-SB,Salzburg,AT,Austria,school_holiday,School,Summer Holidays,2023-07-08,2023-09-10,24,40,65,2,false,false,false
2023-08-01,21a4e257-7dab-4833-b308-0ec5069ac158,AT-TI,Tyrol,AT,Austria,school_holiday,School,Summer Holidays,2023-07-08,2023-09-10,24,40,65,2,false,false,false
2023-08-01,91a595fc-ff92-43e7-9bd8-f08e6da028fc,DE-BY,Bavaria,DE,Germany,school_holiday,School,Summer Holidays,2023-07-31,2023-09-11,1,41,43,2,false,false,false
2023-08-02,21a4e257-7dab-4833-b308-0ec5069ac158,AT-SB,Salzburg,AT,Austria,school_holiday,School,Summer Holidays,2023-07-08,2023-09-10,25,39,65,3,false,false,false
2023-08-02,21a4e257-7dab-4833-b308-0ec5069ac158,AT-TI,Tyrol,AT,Austria,school_holiday,School,Summer Holidays,2023-07-08,2023-09-10,25,39,65,3,false,false,false
2023-08-02,91a595fc-ff92-43e7-9bd8-f08e6da028fc,DE-BY,Bavaria,DE,Germany,school_holiday,School,Summer Holidays,2023-07-31,2023-09-11,2,40,43,3,false,false,false
2023-08-03,21a4e257-7dab-4833-b308-0ec5069ac158,AT-SB,Salzburg,AT,Austria,school_holiday,School,Summer Holidays,2023-07-08,2023-09-10,26,38,65,4,false,false,false
2023-08-03,21a4e257-7dab-4833-b308-0ec5069ac158,AT-TI,Tyrol,AT,Austria,school_holiday,School,Summer Holidays,2023-07-08,2023-09-10,26,38,65,4,false,false,false
2023-08-03,91a595fc-ff92-43e7-9bd8-f08e6da028fc,DE-BY,Bavaria,DE,Germany,school_holiday,School,Summer Holidays,2023-07-31,2023-09-11,3,39,43,4,false,false,false
2023-08-04,21a4e257-7dab-4833-b308-0ec5069ac158,AT-SB,Salzburg,AT,Austria,school_holiday,School,Summer Holidays,2023-07-08,2023-09-10,27,37,65,5,false,false,false
2023-08-04,21a4e257-7dab-4833-b308-0ec5069ac158,AT-TI,Tyrol,AT,Austria,school_holiday,School,Summer Holidays,2023-07-08,2023-09-10,27,37,65,5,false,false,false
2023-08-04,91a595fc-ff92-43e7-9bd8-f08e6da028fc,DE-BY,Bavaria,DE,Germany,school_holiday,School,Summer Holidays,2023-07-31,2023-09-11,4,38,43,5,false,false,false
2023-08-05,21a4e257-7dab-4833-b308-0ec5069ac158,AT-SB,Salzburg,AT,Austria,school_holiday,School,Summer Holidays,2023-07-08,2023-09-10,28,36,65,6,true,false,false
2023-08-05,21a4e257-7dab-4833-b308-0ec5069ac158,AT-TI,Tyrol,AT,Austria,school_holiday,School,Summer Holidays,2023-07-08,2023-09-10,28,36,65,6,true,false,false
2023-08-05,91a595fc-ff92-43e7-9bd8-f08e6da028fc,DE-BY,Bavaria,DE,Germany,school_holiday,School,Summer Holidays,2023-07-31,2023-09-11,5,37,43,6,true,false,false
2023-08-06,21a4e257-7dab-4833-b308-0ec5069ac158,AT-SB,Salzburg,AT,Austria,school_holiday,School,Summer Holidays,2023-07-08,2023-09-10,29,35,65,7,true,false,false
2023-08-06,21a4e257-7dab-4833-b308-0ec5069ac158,AT-TI,Tyrol,AT,Austria,school_holiday,School,Summer Holidays,2023-07-08,2023-09-10,29,35,65,7,true,false,false
2023-08-06,91a595fc-ff92-43e7-9bd8-f08e6da028fc,DE-BY,Bavaria,DE,Germany,school_holiday,School,Summer Holidays,2023-07-31,2023-09-11,6,36,43,7,true,false,false
2023-08-07,21a4e257-7dab-4833-b308-0ec5069ac158,AT-SB,Salzburg,AT,Austria,school_holiday,School,Summer Holidays,2023-07-08,2023-09-10,30,34,65,1,false,false,false
2023-08-07,21a4e257-7dab-4833-b308-0ec5069ac158,AT-TI,Tyrol,AT,Austria,school_holiday,School,Summer Holidays,2023-07-08,2023-09-10,30,34,65,1,false,false,false
2023-08-07,91a595fc-ff92-43e7-9bd8-f08e6da028fc,DE-BY,Bavaria,DE,Germany,school_holiday,School,Summer Holidays,2023-07-31,2023-09-11,7,35,43,1,false,false,false
2023-08-08,21a4e257-7dab-4833-b308-0ec5069ac158,AT-SB,Salzburg,AT,Austria,school_holiday,School,Summer Holidays,2023-07-08,2023-09-10,31,33,65,2,false,false,false
2023-08-08,21a4e257-7dab-4833-b308-0ec5069ac158,AT-TI,Tyrol,AT,Austria,school_holiday,School,Summer Holidays,2023-07-08,2023-09-10,31,33,65,2,false,false,false
2023-08-08,91a595fc-ff92-43e7-9bd8-f08e6da028fc,DE-BY,Bavaria,DE,Germany,school_holiday,School,Summer Holidays,2023-07-31,2023-09-11,8,34,43,2,false,false,false
2023-08-09,21a4e257-7dab-4833-b308-0ec5069ac158,AT-SB,Salzburg,AT,Austria,school_holiday,School,Summer Holidays,2023-07-08,2023-09-10,32,32,65,3,false,false,false
2023-08-09,21a4e257-7dab-4833-b308-0ec5069ac158,AT-TI,Tyrol,AT,Austria,school_holiday,School,Summer Holidays,2023-07-08,2023-09-10,32,32,65,3,false,false,false
2023-08-09,91a595fc-ff92-43e7-9bd8-f08e6da028fc,DE-BY,Bavaria,DE,Germany,school_holiday,School,Summer Holidays,2023-07-31,2023-09-11,9,33,43,3,false,false,false
2023-08-10,21a4e257-7dab-4833-b308-0ec5069ac158,AT-SB,Salzburg,AT,Austria,school_holiday,School,Summer Holidays,2023-07-08,2023-09-10,33,31,65,4,false,false,false
2023-08-10,21a4e257-7dab-4833-b308-0ec5069ac158,AT-TI,Tyrol,AT,Austria,school_holiday,School,Summer Holidays,2023-07-08,2023-09-10,33,31,65,4,false,false,false
2023-08-10,91a595fc-ff92-43e7-9bd8-f08e6da028fc,DE-BY,Bavaria,DE,Germany,school_holiday,School,Summer Holidays,2023-07-31,2023-09-11,10,32,43,4,false,false,false
2023-08-11,21a4e257-7dab-4833-b308-0ec5069ac158,AT-SB,Salzburg,AT,Austria,school_holiday,School,Summer Holidays,2023-07-08,2023-09-10,34,30,65,5,false,false,false
2023-08-11,21a4e257-7dab-4833-b308-0ec5069ac158,AT-TI,Tyrol,AT,Austria,school_holiday,School,Summer Holidays,2023-07-08,2023-09-10,34,30,65,5,false,false,false
2023-08-11,91a595fc-ff92-43e7-9bd8-f08e6da028fc,DE-BY,Bavaria,DE,Germany,school_holiday,School,Summer Holidays,2023-07-31,2023-09-11,11,31,43,5,false,false,false
2023-08-12,21a4e257-7dab-4833-b308-0ec5069ac158,AT-SB,Salzburg,AT,Austria,school_holiday,School,Summer Holidays,2023-07-08,2023-09-10,35,29,65,6,true,false,false
2023-08-12,21a4e257-7dab-4833-b308-0ec5069ac158,AT-TI,Tyrol,AT,Austria,school_holiday,School,Summer Holidays,2023-07-08,2023-09-10,35,29,65,6,true,false,false
2023-08-12,91a595fc-ff92-43e7-9bd8-f08e6da028fc,DE-BY,Bavaria,DE,Germany,school_holiday,School,Summer Holidays,2023-07-31,2023-09-11,12,30,43,6,true,false,false
2023-08-13,21a4e257-7dab-4833-b308-0ec5069ac158,AT-SB,Salzburg,AT,Austria,school_holiday,School,Summer Holidays,2023-07-08,2023-09-10,36,28,65,7,true,false,false
2023-08-13,21a4e257-7dab-4833-b308-0ec5069ac158,AT-TI,Tyrol,AT,Austria,school_holiday,School,Summer Holidays,2023-07-08,2023-09-10,36,28,65,7,true,false,false
2023-08-13,91a595fc-ff92-43e7-9bd8-f08e6da028fc,DE-BY,Bavaria,DE,Germany,school_holiday,School,Summer Holidays,2023-07-31,2023-09-11,13,29,43,7,true,false,false
2023-08-14,21a4e257-7dab-4833-b308-0ec5069ac158,AT-SB,Salzburg,AT,Austria,school_holiday,School,Summer Holidays,2023-07-08,2023-09-10,37,27,65,1,false,false,false
2023-08-14,21a4e257-7dab-4833-b308-0ec5069ac158,AT-TI,Tyrol,AT,Austria,school_holiday,School,Summer Holidays,2023-07-08,2023-09-10,37,27,65,1,false,false,false
2023-08-14,91a595fc-ff92-43e7-9bd8-f08e6da028fc,DE-BY,Bavaria,DE,Germany,school_holiday,School,Summer Holidays,2023-07-31,2023-09-11,14,28,43,1,false,false,false
2023-08-15,df81ac6e-9121-45a3-9f8f-140a10e6d8af,AT-SB,Salzburg,AT,Austria,public_holiday,Public,Assumption Day,2023-08-15,2023-08-15,0,0,1,2,false,true,true
2023-08-15,21a4e257-7dab-4833-b308-0ec5069ac158,AT-SB,Salzburg,AT,Austria,school_holiday,School,Summer Holidays,2023-07-08,2023-09-10,38,26,65,2,false,false,false
2023-08-15,df81ac6e-9121-45a3-9f8f-140a10e6d8af,AT-TI,Tyrol,AT,Austria,public_holiday,Public,Assumption Day,2023-08-15,2023-08-15,0,0,1,2,false,true,true
2023-08-15,21a4e257-7dab-4833-b308-0ec5069ac158,AT-TI,Tyrol,AT,Austria,school_holiday,School,Summer Holidays,2023-07-08,2023-09-10,38,26,65,2,false,false,false
2023-08-15,07617cd9-9dcf-459b-b30d-ac612ae42cd9,DE-BY,Bavaria,DE,Germany,public_holiday,Public,Assumption Day,2023-08-15,2023-08-15,0,0,1,2,false,true,true
2023-08-15,91a595fc-ff92-43e7-9bd8-f08e6da028fc,DE-BY,Bavaria,DE,Germany,school_holiday,School,Summer Holidays,2023-07-31,2023-09-11,15,27,43,2,false,false,false
2023-08-16,21a4e257-7dab-4833-b308-0ec5069ac158,AT-SB,Salzburg,AT,Austria,school_holiday,School,Summer Holidays,2023-07-08,2023-09-10,39,25,65,3,false,false,false
2023-08-16,21a4e257-7dab-4833-b308-0ec5069ac158,AT-TI,Tyrol,AT,Austria,school_holiday,School,Summer Holidays,2023-07-08,2023-09-10,39,25,65,3,false,false,false
2023-08-16,91a595fc-ff92-43e7-9bd8-f08e6da028fc,DE-BY,Bavaria,DE,Germany,school_holiday,School,Summer Holidays,2023-07-31,2023-09-11,16,26,43,3,false,false,false
2023-08-17,21a4e257-7dab-4833-b308-0ec5069ac158,AT-SB,Salzburg,AT,Austria,school_holiday,School,Summer Holidays,2023-07-08,2023-09-10,40,24,65,4,false,false,false
2023-08-17,21a4e257-7dab-4833-b308-0ec5069ac158,AT-TI,Tyrol,AT,Austria,school_holiday,School,Summer Holidays,2023-07-08,2023-09-10,40,24,65,4,false,false,false
2023-08-17,91a595fc-ff92-43e7-9bd8-f08e6da028fc,DE-BY,Bavaria,DE,Germany,school_holiday,School,Summer Holidays,2023-07-31,2023-09-11,17,25,43,4,false,false,false
2023-08-18,21a4e257-7dab-4833-b308-0ec5069ac158,AT-SB,Salzburg,AT,Austria,school_holiday,School,Summer Holidays,2023-07-08,2023-09-10,41,23,65,5,false,false,false
2023-08-18,21a4e257-7dab-4833-b308-0ec5069ac158,AT-TI,Tyrol,AT,Austria,school_holiday,School,Summer Holidays,2023-07-08,2023-09-10,41,23,65,5,false,false,false
2023-08-18,91a595fc-ff92-43e7-9bd8-f08e6da028fc,DE-BY,Bavaria,DE,Germany,school_holiday,School,Summer Holidays,2023-07-31,2023-09-11,18,24,43,5,false,false,false
2023-08-19,21a4e257-7dab-4833-b308-0ec5069ac158,AT-SB,Salzburg,AT,Austria,school_holiday,School,Summer Holidays,2023-07-08,2023-09-10,42,22,65,6,true,false,false
2023-08-19,21a4e257-7dab-4833-b308-0ec5069ac158,AT-TI,Tyrol,AT,Austria,school_holiday,School,Summer Holidays,2023-07-08,2023-09-10,42,22,65,6,true,false,false
2023-08-19,91a595fc-ff92-43e7-9bd8-f08e6da028fc,DE-BY,Bavaria,DE,Germany,school_holiday,School,Summer Holidays,2023-07-31,2023-09-11,19,23,43,6,true,false,false
2023-08-20,21a4e257-7dab-4833-b308-0ec5069ac158,AT-SB,Salzburg,AT,Austria,school_holiday,School,Summer Holidays,2023-07-08,2023-09-10,43,21,65,7,true,false,false
2023-08-20,21a4e257-7dab-4833-b308-0ec5069ac158,AT-TI,Tyrol,AT,Austria,school_holiday,School,Summer Holidays,2023-07-08,2023-09-10,43,21,65,7,true,false,false
2023-08-20,91a595fc-ff92-43e7-9bd8-f08e6da028fc,DE-BY,Bavaria,DE,Germany,school_holiday,School,Summer Holidays,2023-07-31,2023-09-11,20,22,43,7,true,false,false
2023-08-21,21a4e257-7dab-4833-b308-0ec5069ac158,AT-SB,Salzburg,AT,Austria,school_holiday,School,Summer Holidays,2023-07-08,2023-09-10,44,20,65,1,false,false,false
2023-08-21,21a4e257-7dab-4833-b308-0ec5069ac158,AT-TI,Tyrol,AT,Austria,school_holiday,School,Summer Holidays,2023-07-08,2023-09-10,44,20,65,1,false,false,false
2023-08-21,91a595fc-ff92-43e7-9bd8-f08e6da028fc,DE-BY,Bavaria,DE,Germany,school_holiday,School,Summer Holidays,2023-07-31,2023-09-11,21,21,43,1,false,false,false
2023-08-22,21a4e257-7dab-4833-b308-0ec5069ac158,AT-SB,Salzburg,AT,Austria,school_holiday,School,Summer Holidays,2023-07-08,2023-09-10,45,19,65,2,false,false,false
2023-08-22,21a4e257-7dab-4833-b308-0ec5069ac158,AT-TI,Tyrol,AT,Austria,school_holiday,School,Summer Holidays,2023-07-08,2023-09-10,45,19,65,2,false,false,false
2023-08-22,91a595fc-ff92-43e7-9bd8-f08e6da028fc,DE-BY,Bavaria,DE,Germany,school_holiday,School,Summer Holidays,2023-07-31,2023-09-11,22,20,43,2,false,false,false
2023-08-23,21a4e257-7dab-4833-b308-0ec5069ac158,AT-SB,Salzburg,AT,Austria,school_holiday,School,Summer Holidays,2023-07-08,2023-09-10,46,18,65,3,false,false,false
2023-08-23,21a4e257-7dab-4833-b308-0ec5069ac158,AT-TI,Tyrol,AT,Austria,school_holiday,School,Summer Holidays,2023-07-08,2023-09-10,46,18,65,3,false,false,false
2023-08-23,91a595fc-ff92-43e7-9bd8-f08e6da028fc,DE-BY,Bavaria,DE,Germany,school_holiday,School,Summer Holidays,2023-07-31,2023-09-11,23,19,43,3,false,false,false
2023-08-24,21a4e257-7dab-4833-b308-0ec5069ac158,AT-SB,Salzburg,AT,Austria,school_holiday,School,Summer Holidays,2023-07-08,2023-09-10,47,17,65,4,false,false,false
2023-08-24,21a4e257-7dab-4833-b308-0ec5069ac158,AT-TI,Tyrol,AT,Austria,school_holiday,School,Summer Holidays,2023-07-08,2023-09-10,47,17,65,4,false,false,false
2023-08-24,91a595fc-ff92-43e7-9bd8-f08e6da028fc,DE-BY,Bavaria,DE,Germany,school_holiday,School,Summer Holidays,2023-07-31,2023-09-11,24,18,43,4,false,false,false
2023-08-25,21a4e257-7dab-4833-b308-0ec5069ac158,AT-SB,Salzburg,AT,Austria,school_holiday,School,Summer Holidays,2023-07-08,2023-09-10,48,16,65,5,false,false,false
2023-08-25,21a4e257-7dab-4833-b308-0ec5069ac158,AT-TI,Tyrol,AT,Austria,school_holiday,School,Summer Holidays,2023-07-08,2023-09-10,48,16,65,5,false,false,false
2023-08-25,91a595fc-ff92-43e7-9bd8-f08e6da028fc,DE-BY,Bavaria,DE,Germany,school_holiday,School,Summer Holidays,2023-07-31,2023-09-11,25,17,43,5,false,false,false
2023-08-26,21a4e257-7dab-4833-b308-0ec5069ac158,AT-SB,Salzburg,AT,Austria,school_holiday,School,Summer Holidays,2023-07-08,2023-09-10,49,15,65,6,true,false,false
2023-08-26,21a4e257-7dab-4833-b308-0ec5069ac158,AT-TI,Tyrol,AT,Austria,school_holiday,School,Summer Holidays,2023-07-08,2023-09-10,49,15,65,6,true,false,false
2023-08-26,91a595fc-ff92-43e7-9bd8-f08e6da028fc,DE-BY,Bavaria,DE,Germany,school_holiday,School,Summer Holidays,2023-07-31,2023-09-11,26,16,43,6,true,false,false
2023-08-27,21a4e257-7dab-4833-b308-0ec5069ac158,AT-SB,Salzburg,AT,Austria,school_holiday,School,Summer Holidays,2023-07-08,2023-09-10,50,14,65,7,true,false,false
2023-08-27,21a4e257-7dab-4833-b308-0ec5069ac158,AT-TI,Tyrol,AT,Austria,school_holiday,School,Summer Holidays,2023-07-08,2023-09-10,50,14,65,7,true,false,false
2023-08-27,91a595fc-ff92-43e7-9bd8-f08e6da028fc,DE-BY,Bavaria,DE,Germany,school_holiday,School,Summer Holidays,2023-07-31,2023-09-11,27,15,43,7,true,false,false
2023-08-28,21a4e257-7dab-4833-b308-0ec5069ac158,AT-SB,Salzburg,AT,Austria,school_holiday,School,Summer Holidays,2023-07-08,2023-09-10,51,13,65,1,false,false,false
2023-08-28,21a4e257-7dab-4833-b308-0ec5069ac158,AT-TI,Tyrol,AT,Austria,school_holiday,School,Summer Holidays,2023-07-08,2023-09-10,51,13,65,1,false,false,false
2023-08-28,91a595fc-ff92-43e7-9bd8-f08e6da028fc,DE-BY,Bavaria,DE,Germany,school_holiday,School,Summer Holidays,2023-07-31,2023-09-11,28,14,43,1,false,false,false
2023-08-29,21a4e257-7dab-4833-b308-0ec5069ac158,AT-SB,Salzburg,AT,Austria,school_holiday,School,Summer Holidays,2023-07-08,2023-09-10,52,12,65,2,false,false,false
2023-08-29,21a4e257-7dab-4833-b308-0ec5069ac158,AT-TI,Tyrol,AT,Austria,school_holiday,School,Summer Holidays,2023-07-08,2023-09-10,52,12,65,2,false,false,false
2023-08-29,91a595fc-ff92-43e7-9bd8-f08e6da028fc,DE-BY,Bavaria,DE,Germany,school_holiday,School,Summer Holidays,2023-07-31,2023-09-11,29,13,43,2,false,false,false
2023-08-30,21a4e257-7dab-4833-b308-0ec5069ac158,AT-SB,Salzburg,AT,Austria,school_holiday,School,Summer Holidays,2023-07-08,2023-09-10,53,11,65,3,false,false,false
2023-08-30,21a4e257-7dab-4833-b308-0ec5069ac158,AT-TI,Tyrol,AT,Austria,school_holiday,School,Summer Holidays,2023-07-08,2023-09-10,53,11,65,3,false,false,false
2023-08-30,91a595fc-ff92-43e7-9bd8-f08e6da028fc,DE-BY,Bavaria,DE,Germany,school_holiday,School,Summer Holidays,2023-07-31,2023-09-11,30,12,43,3,false,false,false
2023-08-31,21a4e257-7dab-4833-b308-0ec5069ac158,AT-SB,Salzburg,AT,Austria,school_holiday,School,Summer Holidays,2023-07-08,2023-09-10,54,10,65,4,false,false,false
2023-08-31,21a4e257-7dab-4833-b308-0ec5069ac158,AT-TI,Tyrol,AT,Austria,school_holiday,School,Summer Holidays,2023-07-08,2023-09-10,54,10,65,4,false,false,false
2023-08-31,91a595fc-ff92-43e7-9bd8-f08e6da028fc,DE-BY,Bavaria,DE,Germany,school_holiday,School,Summer Holidays,2023-07-31,2023-09-11,31,11,43,4,false,false,false
2023-09-01,21a4e257-7dab-4833-b308-0ec5069ac158,AT-SB,Salzburg,AT,Austria,school_holiday,School,Summer Holidays,2023-07-08,2023-09-10,55,9,65,5,false,false,false
2023-09-01,21a4e257-7dab-4833-b308-0ec5069ac158,AT-TI,Tyrol,AT,Austria,school_holiday,School,Summer Holidays,2023-07-08,2023-09-10,55,9,65,5,false,false,false
2023-09-01,91a595fc-ff92-43e7-9bd8-f08e6da028fc,DE-BY,Bavaria,DE,Germany,school_holiday,School,Summer Holidays,2023-07-31,2023-09-11,32,10,43,5,false,false,false
2023-09-02,21a4e257-7dab-4833-b308-0ec5069ac158,AT-SB,Salzburg,AT,Austria,school_holiday,School,Summer Holidays,2023-07-08,2023-09-10,56,8,65,6,true,false,false
2023-09-02,21a4e257-7dab-4833-b308-0ec5069ac158,AT-TI,Tyrol,AT,Austria,school_holiday,School,Summer Holidays,2023-07-08,2023-09-10,56,8,65,6,true,false,false
2023-09-02,91a595fc-ff92-43e7-9bd8-f08e6da028fc,DE-BY,Bavaria,DE,Germany,school_holiday,School,Summer Holidays,2023-07-31,2023-09-11,33,9,43,6,true,false,false
2023-09-03,21a4e257-7dab-4833-b308-0ec5069ac158,AT-SB,Salzburg,AT,Austria,school_holiday,School,Summer Holidays,2023-07-08,2023-09-10,57,7,65,7,true,false,false
2023-09-03,21a4e257-7dab-4833-b308-0ec5069ac158,AT-TI,Tyrol,AT,Austria,school_holiday,School,Summer Holidays,2023-07-08,2023-09-10,57,7,65,7,true,false,false
2023-09-03,91a595fc-ff92-43e7-9bd8-f08e6da028fc,DE-BY,Bavaria,DE,Germany,school_holiday,School,Summer Holidays,2023-07-31,2023-09-11,34,8,43,7,true,false,false
2023-09-04,21a4e257-7dab-4833-b308-0ec5069ac158,AT-SB,Salzburg,AT,Austria,school_holiday,School,Summer Holidays,2023-07-08,2023-09-10,58,6,65,1,false,false,false
2023-09-04,21a4e257-7dab-4833-b308-0ec5069ac158,AT-TI,Tyrol,AT,Austria,school_holiday,School,Summer Holidays,2023-07-08,2023-09-10,58,6,65,1,false,false,false
2023-09-04,91a595fc-ff92-43e7-9bd8-f08e6da028fc,DE-BY,Bavaria,DE,Germany,school_holiday,School,Summer Holidays,2023-07-31,2023-09-11,35,7,43,1,false,false,false
2023-09-05,21a4e257-7dab-4833-b308-0ec5069ac158,AT-SB,Salzburg,AT,Austria,school_holiday,School,Summer Holidays,2023-07-08,2023-09-10,59,5,65,2,false,false,false
2023-09-05,21a4e257-7dab-4833-b308-0ec5069ac158,AT-TI,Tyrol,AT,Austria,school_holiday,School,Summer Holidays,2023-07-08,2023-09-10,59,5,65,2,false,false,false
2023-09-05,91a595fc-ff92-43e7-9bd8-f08e6da028fc,DE-BY,Bavaria,DE,Germany,school_holiday,School,Summer Holidays,2023-07-31,2023-09-11,36,6,43,2,false,false,false
2023-09-06,21a4e257-7dab-4833-b308-0ec5069ac158,AT-SB,Salzburg,AT,Austria,school_holiday,School,Summer Holidays,2023-07-08,2023-09-10,60,4,65,3,false,false,false
2023-09-06,21a4e257-7dab-4833-b308-0ec5069ac158,AT-TI,Tyrol,AT,Austria,school_holiday,School,Summer Holidays,2023-07-08,2023-09-10,60,4,65,3,false,false,false
2023-09-06,91a595fc-ff92-43e7-9bd8-f08e6da028fc,DE-BY,Bavaria,DE,Germany,school_holiday,School,Summer Holidays,2023-07-31,2023-09-11,37,5,43,3,false,false,false
2023-09-07,21a4e257-7dab-4833-b308-0ec5069ac158,AT-SB,Salzburg,AT,Austria,school_holiday,School,Summer Holidays,2023-07-08,2023-09-10,61,3,65,4,false,false,false
2023-09-07,21a4e257-7dab-4833-b308-0ec5069ac158,AT-TI,Tyrol,AT,Austria,school_holiday,School,Summer Holidays,2023-07-08,2023-09-10,61,3,65,4,false,false,false
2023-09-07,91a595fc-ff92-43e7-9bd8-f08e6da028fc,DE-BY,Bavaria,DE,Germany,school_holiday,School,Summer Holidays,2023-07-31,2023-09-11,38,4,43,4,false,false,false
2023-09-08,21a4e257-7dab-4833-b308-0ec5069ac158,AT-SB,Salzburg,AT,Austria,school_holiday,School,Summer Holidays,2023-07-08,2023-09-10,62,2,65,5,false,false,false
2023-09-08,21a4e257-7dab-4833-b308-0ec5069ac158,AT-TI,Tyrol,AT,Austria,school_holiday,School,Summer Holidays,2023-07-08,2023-09-10,62,2,65,5,false,false,false
2023-09-08,91a595fc-ff92-43e7-9bd8-f08e6da028fc,DE-BY,Bavaria,DE,Germany,school_holiday,School,Summer Holidays,2023-07-31,2023-09-11,39,3,43,5,false,false,false
2023-09-09,21a4e257-7dab-4833-b308-0ec5069ac158,AT-SB,Salzburg,AT,Austria,school_holiday,School,Summer Holidays,2023-07-08,2023-09-10,63,1,65,6,true,false,false
2023-09-09,21a4e257-7dab-4833-b308-0ec5069ac158,AT-TI,Tyrol,AT,Austria,school_holiday,School,Summer Holidays,2023-07-08,2023-09-10,63,1,65,6,true,false,false
2023-09-09,91a595fc-ff92-43e7-9bd8-f08e6da028fc,DE-BY,Bavaria,DE,Germany,school_holiday,School,Summer Holidays,2023-07-31,2023-09-11,40,2,43,6,true,false,false
2023-09-10,21a4e257-7dab-4833-b308-0ec5069ac158,AT-SB,Salzburg,AT,Austria,school_holiday,School,Summer Holidays,2023-07-08,2023-09-10,64,0,65,7,true,false,true
2023-09-10,21a4e257-7dab-4833-b308-0ec5069ac158,AT-TI,Tyrol,AT,Austria,school_holiday,School,Summer Holidays,2023-07-08,2023-09-10,64,0,65,7,true,false,true
2023-09-10,91a595fc-ff92-43e7-9bd8-f08e6da028fc,DE-BY,Bavaria,DE,Germany,school_holiday,School,Summer Holidays,2023-07-31,2023-09-11,41,1,43,7,true,false,false
2023-09-11,91a595fc-ff92-43e7-9bd8-f08e6da028fc,DE-BY,Bavaria,DE,Germany,school_holiday,School,Summer Holidays,2023-07-31,2023-09-11,42,0,43,1,false,false,true
2023-09-24,a4f66787-7be4-489f-ad15-dc2aef121a01,AT-SB,Salzburg,AT,Austria,school_holiday,School,Saint Rupert's Day,2023-09-24,2023-09-24,0,0,1,7,true,true,true
2023-10-03,f4f1fe82-cd70-4d33-b456-f78f9b77f064,DE-BY,Bavaria,DE,Germany,public_holiday,Public,Day of German Unity,2023-10-03,2023-10-03,0,0,1,2,false,true,true
2023-10-26,d3f24660-4d65-4eed-aedb-8dc999a4689f,AT-SB,Salzburg,AT,Austria,public_holiday,Public,National Day,2023-10-26,2023-10-26,0,0,1,4,false,true,true
2023-10-26,d3f24660-4d65-4eed-aedb-8dc999a4689f,AT-TI,Tyrol,AT,Austria,public_holiday,Public,National Day,2023-10-26,2023-10-26,0,0,1,4,false,true,true
2023-10-27,035d1365-758e-49af-b8df-e9e28192999b,AT-SB,Salzburg,AT,Austria,school_holiday,School,Autumn Holidays,2023-10-27,2023-10-31,0,4,5,5,false,true,false
2023-10-27,035d1365-758e-49af-b8df-e9e28192999b,AT-TI,Tyrol,AT,Austria,school_holiday,School,Autumn Holidays,2023-10-27,2023-10-31,0,4,5,5,false,true,false
2023-10-28,035d1365-758e-49af-b8df-e9e28192999b,AT-SB,Salzburg,AT,Austria,school_holiday,School,Autumn Holidays,2023-10-27,2023-10-31,1,3,5,6,true,false,false
2023-10-28,035d1365-758e-49af-b8df-e9e28192999b,AT-TI,Tyrol,AT,Austria,school_holiday,School,Autumn Holidays,2023-10-27,2023-10-31,1,3,5,6,true,false,false
2023-10-29,035d1365-758e-49af-b8df-e9e28192999b,AT-SB,Salzburg,AT,Austria,school_holiday,School,Autumn Holidays,2023-10-27,2023-10-31,2,2,5,7,true,false,false
2023-10-29,035d1365-758e-49af-b8df-e9e28192999b,AT-TI,Tyrol,AT,Austria,school_holiday,School,Autumn Holidays,2023-10-27,2023-10-31,2,2,5,7,true,false,false
2023-10-30,035d1365-758e-49af-b8df-e9e28192999b,AT-SB,Salzburg,AT,Austria,school_holiday,School,Autumn Holidays,2023-10-27,2023-10-31,3,1,5,1,false,false,false
2023-10-30,035d1365-758e-49af-b8df-e9e28192999b,AT-TI,Tyrol,AT,Austria,school_holiday,School,Autumn Holidays,2023-10-27,2023-10-31,3,1,5,1,false,false,false
2023-10-30,8c10cfa2-9af6-4ec5-bb00-c358fbf3b0f3,DE-BY,Bavaria,DE,Germany,school_holiday,School,Autumn Holidays,2023-10-30,2023-11-04,0,5,6,1,false,true,false
2023-10-31,035d1365-758e-49af-b8df-e9e28192999b,AT-SB,Salzburg,AT,Austria,school_holiday,School,Autumn Holidays,2023-10-27,2023-10-31,4,0,5,2,false,false,true
2023-10-31,035d1365-758e-49af-b8df-e9e28192999b,AT-TI,Tyrol,AT,Austria,school_holiday,School,Autumn Holidays,2023-10-27,2023-10-31,4,0,5,2,false,false,true
2023-10-31,8c10cfa2-9af6-4ec5-bb00-c358fbf3b0f3,DE-BY,Bavaria,DE,Germany,school_holiday,School,Autumn Holidays,2023-10-30,2023-11-04,1,4,6,2,false,false,false
2023-11-01,bb943eee-7ee6-4db4-9068-9c25cde7df48,AT-SB,Salzburg,AT,Austria,public_holiday,Public,All Saints' Day,2023-11-01,2023-11-01,0,0,1,3,false,true,true
2023-11-01,bb943eee-7ee6-4db4-9068-9c25cde7df48,AT-TI,Tyrol,AT,Austria,public_holiday,Public,All Saints' Day,2023-11-01,2023-11-01,0,0,1,3,false,true,true
2023-11-01,ed4084d4-897c-4c1c-9d11-837874a5122f,DE-BY,Bavaria,DE,Germany,public_holiday,Public,All Saints' Day,2023-11-01,2023-11-01,0,0,1,3,false,true,true
2023-11-01,8c10cfa2-9af6-4ec5-bb00-c358fbf3b0f3,DE-BY,Bavaria,DE,Germany,school_holiday,School,Autumn Holidays,2023-10-30,2023-11-04,2,3,6,3,false,false,false
2023-11-02,58d68a7c-1546-46fc-811a-65183fc6491d,AT-SB,Salzburg,AT,Austria,school_holiday,School,All Souls' Day,2023-11-02,2023-11-02,0,0,1,4,false,true,true
2023-11-02,58d68a7c-1546-46fc-811a-65183fc6491d,AT-TI,Tyrol,AT,Austria,school_holiday,School,All Souls' Day,2023-11-02,2023-11-02,0,0,1,4,false,true,true
2023-11-02,8c10cfa2-9af6-4ec5-bb00-c358fbf3b0f3,DE-BY,Bavaria,DE,Germany,school_holiday,School,Autumn Holidays,2023-10-30,2023-11-04,3,2,6,4,false,false,false
2023-11-03,8c10cfa2-9af6-4ec5-bb00-c358fbf3b0f3,DE-BY,Bavaria,DE,Germany,school_holiday,School,Autumn Holidays,2023-10-30,2023-11-04,4,1,6,5,false,false,false
2023-11-04,8c10cfa2-9af6-4ec5-bb00-c358fbf3b0f3,DE-BY,Bavaria,DE,Germany,school_holiday,School,Autumn Holidays,2023-10-30,2023-11-04,5,0,6,6,true,false,true
2023-11-22,fcfe3a89-c9d3-4879-988b-6471e4abb0ec,DE-BY,Bavaria,DE,Germany,school_holiday,School,Repentance Day,2023-11-22,2023-11-22,0,0,1,3,false,true,true
2023-12-08,0e060c5c-4452-4f5d-b5a1-9fc78fcf601e,AT-SB,Salzburg,AT,Austria,public_holiday,Public,Immaculate Conception,2023-12-08,2023-12-08,0,0,1,5,false,true,true
2023-12-08,0e060c5c-4452-4f5d-b5a1-9fc78fcf601e,AT-TI,Tyrol,AT,Austria,public_holiday,Public,Immaculate Conception,2023-12-08,2023-12-08,0,0,1,5,false,true,true
2023-12-23,c0a6ae60-9107-4168-8ee1-2ce46fa24097,AT-SB,Salzburg,AT,Austria,school_holiday,School,Christmas Holidays,2023-12-23,2024-01-06,0,14,15,6,true,true,false
2023-12-23,c0a6ae60-9107-4168-8ee1-2ce46fa24097,AT-TI,Tyrol,AT,Austria,school_holiday,School,Christmas Holidays,2023-12-23,2024-01-06,0,14,15,6,true,true,false
2023-12-23,b5fc4c46-d6db-434a-b65f-329d14491938,DE-BY,Bavaria,DE,Germany,school_holiday,School,Christmas Holidays,2023-12-23,2024-01-05,0,13,14,6,true,true,false
2023-12-24,c0a6ae60-9107-4168-8ee1-2ce46fa24097,AT-SB,Salzburg,AT,Austria,school_holiday,School,Christmas Holidays,2023-12-23,2024-01-06,1,13,15,7,true,false,false
2023-12-24,c0a6ae60-9107-4168-8ee1-2ce46fa24097,AT-TI,Tyrol,AT,Austria,school_holiday,School,Christmas Holidays,2023-12-23,2024-01-06,1,13,15,7,true,false,false
2023-12-24,b5fc4c46-d6db-434a-b65f-329d14491938,DE-BY,Bavaria,DE,Germany,school_holiday,School,Christmas Holidays,2023-12-23,2024-01-05,1,12,14,7,true,false,false
2023-12-25,25f24e1d-6b6e-4595-bca0-d71fb09e93aa,AT-SB,Salzburg,AT,Austria,public_holiday,Public,Christmas Day,2023-12-25,2023-12-25,0,0,1,1,false,true,true
2023-12-25,c0a6ae60-9107-4168-8ee1-2ce46fa24097,AT-SB,Salzburg,AT,Austria,school_holiday,School,Christmas Holidays,2023-12-23,2024-01-06,2,12,15,1,false,false,false
2023-12-25,25f24e1d-6b6e-4595-bca0-d71fb09e93aa,AT-TI,Tyrol,AT,Austria,public_holiday,Public,Christmas Day,2023-12-25,2023-12-25,0,0,1,1,false,true,true
2023-12-25,c0a6ae60-9107-4168-8ee1-2ce46fa24097,AT-TI,Tyrol,AT,Austria,school_holiday,School,Christmas Holidays,2023-12-23,2024-01-06,2,12,15,1,false,false,false
2023-12-25,eca484e0-f6a7-4ca4-9891-5def5648c97c,DE-BY,Bavaria,DE,Germany,public_holiday,Public,Christmas Day,2023-12-25,2023-12-25,0,0,1,1,false,true,true
2023-12-25,b5fc4c46-d6db-434a-b65f-329d14491938,DE-BY,Bavaria,DE,Germany,school_holiday,School,Christmas Holidays,2023-12-23,2024-01-05,2,11,14,1,false,false,false
2023-12-26,343be03f-a32d-493d-8738-121c81d6a740,AT-SB,Salzburg,AT,Austria,public_holiday,Public,St Stephen's Day,2023-12-26,2023-12-26,0,0,1,2,false,true,true
2023-12-26,c0a6ae60-9107-4168-8ee1-2ce46fa24097,AT-SB,Salzburg,AT,Austria,school_holiday,School,Christmas Holidays,2023-12-23,2024-01-06,3,11,15,2,false,false,false
2023-12-26,343be03f-a32d-493d-8738-121c81d6a740,AT-TI,Tyrol,AT,Austria,public_holiday,Public,St Stephen's Day,2023-12-26,2023-12-26,0,0,1,2,false,true,true
2023-12-26,c0a6ae60-9107-4168-8ee1-2ce46fa24097,AT-TI,Tyrol,AT,Austria,school_holiday,School,Christmas Holidays,2023-12-23,2024-01-06,3,11,15,2,false,false,false
2023-12-26,f9e24f26-c4a9-44e7-bda8-3c56fa11eb55,DE-BY,Bavaria,DE,Germany,public_holiday,Public,2nd Day of Christmas,2023-12-26,2023-12-26,0,0,1,2,false,true,true
2023-12-26,b5fc4c46-d6db-434a-b65f-329d14491938,DE-BY,Bavaria,DE,Germany,school_holiday,School,Christmas Holidays,2023-12-23,2024-01-05,3,10,14,2,false,false,false
2023-12-27,c0a6ae60-9107-4168-8ee1-2ce46fa24097,AT-SB,Salzburg,AT,Austria,school_holiday,School,Christmas Holidays,2023-12-23,2024-01-06,4,10,15,3,false,false,false
2023-12-27,c0a6ae60-9107-4168-8ee1-2ce46fa24097,AT-TI,Tyrol,AT,Austria,school_holiday,School,Christmas Holidays,2023-12-23,2024-01-06,4,10,15,3,false,false,false
2023-12-27,b5fc4c46-d6db-434a-b65f-329d14491938,DE-BY,Bavaria,DE,Germany,school_holiday,School,Christmas Holidays,2023-12-23,2024-01-05,4,9,14,3,false,false,false
2023-12-28,c0a6ae60-9107-4168-8ee1-2ce46fa24097,AT-SB,Salzburg,AT,Austria,school_holiday,School,Christmas Holidays,2023-12-23,2024-01-06,5,9,15,4,false,false,false
2023-12-28,c0a6ae60-9107-4168-8ee1-2ce46fa24097,AT-TI,Tyrol,AT,Austria,school_holiday,School,Christmas Holidays,2023-12-23,2024-01-06,5,9,15,4,false,false,false
2023-12-28,b5fc4c46-d6db-434a-b65f-329d14491938,DE-BY,Bavaria,DE,Germany,school_holiday,School,Christmas Holidays,2023-12-23,2024-01-05,5,8,14,4,false,false,false
2023-12-29,c0a6ae60-9107-4168-8ee1-2ce46fa24097,AT-SB,Salzburg,AT,Austria,school_holiday,School,Christmas Holidays,2023-12-23,2024-01-06,6,8,15,5,false,false,false
2023-12-29,c0a6ae60-9107-4168-8ee1-2ce46fa24097,AT-TI,Tyrol,AT,Austria,school_holiday,School,Christmas Holidays,2023-12-23,2024-01-06,6,8,15,5,false,false,false
2023-12-29,b5fc4c46-d6db-434a-b65f-329d14491938,DE-BY,Bavaria,DE,Germany,school_holiday,School,Christmas Holidays,2023-12-23,2024-01-05,6,7,14,5,false,false,false
2023-12-30,c0a6ae60-9107-4168-8ee1-2ce46fa24097,AT-SB,Salzburg,AT,Austria,school_holiday,School,Christmas Holidays,2023-12-23,2024-01-06,7,7,15,6,true,false,false
2023-12-30,c0a6ae60-9107-4168-8ee1-2ce46fa24097,AT-TI,Tyrol,AT,Austria,school_holiday,School,Christmas Holidays,2023-12-23,2024-01-06,7,7,15,6,true,false,false
2023-12-30,b5fc4c46-d6db-434a-b65f-329d14491938,DE-BY,Bavaria,DE,Germany,school_holiday,School,Christmas Holidays,2023-12-23,2024-01-05,7,6,14,6,true,false,false
2023-12-31,c0a6ae60-9107-4168-8ee1-2ce46fa24097,AT-SB,Salzburg,AT,Austria,school_holiday,School,Christmas Holidays,2023-12-23,2024-01-06,8,6,15,7,true,false,false
2023-12-31,c0a6ae60-9107-4168-8ee1-2ce46fa24097,AT-TI,Tyrol,AT,Austria,school_holiday,School,Christmas Holidays,2023-12-23,2024-01-06,8,6,15,7,true,false,false
2023-12-31,b5fc4c46-d6db-434a-b65f-329d14491938,DE-BY,Bavaria,DE,Germany,school_holiday,School,Christmas Holidays,2023-12-23,2024-01-05,8,5,14,7,true,false,false
2024-01-01,459b6476-390b-47d9-a7a3-b8ab6981c89c,AT-SB,Salzburg,AT,Austria,public_holiday,Public,New Year's Day,2024-01-01,2024-01-01,0,0,1,1,false,true,true
2024-01-01,c0a6ae60-9107-4168-8ee1-2ce46fa24097,AT-SB,Salzburg,AT,Austria,school_holiday,School,Christmas Holidays,2023-12-23,2024-01-06,9,5,15,1,false,false,false
2024-01-01,459b6476-390b-47d9-a7a3-b8ab6981c89c,AT-TI,Tyrol,AT,Austria,public_holiday,Public,New Year's Day,2024-01-01,2024-01-01,0,0,1,1,false,true,true
2024-01-01,c0a6ae60-9107-4168-8ee1-2ce46fa24097,AT-TI,Tyrol,AT,Austria,school_holiday,School,Christmas Holidays,2023-12-23,2024-01-06,9,5,15,1,false,false,false
2024-01-01,58a1da08-fb96-4d9b-8d95-b1e06278c8f3,DE-BY,Bavaria,DE,Germany,public_holiday,Public,New Year's Day,2024-01-01,2024-01-01,0,0,1,1,false,true,true
2024-01-01,b5fc4c46-d6db-434a-b65f-329d14491938,DE-BY,Bavaria,DE,Germany,school_holiday,School,Christmas Holidays,2023-12-23,2024-01-05,9,4,14,1,false,false,false
2024-01-02,c0a6ae60-9107-4168-8ee1-2ce46fa24097,AT-SB,Salzburg,AT,Austria,school_holiday,School,Christmas Holidays,2023-12-23,2024-01-06,10,4,15,2,false,false,false
2024-01-02,c0a6ae60-9107-4168-8ee1-2ce46fa24097,AT-TI,Tyrol,AT,Austria,school_holiday,School,Christmas Holidays,2023-12-23,2024-01-06,10,4,15,2,false,false,false
2024-01-02,b5fc4c46-d6db-434a-b65f-329d14491938,DE-BY,Bavaria,DE,Germany,school_holiday,School,Christmas Holidays,2023-12-23,2024-01-05,10,3,14,2,false,false,false
2024-01-03,c0a6ae60-9107-4168-8ee1-2ce46fa24097,AT-SB,Salzburg,AT,Austria,school_holiday,School,Christmas Holidays,2023-12-23,2024-01-06,11,3,15,3,false,false,false
2024-01-03,c0a6ae60-9107-4168-8ee1-2ce46fa24097,AT-TI,Tyrol,AT,Austria,school_holiday,School,Christmas Holidays,2023-12-23,2024-01-06,11,3,15,3,false,false,false
2024-01-03,b5fc4c46-d6db-434a-b65f-329d14491938,DE-BY,Bavaria,DE,Germany,school_holiday,School,Christmas Holidays,2023-12-23,2024-01-05,11,2,14,3,false,false,false
2024-01-04,c0a6ae60-9107-4168-8ee1-2ce46fa24097,AT-SB,Salzburg,AT,Austria,school_holiday,School,Christmas Holidays,2023-12-23,2024-01-06,12,2,15,4,false,false,false
2024-01-04,c0a6ae60-9107-4168-8ee1-2ce46fa24097,AT-TI,Tyrol,AT,Austria,school_holiday,School,Christmas Holidays,2023-12-23,2024-01-06,12,2,15,4,false,false,false
2024-01-04,b5fc4c46-d6db-434a-b65f-329d14491938,DE-BY,Bavaria,DE,Germany,school_holiday,School,Christmas Holidays,2023-12-23,2024-01-05,12,1,14,4,false,false,false
2024-01-05,c0a6ae60-9107-4168-8ee1-2ce46fa24097,AT-SB,Salzburg,AT,Austria,school_holiday,School,Christmas Holidays,2023-12-23,2024-01-06,13,1,15,5,false,false,false
2024-01-05,c0a6ae60-9107-4168-8ee1-2ce46fa24097,AT-TI,Tyrol,AT,Austria,school_holiday,School,Christmas Holidays,2023-12-23,2024-01-06,13,1,15,5,false,false,false
2024-01-05,b5fc4c46-d6db-434a-b65f-329d14491938,DE-BY,Bavaria,DE,Germany,school_holiday,School,Christmas Holidays,2023-12-23,2024-01-05,13,0,14,5,false,false,true
2024-01-06,1fdcabcf-d0e5-4292-9c50-269212ae816f,AT-SB,Salzburg,AT,Austria,public_holiday,Public,Epiphany,2024-01-06,2024-01-06,0,0,1,6,true,true,true
2024-01-06,c0a6ae60-9107-4168-8ee1-2ce46fa24097,AT-SB,Salzburg,AT,Austria,school_holiday,School,Christmas Holidays,2023-12-23,2024-01-06,14,0,15,6,true,false,true
2024-01-06,1fdcabcf-d0e5-4292-9c50-269212ae816f,AT-TI,Tyrol,AT,Austria,public_holiday,Public,Epiphany,2024-01-06,2024-01-06,0,0,1,6,true,true,true
2024-01-06,c0a6ae60-9107-4168-8ee1-2ce46fa24097,AT-TI,Tyrol,AT,Austria,school_holiday,School,Christmas Holidays,2023-12-23,2024-01-06,14,0,15,6,true,false,true
2024-01-06,ebf55361-f340-4852-a7fa-547143cf9cf2,DE-BY,Bavaria,DE,Germany,public_holiday,Public,Epiphany,2024-01-06,2024-01-06,0,0,1,6,true,true,true
2024-02-12,330186d7-2213-4d2a-9f07-2b4c57dd5339,AT-SB,Salzburg,AT,Austria,school_holiday,School,Semester Holidays,2024-02-12,2024-02-17,0,5,6,1,false,true,false
2024-02-12,330186d7-2213-4d2a-9f07-2b4c57dd5339,AT-TI,Tyrol,AT,Austria,school_holiday,School,Semester Holidays,2024-02-12,2024-02-17,0,5,6,1,false,true,false
2024-02-12,f4cbdd5b-1bf6-4530-8620-b8ddecbbb636,DE-BY,Bavaria,DE,Germany,school_holiday,School,Spring Holidays,2024-02-12,2024-02-16,0,4,5,1,false,true,false
2024-02-13,330186d7-2213-4d2a-9f07-2b4c57dd5339,AT-SB,Salzburg,AT,Austria,school_holiday,School,Semester Holidays,2024-02-12,2024-02-17,1,4,6,2,false,false,false
2024-02-13,330186d7-2213-4d2a-9f07-2b4c57dd5339,AT-TI,Tyrol,AT,Austria,school_holiday,School,Semester Holidays,2024-02-12,2024-02-17,1,4,6,2,false,false,false
2024-02-13,f4cbdd5b-1bf6-4530-8620-b8ddecbbb636,DE-BY,Bavaria,DE,Germany,school_holiday,School,Spring Holidays,2024-02-12,2024-02-16,1,3,5,2,false,false,false
2024-02-14,330186d7-2213-4d2a-9f07-2b4c57dd5339,AT-SB,Salzburg,AT,Austria,school_holiday,School,Semester Holidays,2024-02-12,2024-02-17,2,3,6,3,false,false,false
2024-02-14,330186d7-2213-4d2a-9f07-2b4c57dd5339,AT-TI,Tyrol,AT,Austria,school_holiday,School,Semester Holidays,2024-02-12,2024-02-17,2,3,6,3,false,false,false
2024-02-14,f4cbdd5b-1bf6-4530-8620-b8ddecbbb636,DE-BY,Bavaria,DE,Germany,school_holiday,School,Spring Holidays,2024-02-12,2024-02-16,2,2,5,3,false,false,false
2024-02-15,330186d7-2213-4d2a-9f07-2b4c57dd5339,AT-SB,Salzburg,AT,Austria,school_holiday,School,Semester Holidays,2024-02-12,2024-02-17,3,2,6,4,false,false,false
2024-02-15,330186d7-2213-4d2a-9f07-2b4c57dd5339,AT-TI,Tyrol,AT,Austria,school_holiday,School,Semester Holidays,2024-02-12,2024-02-17,3,2,6,4,false,false,false
2024-02-15,f4cbdd5b-1bf6-4530-8620-b8ddecbbb636,DE-BY,Bavaria,DE,Germany,school_holiday,School,Spring Holidays,2024-02-12,2024-02-16,3,1,5,4,false,false,false
2024-02-16,330186d7-2213-4d2a-9f07-2b4c57dd5339,AT-SB,Salzburg,AT,Austria,school_holiday,School,Semester Holidays,2024-02-12,2024-02-17,4,1,6,5,false,false,false
2024-02-16,330186d7-2213-4d2a-9f07-2b4c57dd5339,AT-TI,Tyrol,AT,Austria,school_holiday,School,Semester Holidays,2024-02-12,2024-02-17,4,1,6,5,false,false,false
2024-02-16,f4cbdd5b-1bf6-4530-8620-b8ddecbbb636,DE-BY,Bavaria,DE,Germany,school_holiday,School,Spring Holidays,2024-02-12,2024-02-16,4,0,5,5,false,false,true
2024-02-17,330186d7-2213-4d2a-9f07-2b4c57dd5339,AT-SB,Salzburg,AT,Austria,school_holiday,School,Semester Holidays,2024-02-12,2024-02-17,5,0,6,6,true,false,true
2024-02-17,330186d7-2213-4d2a-9f07-2b4c57dd5339,AT-TI,Tyrol,AT,Austria,school_holiday,School,Semester Holidays,2024-02-12,2024-02-17,5,0,6,6,true,false,true
2024-03-19,bb8e2e20-53a1-4b28-8b88-be32057d71bf,AT-TI,Tyrol,AT,Austria,school_holiday,School,Saint Joseph's Day,2024-03-19,2024-03-19,0,0,1,2,false,true,true
2024-03-23,cdd675eb-7a8c-4565-b8c1-01e82df25e42,AT-SB,Salzburg,AT,Austria,school_holiday,School,Easter Holidays,2024-03-23,2024-04-01,0,9,10,6,true,true,false
2024-03-23,cdd675eb-7a8c-4565-b8c1-01e82df25e42,AT-TI,Tyrol,AT,Austria,school_holiday,School,Easter Holidays,2024-03-23,2024-04-01,0,9,10,6,true,true,false
2024-03-24,cdd675eb-7a8c-4565-b8c1-01e82df25e42,AT-SB,Salzburg,AT,Austria,school_holiday,School,Easter Holidays,2024-03-23,2024-04-01,1,8,10,7,true,false,false
2024-03-24,cdd675eb-7a8c-4565-b8c1-01e82df25e42,AT-TI,Tyrol,AT,Austria,school_holiday,School,Easter Holidays,2024-03-23,2024-04-01,1,8,10,7,true,false,false
2024-03-25,cdd675eb-7a8c-4565-b8c1-01e82df25e42,AT-SB,Salzburg,AT,Austria,school_holiday,School,Easter Holidays,2024-03-23,2024-04-01,2,7,10,1,false,false,false
2024-03-25,cdd675eb-7a8c-4565-b8c1-01e82df25e42,AT-TI,Tyrol,AT,Austria,school_holiday,School,Easter Holidays,2024-03-23,2024-04-01,2,7,10,1,false,false,false
2024-03-25,807d237c-c6d4-4b9f-886f-8e0d805a0397,DE-BY,Bavaria,DE,Germany,school_holiday,School,Easter Holidays,2024-03-25,2024-04-06,0,12,13,1,false,true,false
2024-03-26,cdd675eb-7a8c-4565-b8c1-01e82df25e42,AT-SB,Salzburg,AT,Austria,school_holiday,School,Easter Holidays,2024-03-23,2024-04-01,3,6,10,2,false,false,false
2024-03-26,cdd675eb-7a8c-4565-b8c1-01e82df25e42,AT-TI,Tyrol,AT,Austria,school_holiday,School,Easter Holidays,2024-03-23,2024-04-01,3,6,10,2,false,false,false
2024-03-26,807d237c-c6d4-4b9f-886f-8e0d805a0397,DE-BY,Bavaria,DE,Germany,school_holiday,School,Easter Holidays,2024-03-25,2024-04-06,1,11,13,2,false,false,false
2024-03-27,cdd675eb-7a8c-4565-b8c1-01e82df25e42,AT-SB,Salzburg,AT,Austria,school_holiday,School,Easter Holidays,2024-03-23,2024-04-01,4,5,10,3,false,false,false
2024-03-27,cdd675eb-7a8c-4565-b8c1-01e82df25e42,AT-TI,Tyrol,AT,Austria,school_holiday,School,Easter Holidays,2024-03-23,2024-04-01,4,5,10,3,false,false,false
2024-03-27,807d237c-c6d4-4b9f-886f-8e0d805a0397,DE-BY,Bavaria,DE,Germany,school_holiday,School,Easter Holidays,2024-03-25,2024-04-06,2,10,13,3,false,false,false
2024-03-28,cdd675eb-7a8c-4565-b8c1-01e82df25e42,AT-SB,Salzburg,AT,Austria,school_holiday,School,Easter Holidays,2024-03-23,2024-04-01,5,4,10,4,false,false,false
2024-03-28,cdd675eb-7a8c-4565-b8c1-01e82df25e42,AT-TI,Tyrol,AT,Austria,school_holiday,School,Easter Holidays,2024-03-23,2024-04-01,5,4,10,4,false,false,false
2024-03-28,807d237c-c6d4-4b9f-886f-8e0d805a0397,DE-BY,Bavaria,DE,Germany,school_holiday,School,Easter Holidays,2024-03-25,2024-04-06,3,9,13,4,false,false,false
2024-03-29,cdd675eb-7a8c-4565-b8c1-01e82df25e42,AT-SB,Salzburg,AT,Austria,school_holiday,School,Easter Holidays,2024-03-23,2024-04-01,6,3,10,5,false,false,false
2024-03-29,cdd675eb-7a8c-4565-b8c1-01e82df25e42,AT-TI,Tyrol,AT,Austria,school_holiday,School,Easter Holidays,2024-03-23,2024-04-01,6,3,10,5,false,false,false
2024-03-29,72299d8e-272c-44b6-8d50-86ff5cb01a9a,DE-BY,Bavaria,DE,Germany,public_holiday,Public,Good Friday,2024-03-29,2024-03-29,0,0,1,5,false,true,true
2024-03-29,807d237c-c6d4-4b9f-886f-8e0d805a0397,DE-BY,Bavaria,DE,Germany,school_holiday,School,Easter Holidays,2024-03-25,2024-04-06,4,8,13,5,false,false,false
2024-03-30,cdd675eb-7a8c-4565-b8c1-01e82df25e42,AT-SB,Salzburg,AT,Austria,school_holiday,School,Easter Holidays,2024-03-23,2024-04-01,7,2,10,6,true,false,false
2024-03-30,cdd675eb-7a8c-4565-b8c1-01e82df25e42,AT-TI,Tyrol,AT,Austria,school_holiday,School,Easter Holidays,2024-03-23,2024-04-01,7,2,10,6,true,false,false
2024-03-30,807d237c-c6d4-4b9f-886f-8e0d805a0397,DE-BY,Bavaria,DE,Germany,school_holiday,School,Easter Holidays,2024-03-25,2024-04-06,5,7,13,6,true,false,false
2024-03-31,cdd675eb-7a8c-4565-b8c1-01e82df25e42,AT-SB,Salzburg,AT,Austria,school_holiday,School,Easter Holidays,2024-03-23,2024-04-01,8,1,10,7,true,false,false
2024-03-31,cdd675eb-7a8c-4565-b8c1-01e82df25e42,AT-TI,Tyrol,AT,Austria,school_holiday,School,Easter Holidays,2024-03-23,2024-04-01,8,1,10,7,true,false,false
2024-03-31,807d237c-c6d4-4b9f-886f-8e0d805a0397,DE-BY,Bavaria,DE,Germany,school_holiday,School,Easter Holidays,2024-03-25,2024-04-06,6,6,13,7,true,false,false
2024-04-01,0af5ed5b-82b2-4dec-a9b1-ce7afb43ce70,AT-SB,Salzburg,AT,Austria,public_holiday,Public,Easter Monday,2024-04-01,2024-04-01,0,0,1,1,false,true,true
2024-04-01,cdd675eb-7a8c-4565-b8c1-01e82df25e42,AT-SB,Salzburg,AT,Austria,school_holiday,School,Easter Holidays,2024-03-23,2024-04-01,9,0,10,1,false,false,true
2024-04-01,0af5ed5b-82b2-4dec-a9b1-ce7afb43ce70,AT-TI,Tyrol,AT,Austria,public_holiday,Public,Easter Monday,2024-04-01,2024-04-01,0,0,1,1,false,true,true
2024-04-01,cdd675eb-7a8c-4565-b8c1-01e82df25e42,AT-TI,Tyrol,AT,Austria,school_holiday,School,Easter Holidays,2024-03-23,2024-04-01,9,0,10,1,false,false,true
2024-04-01,bd4e0c06-a2c5-4d2a-aa92-1fb7c59025e2,DE-BY,Bavaria,DE,Germany,public_holiday,Public,Easter Monday,2024-04-01,2024-04-01,0,0,1,1,false,true,true
2024-04-01,807d237c-c6d4-4b9f-886f-8e0d805a0397,DE-BY,Bavaria,DE,Germany,school_holiday,School,Easter Holidays,2024-03-25,2024-04-06,7,5,13,1,false,false,false
2024-04-02,807d237c-c6d4-4b9f-886f-8e0d805a0397,DE-BY,Bavaria,DE,Germany,school_holiday,School,Easter Holidays,2024-03-25,2024-04-06,8,4,13,2,false,false,false
2024-04-03,807d237c-c6d4-4b9f-886f-8e0d805a0397,DE-BY,Bavaria,DE,Germany,school_holiday,School,Easter Holidays,2024-03-25,2024-04-06,9,3,13,3,false,false,false
2024-04-04,807d237c-c6d4-4b9f-886f-8e0d805a0397,DE-BY,Bavaria,DE,Germany,school_holiday,School,Easter Holidays,2024-03-25,2024-04-06,10,2,13,4,false,false,false
2024-04-05,807d237c-c6d4-4b9f-886f-8e0d805a0397,DE-BY,Bavaria,DE,Germany,school_holiday,School,Easter Holidays,2024-03-25,2024-04-06,11,1,13,5,false,false,false
2024-04-06,807d237c-c6d4-4b9f-886f-8e0d805a0397,DE-BY,Bavaria,DE,Germany,school_holiday,School,Easter Holidays,2024-03-25,2024-04-06,12,0,13,6,true,false,true
2024-05-01,0c4e6080-f370-48e8-b5bc-dd4e6c63afa8,AT-SB,Salzburg,AT,Austria,public_holiday,Public,Labour Day,2024-05-01,2024-05-01,0,0,1,3,false,true,true
2024-05-01,0c4e6080-f370-48e8-b5bc-dd4e6c63afa8,AT-TI,Tyrol,AT,Austria,public_holiday,Public,Labour Day,2024-05-01,2024-05-01,0,0,1,3,false,true,true
2024-05-01,d849751c-921e-4be1-8b30-117a610c126c,DE-BY,Bavaria,DE,Germany,public_holiday,Public,Labour Day,2024-05-01,2024-05-01,0,0,1,3,false,true,true
2024-05-09,3bbc4bc2-bd41-4106-a53e-b0f94feb3250,AT-SB,Salzburg,AT,Austria,public_holiday,Public,Ascension Day,2024-05-09,2024-05-09,0,0,1,4,false,true,true
2024-05-09,3bbc4bc2-bd41-4106-a53e-b0f94feb3250,AT-TI,Tyrol,AT,Austria,public_holiday,Public,Ascension Day,2024-05-09,2024-05-09,0,0,1,4,false,true,true
2024-05-09,440aae4c-0d2b-45a4-9480-ae91b106c002,DE-BY,Bavaria,DE,Germany,public_holiday,Public,Ascension Day,2024-05-09,2024-05-09,0,0,1,4,false,true,true
2024-05-18,c8b94578-3b53-4a86-8a8a-14843f73e798,AT-SB,Salzburg,AT,Austria,school_holiday,School,Pentecost Holidays,2024-05-18,2024-05-20,0,2,3,6,true,true,false
2024-05-18,c8b94578-3b53-4a86-8a8a-14843f73e798,AT-TI,Tyrol,AT,Austria,school_holiday,School,Pentecost Holidays,2024-05-18,2024-05-20,0,2,3,6,true,true,false
2024-05-19,c8b94578-3b53-4a86-8a8a-14843f73e798,AT-SB,Salzburg,AT,Austria,school_holiday,School,Pentecost Holidays,2024-05-18,2024-05-20,1,1,3,7,true,false,false
2024-05-19,c8b94578-3b53-4a86-8a8a-14843f73e798,AT-TI,Tyrol,AT,Austria,school_holiday,School,Pentecost Holidays,2024-05-18,2024-05-20,1,1,3,7,true,false,false
2024-05-20,24ec3138-a2ec-4a8c-ac5a-e9965335708f,AT-SB,Salzburg,AT,Austria,public_holiday,Public,Pentecost Monday,2024-05-20,2024-05-20,0,0,1,1,false,true,true
2024-05-20,c8b94578-3b53-4a86-8a8a-14843f73e798,AT-SB,Salzburg,AT,Austria,school_holiday,School,Pentecost Holidays,2024-05-18,2024-05-20,2,0,3,1,false,false,true
2024-05-20,24ec3138-a2ec-4a8c-ac5a-e9965335708f,AT-TI,Tyrol,AT,Austria,public_holiday,Public,Pentecost Monday,2024-05-20,2024-05-20,0,0,1,1,false,true,true
2024-05-20,c8b94578-3b53-4a86-8a8a-14843f73e798,AT-TI,Tyrol,AT,Austria,school_holiday,School,Pentecost Holidays,2024-05-18,2024-05-20,2,0,3,1,false,false,true
2024-05-20,2407e8d2-b6bc-4d5f-b19a-52d4eba5e498,DE-BY,Bavaria,DE,Germany,public_holiday,Public,Pentecost Monday,2024-05-20,2024-05-20,0,0,1,1,false,true,true
2024-05-21,f2bb829a-1425-4b89-9c9a-11c94d21c014,DE-BY,Bavaria,DE,Germany,school_holiday,School,Pentecost Holidays,2024-05-21,2024-06-01,0,11,12,2,false,true,false
2024-05-22,f2bb829a-1425-4b89-9c9a-11c94d21c014,DE-BY,Bavaria,DE,Germany,school_holiday,School,Pentecost Holidays,2024-05-21,2024-06-01,1,10,12,3,false,false,false
2024-05-23,f2bb829a-1425-4b89-9c9a-11c94d21c014,DE-BY,Bavaria,DE,Germany,school_holiday,School,Pentecost Holidays,2024-05-21,2024-06-01,2,9,12,4,false,false,false
2024-05-24,f2bb829a-1425-4b89-9c9a-11c94d21c014,DE-BY,Bavaria,DE,Germany,school_holiday,School,Pentecost Holidays,2024-05-21,2024-06-01,3,8,12,5,false,false,false
2024-05-25,f2bb829a-1425-4b89-9c9a-11c94d21c014,DE-BY,Bavaria,DE,Germany,school_holiday,School,Pentecost Holidays,2024-05-21,2024-06-01,4,7,12,6,true,false,false
2024-05-26,f2bb829a-1425-4b89-9c9a-11c94d21c014,DE-BY,Bavaria,DE,Germany,school_holiday,School,Pentecost Holidays,2024-05-21,2024-06-01,5,6,12,7,true,false,false
2024-05-27,f2bb829a-1425-4b89-9c9a-11c94d21c014,DE-BY,Bavaria,DE,Germany,school_holiday,School,Pentecost Holidays,2024-05-21,2024-06-01,6,5,12,1,false,false,false
2024-05-28,f2bb829a-1425-4b89-9c9a-11c94d21c014,DE-BY,Bavaria,DE,Germany,school_holiday,School,Pentecost Holidays,2024-05-21,2024-06-01,7,4,12,2,false,false,false
2024-05-29,f2bb829a-1425-4b89-9c9a-11c94d21c014,DE-BY,Bavaria,DE,Germany,school_holiday,School,Pentecost Holidays,2024-05-21,2024-06-01,8,3,12,3,false,false,false
2024-05-30,4686e78e-48ee-49c5-9ee8-9993ec090af8,AT-SB,Salzburg,AT,Austria,public_holiday,Public,Corpus Christi,2024-05-30,2024-05-30,0,0,1,4,false,true,true
2024-05-30,4686e78e-48ee-49c5-9ee8-9993ec090af8,AT-TI,Tyrol,AT,Austria,public_holiday,Public,Corpus Christi,2024-05-30,2024-05-30,0,0,1,4,false,true,true
2024-05-30,3931407a-d2f7-4a89-966c-a94781f4a649,DE-BY,Bavaria,DE,Germany,public_holiday,Public,Corpus Christi,2024-05-30,2024-05-30,0,0,1,4,false,true,true
2024-05-30,f2bb829a-1425-4b89-9c9a-11c94d21c014,DE-BY,Bavaria,DE,Germany,school_holiday,School,Pentecost Holidays,2024-05-21,2024-06-01,9,2,12,4,false,false,false
2024-05-31,f2bb829a-1425-4b89-9c9a-11c94d21c014,DE-BY,Bavaria,DE,Germany,school_holiday,School,Pentecost Holidays,2024-05-21,2024-06-01,10,1,12,5,false,false,false
2024-06-01,f2bb829a-1425-4b89-9c9a-11c94d21c014,DE-BY,Bavaria,DE,Germany,school_holiday,School,Pentecost Holidays,2024-05-21,2024-06-01,11,0,12,6,true,false,true
2024-07-06,de6d9550-6819-4bb2-8b8e-9c0697572c82,AT-SB,Salzburg,AT,Austria,school_holiday,School,Summer Holidays,2024-07-06,2024-09-08,0,64,65,6,true,true,false
2024-07-06,de6d9550-6819-4bb2-8b8e-9c0697572c82,AT-TI,Tyrol,AT,Austria,school_holiday,School,Summer Holidays,2024-07-06,2024-09-08,0,64,65,6,true,true,false
2024-07-07,de6d9550-6819-4bb2-8b8e-9c0697572c82,AT-SB,Salzburg,AT,Austria,school_holiday,School,Summer Holidays,2024-07-06,2024-09-08,1,63,65,7,true,false,false
2024-07-07,de6d9550-6819-4bb2-8b8e-9c0697572c82,AT-TI,Tyrol,AT,Austria,school_holiday,School,Summer Holidays,2024-07-06,2024-09-08,1,63,65,7,true,false,false
2024-07-08,de6d9550-6819-4bb2-8b8e-9c0697572c82,AT-SB,Salzburg,AT,Austria,school_holiday,School,Summer Holidays,2024-07-06,2024-09-08,2,62,65,1,false,false,false
2024-07-08,de6d9550-6819-4bb2-8b8e-9c0697572c82,AT-TI,Tyrol,AT,Austria,school_holiday,School,Summer Holidays,2024-07-06,2024-09-08,2,62,65,1,false,false,false
2024-07-09,de6d9550-6819-4bb2-8b8e-9c0697572c82,AT-SB,Salzburg,AT,Austria,school_holiday,School,Summer Holidays,2024-07-06,2024-09-08,3,61,65,2,false,false,false
2024-07-09,de6d9550-6819-4bb2-8b8e-9c0697572c82,AT-TI,Tyrol,AT,Austria,school_holiday,School,Summer Holidays,2024-07-06,2024-09-08,3,61,65,2,false,false,false
2024-07-10,de6d9550-6819-4bb2-8b8e-9c0697572c82,AT-SB,Salzburg,AT,Austria,school_holiday,School,Summer Holidays,2024-07-06,2024-09-08,4,60,65,3,false,false,false
2024-07-10,de6d9550-6819-4bb2-8b8e-9c0697572c82,AT-TI,Tyrol,AT,Austria,school_holiday,School,Summer Holidays,2024-07-06,2024-09-08,4,60,65,3,false,false,false
2024-07-11,de6d9550-6819-4bb2-8b8e-9c0697572c82,AT-SB,Salzburg,AT,Austria,school_holiday,School,Summer Holidays,2024-07-06,2024-09-08,5,59,65,4,false,false,false
2024-07-11,de6d9550-6819-4bb2-8b8e-9c0697572c82,AT-TI,Tyrol,AT,Austria,school_holiday,School,Summer Holidays,2024-07-06,2024-09-08,5,59,65,4,false,false,false
2024-07-12,de6d9550-6819-4bb2-8b8e-9c0697572c82,AT-SB,Salzburg,AT,Austria,school_holiday,School,Summer Holidays,2024-07-06,2024-09-08,6,58,65,5,false,false,false
2024-07-12,de6d9550-6819-4bb2-8b8e-9c0697572c82,AT-TI,Tyrol,AT,Austria,school_holiday,School,Summer Holidays,2024-07-06,2024-09-08,6,58,65,5,false,false,false
2024-07-13,de6d9550-6819-4bb2-8b8e-9c0697572c82,AT-SB,Salzburg,AT,Austria,school_holiday,School,Summer Holidays,2024-07-06,2024-09-08,7,57,65,6,true,false,false
2024-07-13,de6d9550-6819-4bb2-8b8e-9c0697572c82,AT-TI,Tyrol,AT,Austria,school_holiday,School,Summer Holidays,2024-07-06,2024-09-08,7,57,65,6,true,false,false
2024-07-14,de6d9550-6819-4bb2-8b8e-9c0697572c82,AT-SB,Salzburg,AT,Austria,school_holiday,School,Summer Holidays,2024-07-06,2024-09-08,8,56,65,7,true,false,false
2024-07-14,de6d9550-6819-4bb2-8b8e-9c0697572c82,AT-TI,Tyrol,AT,Austria,school_holiday,School,Summer Holidays,2024-07-06,2024-09-08,8,56,65,7,true,false,false
2024-07-15,de6d9550-6819-4bb2-8b8e-9c0697572c82,AT-SB,Salzburg,AT,Austria,school_holiday,School,Summer Holidays,2024-07-06,2024-09-08,9,55,65,1,false,false,false
2024-07-15,de6d9550-6819-4bb2-8b8e-9c0697572c82,AT-TI,Tyrol,AT,Austria,school_holiday,School,Summer Holidays,2024-07-06,2024-09-08,9,55,65,1,false,false,false
2024-07-16,de6d9550-6819-4bb2-8b8e-9c0697572c82,AT-SB,Salzburg,AT,Austria,school_holiday,School,Summer Holidays,2024-07-06,2024-09-08,10,54,65,2,false,false,false
2024-07-16,de6d9550-6819-4bb2-8b8e-9c0697572c82,AT-TI,Tyrol,AT,Austria,school_holiday,School,Summer Holidays,2024-07-06,2024-09-08,10,54,65,2,false,false,false
2024-07-17,de6d9550-6819-4bb2-8b8e-9c0697572c82,AT-SB,Salzburg,AT,Austria,school_holiday,School,Summer Holidays,2024-07-06,2024-09-08,11,53,65,3,false,false,false
2024-07-17,de6d9550-6819-4bb2-8b8e-9c0697572c82,AT-TI,Tyrol,AT,Austria,school_holiday,School,Summer Holidays,2024-07-06,2024-09-08,11,53,65,3,false,false,false
2024-07-18,de6d9550-6819-4bb2-8b8e-9c0697572c82,AT-SB,Salzburg,AT,Austria,school_holiday,School,Summer Holidays,2024-07-06,2024-09-08,12,52,65,4,false,false,false
2024-07-18,de6d9550-6819-4bb2-8b8e-9c0697572c82,AT-TI,Tyrol,AT,Austria,school_holiday,School,Summer Holidays,2024-07-06,2024-09-08,12,52,65,4,false,false,false
2024-07-19,de6d9550-6819-4bb2-8b8e-9c0697572c82,AT-SB,Salzburg,AT,Austria,school_holiday,School,Summer Holidays,2024-07-06,2024-09-08,13,51,65,5,false,false,false
2024-07-19,de6d9550-6819-4bb2-8b8e-9c0697572c82,AT-TI,Tyrol,AT,Austria,school_holiday,School,Summer Holidays,2024-07-06,2024-09-08,13,51,65,5,false,false,false
2024-07-20,de6d9550-6819-4bb2-8b8e-9c0697572c82,AT-SB,Salzburg,AT,Austria,school_holiday,School,Summer Holidays,2024-07-06,2024-09-08,14,50,65,6,true,false,false
2024-07-20,de6d9550-6819-4bb2-8b8e-9c0697572c82,AT-TI,Tyrol,AT,Austria,school_holiday,School,Summer Holidays,2024-07-06,2024-09-08,14,50,65,6,true,false,false
2024-07-21,de6d9550-6819-4bb2-8b8e-9c0697572c82,AT-SB,Salzburg,AT,Austria,school_holiday,School,Summer Holidays,2024-07-06,2024-09-08,15,49,65,7,true,false,false
2024-07-21,de6d9550-6819-4bb2-8b8e-9c0697572c82,AT-TI,Tyrol,AT,Austria,school_holiday,School,Summer Holidays,2024-07-06,2024-09-08,15,49,65,7,true,false,false
2024-07-22,de6d9550-6819-4bb2-8b8e-9c0697572c82,AT-SB,Salzburg,AT,Austria,school_holiday,School,Summer Holidays,2024-07-06,2024-09-08,16,48,65,1,false,false,false
2024-07-22,de6d9550-6819-4bb2-8b8e-9c0697572c82,AT-TI,Tyrol,AT,Austria,school_holiday,School,Summer Holidays,2024-07-06,2024-09-08,16,48,65,1,false,false,false
2024-07-23,de6d9550-6819-4bb2-8b8e-9c0697572c82,AT-SB,Salzburg,AT,Austria,school_holiday,School,Summer Holidays,2024-07-06,2024-09-08,17,47,65,2,false,false,false
2024-07-23,de6d9550-6819-4bb2-8b8e-9c0697572c82,AT-TI,Tyrol,AT,Austria,school_holiday,School,Summer Holidays,2024-07-06,2024-09-08,17,47,65,2,false,false,false
2024-07-24,de6d9550-6819-4bb2-8b8e-9c0697572c82,AT-SB,Salzburg,AT,Austria,school_holiday,School,Summer Holidays,2024-07-06,2024-09-08,18,46,65,3,false,false,false
2024-07-24,de6d9550-6819-4bb2-8b8e-9c0697572c82,AT-TI,Tyrol,AT,Austria,school_holiday,School,Summer Holidays,2024-07-06,2024-09-08,18,46,65,3,false,false,false
2024-07-25,de6d9550-6819-4bb2-8b8e-9c0697572c82,AT-SB,Salzburg,AT,Austria,school_holiday,School,Summer Holidays,2024-07-06,2024-09-08,19,45,65,4,false,false,false
2024-07-25,de6d9550-6819-4bb2-8b8e-9c0697572c82,AT-TI,Tyrol,AT,Austria,school_holiday,School,Summer Holidays,2024-07-06,2024-09-08,19,45,65,4,false,false,false
2024-07-26,de6d9550-6819-4bb2-8b8e-9c0697572c82,AT-SB,Salzburg,AT,Austria,school_holiday,School,Summer Holidays,2024-07-06,2024-09-08,20,44,65,5,false,false,false
2024-07-26,de6d9550-6819-4bb2-8b8e-9c0697572c82,AT-TI,Tyrol,AT,Austria,school_holiday,School,Summer Holidays,2024-07-06,2024-09-08,20,44,65,5,false,false,false
2024-07-27,de6d9550-6819-4bb2-8b8e-9c0697572c82,AT-SB,Salzburg,AT,Austria,school_holiday,School,Summer Holidays,2024-07-06,2024-09-08,21,43,65,6,true,false,false
2024-07-27,de6d9550-6819-4bb2-8b8e-9c0697572c82,AT-TI,Tyrol,AT,Austria,school_holiday,School,Summer Holidays,2024-07-06,2024-09-08,21,43,65,6,true,false,false
2024-07-28,de6d9550-6819-4bb2-8b8e-9c0697572c82,AT-SB,Salzburg,AT,Austria,school_holiday,School,Summer Holidays,2024-07-06,2024-09-08,22,42,65,7,true,false,false
2024-07-28,de6d9550-6819-4bb2-8b8e-9c0697572c82,AT-TI,Tyrol,AT,Austria,school_holiday,School,Summer Holidays,2024-07-06,2024-09-08,22,42,65,7,true,false,false
2024-07-29,de6d9550-6819-4bb2-8b8e-9c0697572c82,AT-SB,Salzburg,AT,Austria,school_holiday,School,Summer Holidays,2024-07-06,2024-09-08,23,41,65,1,false,false,false
2024-07-29,de6d9550-6819-4bb2-8b8e-9c0697572c82,AT-TI,Tyrol,AT,Austria,school_holiday,School,Summer Holidays,2024-07-06,2024-09-08,23,41,65,1,false,false,false
2024-07-29,871df250-0576-493c-aea4-e64ee4608bef,DE-BY,Bavaria,DE,Germany,school_holiday,School,Summer Holidays,2024-07-29,2024-09-09,0,42,43,1,false,true,false
2024-07-30,de6d9550-6819-4bb2-8b8e-9c0697572c82,AT-SB,Salzburg,AT,Austria,school_holiday,School,Summer Holidays,2024-07-06,2024-09-08,24,40,65,2,false,false,false
2024-07-30,de6d9550-6819-4bb2-8b8e-9c0697572c82,AT-TI,Tyrol,AT,Austria,school_holiday,School,Summer Holidays,2024-07-06,2024-09-08,24,40,65,2,false,false,false
2024-07-30,871df250-0576-493c-aea4-e64ee4608bef,DE-BY,Bavaria,DE,Germany,school_holiday,School,Summer Holidays,2024-07-29,2024-09-09,1,41,43,2,false,false,false
2024-07-31,de6d9550-6819-4bb2-8b8e-9c0697572c82,AT-SB,Salzburg,AT,Austria,school_holiday,School,Summer Holidays,2024-07-06,2024-09-08,25,39,65,3,false,false,false
2024-07-31,de6d9550-6819-4bb2-8b8e-9c0697572c82,AT-TI,Tyrol,AT,Austria,school_holiday,School,Summer Holidays,2024-07-06,2024-09-08,25,39,65,3,false,false,false
2024-07-31,871df250-0576-493c-aea4-e64ee4608bef,DE-BY,Bavaria,DE,Germany,school_holiday,School,Summer Holidays,2024-07-29,2024-09-09,2,40,43,3,false,false,false
2024-08-01,de6d9550-6819-4bb2-8b8e-9c0697572c82,AT-SB,Salzburg,AT,Austria,school_holiday,School,Summer Holidays,2024-07-06,2024-09-08,26,38,65,4,false,false,false
2024-08-01,de6d9550-6819-4bb2-8b8e-9c0697572c82,AT-TI,Tyrol,AT,Austria,school_holiday,School,Summer Holidays,2024-07-06,2024-09-08,26,38,65,4,false,false,false
2024-08-01,871df250-0576-493c-aea4-e64ee4608bef,DE-BY,Bavaria,DE,Germany,school_holiday,School,Summer Holidays,2024-07-29,2024-09-09,3,39,43,4,false,false,false
2024-08-02,de6d9550-6819-4bb2-8b8e-9c0697572c82,AT-SB,Salzburg,AT,Austria,school_holiday,School,Summer Holidays,2024-07-06,2024-09-08,27,37,65,5,false,false,false
2024-08-02,de6d9550-6819-4bb2-8b8e-9c0697572c82,AT-TI,Tyrol,AT,Austria,school_holiday,School,Summer Holidays,2024-07-06,2024-09-08,27,37,65,5,false,false,false
2024-08-02,871df250-0576-493c-aea4-e64ee4608bef,DE-BY,Bavaria,DE,Germany,school_holiday,School,Summer Holidays,2024-07-29,2024-09-09,4,38,43,5,false,false,false
2024-08-03,de6d9550-6819-4bb2-8b8e-9c0697572c82,AT-SB,Salzburg,AT,Austria,school_holiday,School,Summer Holidays,2024-07-06,2024-09-08,28,36,65,6,true,false,false
2024-08-03,de6d9550-6819-4bb2-8b8e-9c0697572c82,AT-TI,Tyrol,AT,Austria,school_holiday,School,Summer Holidays,2024-07-06,2024-09-08,28,36,65,6,true,false,false
2024-08-03,871df250-0576-493c-aea4-e64ee4608bef,DE-BY,Bavaria,DE,Germany,school_holiday,School,Summer Holidays,2024-07-29,2024-09-09,5,37,43,6,true,false,false
2024-08-04,de6d9550-6819-4bb2-8b8e-9c0697572c82,AT-SB,Salzburg,AT,Austria,school_holiday,School,Summer Holidays,2024-07-06,2024-09-08,29,35,65,7,true,false,false
2024-08-04,de6d9550-6819-4bb2-8b8e-9c0697572c82,AT-TI,Tyrol,AT,Austria,school_holiday,School,Summer Holidays,2024-07-06,2024-09-08,29,35,65,7,true,false,false
2024-08-04,871df250-0576-493c-aea4-e64ee4608bef,DE-BY,Bavaria,DE,Germany,school_holiday,School,Summer Holidays,2024-07-29,2024-09-09,6,36,43,7,true,false,false
2024-08-05,de6d9550-6819-4bb2-8b8e-9c0697572c82,AT-SB,Salzburg,AT,Austria,school_holiday,School,Summer Holidays,2024-07-06,2024-09-08,30,34,65,1,false,false,false
2024-08-05,de6d9550-6819-4bb2-8b8e-9c0697572c82,AT-TI,Tyrol,AT,Austria,school_holiday,School,Summer Holidays,2024-07-06,2024-09-08,30,34,65,1,false,false,false
2024-08-05,871df250-0576-493c-aea4-e64ee4608bef,DE-BY,Bavaria,DE,Germany,school_holiday,School,Summer Holidays,2024-07-29,2024-09-09,7,35,43,1,false,false,false
2024-08-06,de6d9550-6819-4bb2-8b8e-9c0697572c82,AT-SB,Salzburg,AT,Austria,school_holiday,School,Summer Holidays,2024-07-06,2024-09-08,31,33,65,2,false,false,false
2024-08-06,de6d9550-6819-4bb2-8b8e-9c0697572c82,AT-TI,Tyrol,AT,Austria,school_holiday,School,Summer Holidays,2024-07-06,2024-09-08,31,33,65,2,false,false,false
2024-08-06,871df250-0576-493c-aea4-e64ee4608bef,DE-BY,Bavaria,DE,Germany,school_holiday,School,Summer Holidays,2024-07-29,2024-09-09,8,34,43,2,false,false,false
2024-08-07,de6d9550-6819-4bb2-8b8e-9c0697572c82,AT-SB,Salzburg,AT,Austria,school_holiday,School,Summer Holidays,2024-07-06,2024-09-08,32,32,65,3,false,false,false
2024-08-07,de6d9550-6819-4bb2-8b8e-9c0697572c82,AT-TI,Tyrol,AT,Austria,school_holiday,School,Summer Holidays,2024-07-06,2024-09-08,32,32,65,3,false,false,false
2024-08-07,871df250-0576-493c-aea4-e64ee4608bef,DE-BY,Bavaria,DE,Germany,school_holiday,School,Summer Holidays,2024-07-29,2024-09-09,9,33,43,3,false,false,false
2024-08-08,de6d9550-6819-4bb2-8b8e-9c0697572c82,AT-SB,Salzburg,AT,Austria,school_holiday,School,Summer Holidays,2024-07-06,2024-09-08,33,31,65,4,false,false,false
2024-08-08,de6d9550-6819-4bb2-8b8e-9c0697572c82,AT-TI,Tyrol,AT,Austria,school_holiday,School,Summer Holidays,2024-07-06,2024-09-08,33,31,65,4,false,false,false
2024-08-08,871df250-0576-493c-aea4-e64ee4608bef,DE-BY,Bavaria,DE,Germany,school_holiday,School,Summer Holidays,2024-07-29,2024-09-09,10,32,43,4,false,false,false
2024-08-09,de6d9550-6819-4bb2-8b8e-9c0697572c82,AT-SB,Salzburg,AT,Austria,school_holiday,School,Summer Holidays,2024-07-06,2024-09-08,34,30,65,5,false,false,false
2024-08-09,de6d9550-6819-4bb2-8b8e-9c0697572c82,AT-TI,Tyrol,AT,Austria,school_holiday,School,Summer Holidays,2024-07-06,2024-09-08,34,30,65,5,false,false,false
2024-08-09,871df250-0576-493c-aea4-e64ee4608bef,DE-BY,Bavaria,DE,Germany,school_holiday,School,Summer Holidays,2024-07-29,2024-09-09,11,31,43,5,false,false,false
2024-08-10,de6d9550-6819-4bb2-8b8e-9c0697572c82,AT-SB,Salzburg,AT,Austria,school_holiday,School,Summer Holidays,2024-07-06,2024-09-08,35,29,65,6,true,false,false
2024-08-10,de6d9550-6819-4bb2-8b8e-9c0697572c82,AT-TI,Tyrol,AT,Austria,school_holiday,School,Summer Holidays,2024-07-06,2024-09-08,35,29,65,6,true,false,false
2024-08-10,871df250-0576-493c-aea4-e64ee4608bef,DE-BY,Bavaria,DE,Germany,school_holiday,School,Summer Holidays,2024-07-29,2024-09-09,12,30,43,6,true,false,false
2024-08-11,de6d9550-6819-4bb2-8b8e-9c0697572c82,AT-SB,Salzburg,AT,Austria,school_holiday,School,Summer Holidays,2024-07-06,2024-09-08,36,28,65,7,true,false,false
2024-08-11,de6d9550-6819-4bb2-8b8e-9c0697572c82,AT-TI,Tyrol,AT,Austria,school_holiday,School,Summer Holidays,2024-07-06,2024-09-08,36,28,65,7,true,false,false
2024-08-11,871df250-0576-493c-aea4-e64ee4608bef,DE-BY,Bavaria,DE,Germany,school_holiday,School,Summer Holidays,2024-07-29,2024-09-09,13,29,43,7,true,false,false
2024-08-12,de6d9550-6819-4bb2-8b8e-9c0697572c82,AT-SB,Salzburg,AT,Austria,school_holiday,School,Summer Holidays,2024-07-06,2024-09-08,37,27,65,1,false,false,false
2024-08-12,de6d9550-6819-4bb2-8b8e-9c0697572c82,AT-TI,Tyrol,AT,Austria,school_holiday,School,Summer Holidays,2024-07-06,2024-09-08,37,27,65,1,false,false,false
2024-08-12,871df250-0576-493c-aea4-e64ee4608bef,DE-BY,Bavaria,DE,Germany,school_holiday,School,Summer Holidays,2024-07-29,2024-09-09,14,28,43,1,false,false,false
2024-08-13,de6d9550-6819-4bb2-8b8e-9c0697572c82,AT-SB,Salzburg,AT,Austria,school_holiday,School,Summer Holidays,2024-07-06,2024-09-08,38,26,65,2,false,false,false
2024-08-13,de6d9550-6819-4bb2-8b8e-9c0697572c82,AT-TI,Tyrol,AT,Austria,school_holiday,School,Summer Holidays,2024-07-06,2024-09-08,38,26,65,2,false,false,false
2024-08-13,871df250-0576-493c-aea4-e64ee4608bef,DE-BY,Bavaria,DE,Germany,school_holiday,School,Summer Holidays,2024-07-29,2024-09-09,15,27,43,2,false,false,false
2024-08-14,de6d9550-6819-4bb2-8b8e-9c0697572c82,AT-SB,Salzburg,AT,Austria,school_holiday,School,Summer Holidays,2024-07-06,2024-09-08,39,25,65,3,false,false,false
2024-08-14,de6d9550-6819-4bb2-8b8e-9c0697572c82,AT-TI,Tyrol,AT,Austria,school_holiday,School,Summer Holidays,2024-07-06,2024-09-08,39,25,65,3,false,false,false
2024-08-14,871df250-0576-493c-aea4-e64ee4608bef,DE-BY,Bavaria,DE,Germany,school_holiday,School,Summer Holidays,2024-07-29,2024-09-09,16,26,43,3,false,false,false
2024-08-15,07b5eebb-086e-4a39-80e2-863998e3222a,AT-SB,Salzburg,AT,Austria,public_holiday,Public,Assumption Day,2024-08-15,2024-08-15,0,0,1,4,false,true,true
2024-08-15,de6d9550-6819-4bb2-8b8e-9c0697572c82,AT-SB,Salzburg,AT,Austria,school_holiday,School,Summer Holidays,2024-07-06,2024-09-08,40,24,65,4,false,false,false
2024-08-15,07b5eebb-086e-4a39-80e2-863998e3222a,AT-TI,Tyrol,AT,Austria,public_holiday,Public,Assumption Day,2024-08-15,2024-08-15,0,0,1,4,false,true,true
2024-08-15,de6d9550-6819-4bb2-8b8e-9c0697572c82,AT-TI,Tyrol,AT,Austria,school_holiday,School,Summer Holidays,2024-07-06,2024-09-08,40,24,65,4,false,false,false
2024-08-15,a0ce548d-6447-4802-948a-1c4897938626,DE-BY,Bavaria,DE,Germany,public_holiday,Public,Assumption Day,2024-08-15,2024-08-15,0,0,1,4,false,true,true
2024-08-15,871df250-0576-493c-aea4-e64ee4608bef,DE-BY,Bavaria,DE,Germany,school_holiday,School,Summer Holidays,2024-07-29,2024-09-09,17,25,43,4,false,false,false
2024-08-16,de6d9550-6819-4bb2-8b8e-9c0697572c82,AT-SB,Salzburg,AT,Austria,school_holiday,School,Summer Holidays,2024-07-06,2024-09-08,41,23,65,5,false,false,false
2024-08-16,de6d9550-6819-4bb2-8b8e-9c0697572c82,AT-TI,Tyrol,AT,Austria,school_holiday,School,Summer Holidays,2024-07-06,2024-09-08,41,23,65,5,false,false,false
2024-08-16,871df250-0576-493c-aea4-e64ee4608bef,DE-BY,Bavaria,DE,Germany,school_holiday,School,Summer Holidays,2024-07-29,2024-09-09,18,24,43,5,false,false,false
2024-08-17,de6d9550-6819-4bb2-8b8e-9c0697572c82,AT-SB,Salzburg,AT,Austria,school_holiday,School,Summer Holidays,2024-07-06,2024-09-08,42,22,65,6,true,false,false
2024-08-17,de6d9550-6819-4bb2-8b8e-9c0697572c82,AT-TI,Tyrol,AT,Austria,school_holiday,School,Summer Holidays,2024-07-06,2024-09-08,42,22,65,6,true,false,false
2024-08-17,871df250-0576-493c-aea4-e64ee4608bef,DE-BY,Bavaria,DE,Germany,school_holiday,School,Summer Holidays,2024-07-29,2024-09-09,19,23,43,6,true,false,false
2024-08-18,de6d9550-6819-4bb2-8b8e-9c0697572c82,AT-SB,Salzburg,AT,Austria,school_holiday,School,Summer Holidays,2024-07-06,2024-09-08,43,21,65,7,true,false,false
2024-08-18,de6d9550-6819-4bb2-8b8e-9c0697572c82,AT-TI,Tyrol,AT,Austria,school_holiday,School,Summer Holidays,2024-07-06,2024-09-08,43,21,65,7,true,false,false
2024-08-18,871df250-0576-493c-aea4-e64ee4608bef,DE-BY,Bavaria,DE,Germany,school_holiday,School,Summer Holidays,2024-07-29,2024-09-09,20,22,43,7,true,false,false
2024-08-19,de6d9550-6819-4bb2-8b8e-9c0697572c82,AT-SB,Salzburg,AT,Austria,school_holiday,School,Summer Holidays,2024-07-06,2024-09-08,44,20,65,1,false,false,false
2024-08-19,de6d9550-6819-4bb2-8b8e-9c0697572c82,AT-TI,Tyrol,AT,Austria,school_holiday,School,Summer Holidays,2024-07-06,2024-09-08,44,20,65,1,false,false,false
2024-08-19,871df250-0576-493c-aea4-e64ee4608bef,DE-BY,Bavaria,DE,Germany,school_holiday,School,Summer Holidays,2024-07-29,2024-09-09,21,21,43,1,false,false,false
2024-08-20,de6d9550-6819-4bb2-8b8e-9c0697572c82,AT-SB,Salzburg,AT,Austria,school_holiday,School,Summer Holidays,2024-07-06,2024-09-08,45,19,65,2,false,false,false
2024-08-20,de6d9550-6819-4bb2-8b8e-9c0697572c82,AT-TI,Tyrol,AT,Austria,school_holiday,School,Summer Holidays,2024-07-06,2024-09-08,45,19,65,2,false,false,false
2024-08-20,871df250-0576-493c-aea4-e64ee4608bef,DE-BY,Bavaria,DE,Germany,school_holiday,School,Summer Holidays,2024-07-29,2024-09-09,22,20,43,2,false,false,false
2024-08-21,de6d9550-6819-4bb2-8b8e-9c0697572c82,AT-SB,Salzburg,AT,Austria,school_holiday,School,Summer Holidays,2024-07-06,2024-09-08,46,18,65,3,false,false,false
2024-08-21,de6d9550-6819-4bb2-8b8e-9c0697572c82,AT-TI,Tyrol,AT,Austria,school_holiday,School,Summer Holidays,2024-07-06,2024-09-08,46,18,65,3,false,false,false
2024-08-21,871df250-0576-493c-aea4-e64ee4608bef,DE-BY,Bavaria,DE,Germany,school_holiday,School,Summer Holidays,2024-07-29,2024-09-09,23,19,43,3,false,false,false
2024-08-22,de6d9550-6819-4bb2-8b8e-9c0697572c82,AT-SB,Salzburg,AT,Austria,school_holiday,School,Summer Holidays,2024-07-06,2024-09-08,47,17,65,4,false,false,false
2024-08-22,de6d9550-6819-4bb2-8b8e-9c0697572c82,AT-TI,Tyrol,AT,Austria,school_holiday,School,Summer Holidays,2024-07-06,2024-09-08,47,17,65,4,false,false,false
2024-08-22,871df250-0576-493c-aea4-e64ee4608bef,DE-BY,Bavaria,DE,Germany,school_holiday,School,Summer Holidays,2024-07-29,2024-09-09,24,18,43,4,false,false,false
2024-08-23,de6d9550-6819-4bb2-8b8e-9c0697572c82,AT-SB,Salzburg,AT,Austria,school_holiday,School,Summer Holidays,2024-07-06,2024-09-08,48,16,65,5,false,false,false
2024-08-23,de6d9550-6819-4bb2-8b8e-9c0697572c82,AT-TI,Tyrol,AT,Austria,school_holiday,School,Summer Holidays,2024-07-06,2024-09-08,48,16,65,5,false,false,false
2024-08-23,871df250-0576-493c-aea4-e64ee4608bef,DE-BY,Bavaria,DE,Germany,school_holiday,School,Summer Holidays,2024-07-29,2024-09-09,25,17,43,5,false,false,false
2024-08-24,de6d9550-6819-4bb2-8b8e-9c0697572c82,AT-SB,Salzburg,AT,Austria,school_holiday,School,Summer Holidays,2024-07-06,2024-09-08,49,15,65,6,true,false,false
2024-08-24,de6d9550-6819-4bb2-8b8e-9c0697572c82,AT-TI,Tyrol,AT,Austria,school_holiday,School,Summer Holidays,2024-07-06,2024-09-08,49,15,65,6,true,false,false
2024-08-24,871df250-0576-493c-aea4-e64ee4608bef,DE-BY,Bavaria,DE,Germany,school_holiday,School,Summer Holidays,2024-07-29,2024-09-09,26,16,43,6,true,false,false
2024-08-25,de6d9550-6819-4bb2-8b8e-9c0697572c82,AT-SB,Salzburg,AT,Austria,school_holiday,School,Summer Holidays,2024-07-06,2024-09-08,50,14,65,7,true,false,false
2024-08-25,de6d9550-6819-4bb2-8b8e-9c0697572c82,AT-TI,Tyrol,AT,Austria,school_holiday,School,Summer Holidays,2024-07-06,2024-09-08,50,14,65,7,true,false,false
2024-08-25,871df250-0576-493c-aea4-e64ee4608bef,DE-BY,Bavaria,DE,Germany,school_holiday,School,Summer Holidays,2024-07-29,2024-09-09,27,15,43,7,true,false,false
2024-08-26,de6d9550-6819-4bb2-8b8e-9c0697572c82,AT-SB,Salzburg,AT,Austria,school_holiday,School,Summer Holidays,2024-07-06,2024-09-08,51,13,65,1,false,false,false
2024-08-26,de6d9550-6819-4bb2-8b8e-9c0697572c82,AT-TI,Tyrol,AT,Austria,school_holiday,School,Summer Holidays,2024-07-06,2024-09-08,51,13,65,1,false,false,false
2024-08-26,871df250-0576-493c-aea4-e64ee4608bef,DE-BY,Bavaria,DE,Germany,school_holiday,School,Summer Holidays,2024-07-29,2024-09-09,28,14,43,1,false,false,false
2024-08-27,de6d9550-6819-4bb2-8b8e-9c0697572c82,AT-SB,Salzburg,AT,Austria,school_holiday,School,Summer Holidays,2024-07-06,2024-09-08,52,12,65,2,false,false,false
2024-08-27,de6d9550-6819-4bb2-8b8e-9c0697572c82,AT-TI,Tyrol,AT,Austria,school_holiday,School,Summer Holidays,2024-07-06,2024-09-08,52,12,65,2,false,false,false
2024-08-27,871df250-0576-493c-aea4-e64ee4608bef,DE-BY,Bavaria,DE,Germany,school_holiday,School,Summer Holidays,2024-07-29,2024-09-09,29,13,43,2,false,false,false
2024-08-28,de6d9550-6819-4bb2-8b8e-9c0697572c82,AT-SB,Salzburg,AT,Austria,school_holiday,School,Summer Holidays,2024-07-06,2024-09-08,53,11,65,3,false,false,false
2024-08-28,de6d9550-6819-4bb2-8b8e-9c0697572c82,AT-TI,Tyrol,AT,Austria,school_holiday,School,Summer Holidays,2024-07-06,2024-09-08,53,11,65,3,false,false,false
2024-08-28,871df250-0576-493c-aea4-e64ee4608bef,DE-BY,Bavaria,DE,Germany,school_holiday,School,Summer Holidays,2024-07-29,2024-09-09,30,12,43,3,false,false,false
2024-08-29,de6d9550-6819-4bb2-8b8e-9c0697572c82,AT-SB,Salzburg,AT,Austria,school_holiday,School,Summer Holidays,2024-07-06,2024-09-08,54,10,65,4,false,false,false
2024-08-29,de6d9550-6819-4bb2-8b8e-9c0697572c82,AT-TI,Tyrol,AT,Austria,school_holiday,School,Summer Holidays,2024-07-06,2024-09-08,54,10,65,4,false,false,false
2024-08-29,871df250-0576-493c-aea4-e64ee4608bef,DE-BY,Bavaria,DE,Germany,school_holiday,School,Summer Holidays,2024-07-29,2024-09-09,31,11,43,4,false,false,false
2024-08-30,de6d9550-6819-4bb2-8b8e-9c0697572c82,AT-SB,Salzburg,AT,Austria,school_holiday,School,Summer Holidays,2024-07-06,2024-09-08,55,9,65,5,false,false,false
2024-08-30,de6d9550-6819-4bb2-8b8e-9c0697572c82,AT-TI,Tyrol,AT,Austria,school_holiday,School,Summer Holidays,2024-07-06,2024-09-08,55,9,65,5,false,false,false
2024-08-30,871df250-0576-493c-aea4-e64ee4608bef,DE-BY,Bavaria,DE,Germany,school_holiday,School,Summer Holidays,2024-07-29,2024-09-09,32,10,43,5,false,false,false
2024-08-31,de6d9550-6819-4bb2-8b8e-9c0697572c82,AT-SB,Salzburg,AT,Austria,school_holiday,School,Summer Holidays,2024-07-06,2024-09-08,56,8,65,6,true,false,false
2024-08-31,de6d9550-6819-4bb2-8b8e-9c0697572c82,AT-TI,Tyrol,AT,Austria,school_holiday,School,Summer Holidays,2024-07-06,2024-09-08,56,8,65,6,true,false,false
2024-08-31,871df250-0576-493c-aea4-e64ee4608bef,DE-BY,Bavaria,DE,Germany,school_holiday,School,Summer Holidays,2024-07-29,2024-09-09,33,9,43,6,true,false,false
2024-09-01,de6d9550-6819-4bb2-8b8e-9c0697572c82,AT-SB,Salzburg,AT,Austria,school_holiday,School,Summer Holidays,2024-07-06,2024-09-08,57,7,65,7,true,false,false
2024-09-01,de6d9550-6819-4bb2-8b8e-9c0697572c82,AT-TI,Tyrol,AT,Austria,school_holiday,School,Summer Holidays,2024-07-06,2024-09-08,57,7,65,7,true,false,false
2024-09-01,871df250-0576-493c-aea4-e64ee4608bef,DE-BY,Bavaria,DE,Germany,school_holiday,School,Summer Holidays,2024-07-29,2024-09-09,34,8,43,7,true,false,false
2024-09-02,de6d9550-6819-4bb2-8b8e-9c0697572c82,AT-SB,Salzburg,AT,Austria,school_holiday,School,Summer Holidays,2024-07-06,2024-09-08,58,6,65,1,false,false,false
2024-09-02,de6d9550-6819-4bb2-8b8e-9c0697572c82,AT-TI,Tyrol,AT,Austria,school_holiday,School,Summer Holidays,2024-07-06,2024-09-08,58,6,65,1,false,false,false
2024-09-02,871df250-0576-493c-aea4-e64ee4608bef,DE-BY,Bavaria,DE,Germany,school_holiday,School,Summer Holidays,2024-07-29,2024-09-09,35,7,43,1,false,false,false
2024-09-03,de6d9550-6819-4bb2-8b8e-9c0697572c82,AT-SB,Salzburg,AT,Austria,school_holiday,School,Summer Holidays,2024-07-06,2024-09-08,59,5,65,2,false,false,false
2024-09-03,de6d9550-6819-4bb2-8b8e-9c0697572c82,AT-TI,Tyrol,AT,Austria,school_holiday,School,Summer Holidays,2024-07-06,2024-09-08,59,5,65,2,false,false,false
2024-09-03,871df250-0576-493c-aea4-e64ee4608bef,DE-BY,Bavaria,DE,Germany,school_holiday,School,Summer Holidays,2024-07-29,2024-09-09,36,6,43,2,false,false,false
2024-09-04,de6d9550-6819-4bb2-8b8e-9c0697572c82,AT-SB,Salzburg,AT,Austria,school_holiday,School,Summer Holidays,2024-07-06,2024-09-08,60,4,65,3,false,false,false
2024-09-04,de6d9550-6819-4bb2-8b8e-9c0697572c82,AT-TI,Tyrol,AT,Austria,school_holiday,School,Summer Holidays,2024-07-06,2024-09-08,60,4,65,3,false,false,false
2024-09-04,871df250-0576-493c-aea4-e64ee4608bef,DE-BY,Bavaria,DE,Germany,school_holiday,School,Summer Holidays,2024-07-29,2024-09-09,37,5,43,3,false,false,false
2024-09-05,de6d9550-6819-4bb2-8b8e-9c0697572c82,AT-SB,Salzburg,AT,Austria,school_holiday,School,Summer Holidays,2024-07-06,2024-09-08,61,3,65,4,false,false,false
2024-09-05,de6d9550-6819-4bb2-8b8e-9c0697572c82,AT-TI,Tyrol,AT,Austria,school_holiday,School,Summer Holidays,2024-07-06,2024-09-08,61,3,65,4,false,false,false
2024-09-05,871df250-0576-493c-aea4-e64ee4608bef,DE-BY,Bavaria,DE,Germany,school_holiday,School,Summer Holidays,2024-07-29,2024-09-09,38,4,43,4,false,false,false
2024-09-06,de6d9550-6819-4bb2-8b8e-9c0697572c82,AT-SB,Salzburg,AT,Austria,school_holiday,School,Summer Holidays,2024-07-06,2024-09-08,62,2,65,5,false,false,false
2024-09-06,de6d9550-6819-4bb2-8b8e-9c0697572c82,AT-TI,Tyrol,AT,Austria,school_holiday,School,Summer Holidays,2024-07-06,2024-09-08,62,2,65,5,false,false,false
2024-09-06,871df250-0576-493c-aea4-e64ee4608bef,DE-BY,Bavaria,DE,Germany,school_holiday,School,Summer Holidays,2024-07-29,2024-09-09,39,3,43,5,false,false,false
2024-09-07,de6d9550-6819-4bb2-8b8e-9c0697572c82,AT-SB,Salzburg,AT,Austria,school_holiday,School,Summer Holidays,2024-07-06,2024-09-08,63,1,65,6,true,false,false
2024-09-07,de6d9550-6819-4bb2-8b8e-9c0697572c82,AT-TI,Tyrol,AT,Austria,school_holiday,School,Summer Holidays,2024-07-06,2024-09-08,63,1,65,6,true,false,false
2024-09-07,871df250-0576-493c-aea4-e64ee4608bef,DE-BY,Bavaria,DE,Germany,school_holiday,School,Summer Holidays,2024-07-29,2024-09-09,40,2,43,6,true,false,false
2024-09-08,de6d9550-6819-4bb2-8b8e-9c0697572c82,AT-SB,Salzburg,AT,Austria,school_holiday,School,Summer Holidays,2024-07-06,2024-09-08,64,0,65,7,true,false,true
2024-09-08,de6d9550-6819-4bb2-8b8e-9c0697572c82,AT-TI,Tyrol,AT,Austria,school_holiday,School,Summer Holidays,2024-07-06,2024-09-08,64,0,65,7,true,false,true
2024-09-08,871df250-0576-493c-aea4-e64ee4608bef,DE-BY,Bavaria,DE,Germany,school_holiday,School,Summer Holidays,2024-07-29,2024-09-09,41,1,43,7,true,false,false
2024-09-09,871df250-0576-493c-aea4-e64ee4608bef,DE-BY,Bavaria,DE,Germany,school_holiday,School,Summer Holidays,2024-07-29,2024-09-09,42,0,43,1,false,false,true
2024-09-24,050dac48-126e-4473-929c-a169f6f35880,AT-SB,Salzburg,AT,Austria,school_holiday,School,Saint Rupert's Day,2024-09-24,2024-09-24,0,0,1,2,false,true,true
2024-10-03,a2454b44-b3d5-4681-a345-6eae46fb9f4b,DE-BY,Bavaria,DE,Germany,public_holiday,Public,Day of German Unity,2024-10-03,2024-10-03,0,0,1,4,false,true,true
2024-10-26,2dab52d5-5616-48ec-951d-0487b327379c,AT-SB,Salzburg,AT,Austria,public_holiday,Public,National Day,2024-10-26,2024-10-26,0,0,1,6,true,true,true
2024-10-26,2dab52d5-5616-48ec-951d-0487b327379c,AT-TI,Tyrol,AT,Austria,public_holiday,Public,National Day,2024-10-26,2024-10-26,0,0,1,6,true,true,true
2024-10-28,06fdc420-9efa-4751-accd-bd13d8e40278,AT-SB,Salzburg,AT,Austria,school_holiday,School,Autumn Holidays,2024-10-28,2024-10-31,0,3,4,1,false,true,false
2024-10-28,06fdc420-9efa-4751-accd-bd13d8e40278,AT-TI,Tyrol,AT,Austria,school_holiday,School,Autumn Holidays,2024-10-28,2024-10-31,0,3,4,1,false,true,false
2024-10-28,64437d56-be06-4632-b8e8-fc8fdfc59e98,DE-BY,Bavaria,DE,Germany,school_holiday,School,Autumn Holidays,2024-10-28,2024-10-31,0,3,4,1,false,true,false
2024-10-29,06fdc420-9efa-4751-accd-bd13d8e40278,AT-SB,Salzburg,AT,Austria,school_holiday,School,Autumn Holidays,2024-10-28,2024-10-31,1,2,4,2,false,false,false
2024-10-29,06fdc420-9efa-4751-accd-bd13d8e40278,AT-TI,Tyrol,AT,Austria,school_holiday,School,Autumn Holidays,2024-10-28,2024-10-31,1,2,4,2,false,false,false
2024-10-29,64437d56-be06-4632-b8e8-fc8fdfc59e98,DE-BY,Bavaria,DE,Germany,school_holiday,School,Autumn Holidays,2024-10-28,2024-10-31,1,2,4,2,false,false,false
2024-10-30,06fdc420-9efa-4751-accd-bd13d8e40278,AT-SB,Salzburg,AT,Austria,school_holiday,School,Autumn Holidays,2024-10-28,2024-10-31,2,1,4,3,false,false,false
2024-10-30,06fdc420-9efa-4751-accd-bd13d8e40278,AT-TI,Tyrol,AT,Austria,school_holiday,School,Autumn Holidays,2024-10-28,2024-10-31,2,1,4,3,false,false,false
2024-10-30,64437d56-be06-4632-b8e8-fc8fdfc59e98,DE-BY,Bavaria,DE,Germany,school_holiday,School,Autumn Holidays,2024-10-28,2024-10-31,2,1,4,3,false,false,false
2024-10-31,06fdc420-9efa-4751-accd-bd13d8e40278,AT-SB,Salzburg,AT,Austria,school_holiday,School,Autumn Holidays,2024-10-28,2024-10-31,3,0,4,4,false,false,true
2024-10-31,06fdc420-9efa-4751-accd-bd13d8e40278,AT-TI,Tyrol,AT,Austria,school_holiday,School,Autumn Holidays,2024-10-28,2024-10-31,3,0,4,4,false,false,true
2024-10-31,64437d56-be06-4632-b8e8-fc8fdfc59e98,DE-BY,Bavaria,DE,Germany,school_holiday,School,Autumn Holidays,2024-10-28,2024-10-31,3,0,4,4,false,false,true
2024-11-01,d5911302-7987-429c-bfdc-7b35a9c220f2,AT-SB,Salzburg,AT,Austria,public_holiday,Public,All Saints' Day,2024-11-01,2024-11-01,0,0,1,5,false,true,true
2024-11-01,d5911302-7987-429c-bfdc-7b35a9c220f2,AT-TI,Tyrol,AT,Austria,public_holiday,Public,All Saints' Day,2024-11-01,2024-11-01,0,0,1,5,false,true,true
2024-11-01,5e49e26d-44a2-4751-a394-9b83c5ea47f8,DE-BY,Bavaria,DE,Germany,public_holiday,Public,All Saints' Day,2024-11-01,2024-11-01,0,0,1,5,false,true,true
2024-11-02,5bccc3bb-07a9-48ee-81e5-14e356a5f131,AT-SB,Salzburg,AT,Austria,school_holiday,School,All Souls' Day,2024-11-02,2024-11-02,0,0,1,6,true,true,true
2024-11-02,5bccc3bb-07a9-48ee-81e5-14e356a5f131,AT-TI,Tyrol,AT,Austria,school_holiday,School,All Souls' Day,2024-11-02,2024-11-02,0,0,1,6,true,true,true
2024-11-20,23ed1774-4091-4ed2-92be-8ee1b452929d,DE-BY,Bavaria,DE,Germany,school_holiday,School,Repentance Day,2024-11-20,2024-11-20,0,0,1,3,false,true,true
2024-12-08,f201d2b8-94c8-4bdb-89b4-f771082a48e7,AT-SB,Salzburg,AT,Austria,public_holiday,Public,Immaculate Conception,2024-12-08,2024-12-08,0,0,1,7,true,true,true
2024-12-08,f201d2b8-94c8-4bdb-89b4-f771082a48e7,AT-TI,Tyrol,AT,Austria,public_holiday,Public,Immaculate Conception,2024-12-08,2024-12-08,0,0,1,7,true,true,true
2024-12-23,e3d0a97e-de38-4e5a-bdf0-c8c1ba7a6119,AT-SB,Salzburg,AT,Austria,school_holiday,School,Christmas Holidays,2024-12-23,2025-01-06,0,14,15,1,false,true,false
2024-12-23,e3d0a97e-de38-4e5a-bdf0-c8c1ba7a6119,AT-TI,Tyrol,AT,Austria,school_holiday,School,Christmas Holidays,2024-12-23,2025-01-06,0,14,15,1,false,true,false
2024-12-23,f3b90493-d141-4aab-ac30-37084db988c3,DE-BY,Bavaria,DE,Germany,school_holiday,School,Christmas Holidays,2024-12-23,2025-01-03,0,11,12,1,false,true,false
2024-12-24,e3d0a97e-de38-4e5a-bdf0-c8c1ba7a6119,AT-SB,Salzburg,AT,Austria,school_holiday,School,Christmas Holidays,2024-12-23,2025-01-06,1,13,15,2,false,false,false
2024-12-24,e3d0a97e-de38-4e5a-bdf0-c8c1ba7a6119,AT-TI,Tyrol,AT,Austria,school_holiday,School,Christmas Holidays,2024-12-23,2025-01-06,1,13,15,2,false,false,false
2024-12-24,f3b90493-d141-4aab-ac30-37084db988c3,DE-BY,Bavaria,DE,Germany,school_holiday,School,Christmas Holidays,2024-12-23,2025-01-03,1,10,12,2,false,false,false
2024-12-25,16643be7-3aba-43db-a97c-51b90ab399c6,AT-SB,Salzburg,AT,Austria,public_holiday,Public,Christmas Day,2024-12-25,2024-12-25,0,0,1,3,false,true,true
2024-12-25,e3d0a97e-de38-4e5a-bdf0-c8c1ba7a6119,AT-SB,Salzburg,AT,Austria,school_holiday,School,Christmas Holidays,2024-12-23,2025-01-06,2,12,15,3,false,false,false
2024-12-25,16643be7-3aba-43db-a97c-51b90ab399c6,AT-TI,Tyrol,AT,Austria,public_holiday,Public,Christmas Day,2024-12-25,2024-12-25,0,0,1,3,false,true,true
2024-12-25,e3d0a97e-de38-4e5a-bdf0-c8c1ba7a6119,AT-TI,Tyrol,AT,Austria,school_holiday,School,Christmas Holidays,2024-12-23,2025-01-06,2,12,15,3,false,false,false
2024-12-25,332d7a5e-c693-4d2d-bdf5-957dd4409c91,DE-BY,Bavaria,DE,Germany,public_holiday,Public,Christmas Day,2024-12-25,2024-12-25,0,0,1,3,false,true,true
2024-12-25,f3b90493-d141-4aab-ac30-37084db988c3,DE-BY,Bavaria,DE,Germany,school_holiday,School,Christmas Holidays,2024-12-23,2025-01-03,2,9,12,3,false,false,false
2024-12-26,0ff5182c-0823-4ddf-a0cd-866316059862,AT-SB,Salzburg,AT,Austria,public_holiday,Public,St Stephen's Day,2024-12-26,2024-12-26,0,0,1,4,false,true,true
2024-12-26,e3d0a97e-de38-4e5a-bdf0-c8c1ba7a6119,AT-SB,Salzburg,AT,Austria,school_holiday,School,Christmas Holidays,2024-12-23,2025-01-06,3,11,15,4,false,false,false
2024-12-26,0ff5182c-0823-4ddf-a0cd-866316059862,AT-TI,Tyrol,AT,Austria,public_holiday,Public,St Stephen's Day,2024-12-26,2024-12-26,0,0,1,4,false,true,true
2024-12-26,e3d0a97e-de38-4e5a-bdf0-c8c1ba7a6119,AT-TI,Tyrol,AT,Austria,school_holiday,School,Christmas Holidays,2024-12-23,2025-01-06,3,11,15,4,false,false,false
2024-12-26,717b466d-05f3-4810-915b-96625ca2aebf,DE-BY,Bavaria,DE,Germany,public_holiday,Public,2nd Day of Christmas,2024-12-26,2024-12-26,0,0,1,4,false,true,true
2024-12-26,f3b90493-d141-4aab-ac30-37084db988c3,DE-BY,Bavaria,DE,Germany,school_holiday,School,Christmas Holidays,2024-12-23,2025-01-03,3,8,12,4,false,false,false
2024-12-27,e3d0a97e-de38-4e5a-bdf0-c8c1ba7a6119,AT-SB,Salzburg,AT,Austria,school_holiday,School,Christmas Holidays,2024-12-23,2025-01-06,4,10,15,5,false,false,false
2024-12-27,e3d0a97e-de38-4e5a-bdf0-c8c1ba7a6119,AT-TI,Tyrol,AT,Austria,school_holiday,School,Christmas Holidays,2024-12-23,2025-01-06,4,10,15,5,false,false,false
2024-12-27,f3b90493-d141-4aab-ac30-37084db988c3,DE-BY,Bavaria,DE,Germany,school_holiday,School,Christmas Holidays,2024-12-23,2025-01-03,4,7,12,5,false,false,false
2024-12-28,e3d0a97e-de38-4e5a-bdf0-c8c1ba7a6119,AT-SB,Salzburg,AT,Austria,school_holiday,School,Christmas Holidays,2024-12-23,2025-01-06,5,9,15,6,true,false,false
2024-12-28,e3d0a97e-de38-4e5a-bdf0-c8c1ba7a6119,AT-TI,Tyrol,AT,Austria,school_holiday,School,Christmas Holidays,2024-12-23,2025-01-06,5,9,15,6,true,false,false
2024-12-28,f3b90493-d141-4aab-ac30-37084db988c3,DE-BY,Bavaria,DE,Germany,school_holiday,School,Christmas Holidays,2024-12-23,2025-01-03,5,6,12,6,true,false,false
2024-12-29,e3d0a97e-de38-4e5a-bdf0-c8c1ba7a6119,AT-SB,Salzburg,AT,Austria,school_holiday,School,Christmas Holidays,2024-12-23,2025-01-06,6,8,15,7,true,false,false
2024-12-29,e3d0a97e-de38-4e5a-bdf0-c8c1ba7a6119,AT-TI,Tyrol,AT,Austria,school_holiday,School,Christmas Holidays,2024-12-23,2025-01-06,6,8,15,7,true,false,false
2024-12-29,f3b90493-d141-4aab-ac30-37084db988c3,DE-BY,Bavaria,DE,Germany,school_holiday,School,Christmas Holidays,2024-12-23,2025-01-03,6,5,12,7,true,false,false
2024-12-30,e3d0a97e-de38-4e5a-bdf0-c8c1ba7a6119,AT-SB,Salzburg,AT,Austria,school_holiday,School,Christmas Holidays,2024-12-23,2025-01-06,7,7,15,1,false,false,false
2024-12-30,e3d0a97e-de38-4e5a-bdf0-c8c1ba7a6119,AT-TI,Tyrol,AT,Austria,school_holiday,School,Christmas Holidays,2024-12-23,2025-01-06,7,7,15,1,false,false,false
2024-12-30,f3b90493-d141-4aab-ac30-37084db988c3,DE-BY,Bavaria,DE,Germany,school_holiday,School,Christmas Holidays,2024-12-23,2025-01-03,7,4,12,1,false,false,false
2024-12-31,e3d0a97e-de38-4e5a-bdf0-c8c1ba7a6119,AT-SB,Salzburg,AT,Austria,school_holiday,School,Christmas Holidays,2024-12-23,2025-01-06,8,6,15,2,false,false,false
2024-12-31,e3d0a97e-de38-4e5a-bdf0-c8c1ba7a6119,AT-TI,Tyrol,AT,Austria,school_holiday,School,Christmas Holidays,2024-12-23,2025-01-06,8,6,15,2,false,false,false
2024-12-31,f3b90493-d141-4aab-ac30-37084db988c3,DE-BY,Bavaria,DE,Germany,school_holiday,School,Christmas Holidays,2024-12-23,2025-01-03,8,3,12,2,false,false,false
2025-01-01,cef22e93-5c4c-4642-a747-977488669701,AT-SB,Salzburg,AT,Austria,public_holiday,Public,New Year's Day,2025-01-01,2025-01-01,0,0,1,3,false,true,true
2025-01-01,e3d0a97e-de38-4e5a-bdf0-c8c1ba7a6119,AT-SB,Salzburg,AT,Austria,school_holiday,School,Christmas Holidays,2024-12-23,2025-01-06,9,5,15,3,false,false,false
2025-01-01,cef22e93-5c4c-4642-a747-977488669701,AT-TI,Tyrol,AT,Austria,public_holiday,Public,New Year's Day,2025-01-01,2025-01-01,0,0,1,3,false,true,true
2025-01-01,e3d0a97e-de38-4e5a-bdf0-c8c1ba7a6119,AT-TI,Tyrol,AT,Austria,school_holiday,School,Christmas Holidays,2024-12-23,2025-01-06,9,5,15,3,false,false,false
2025-01-01,27f0d8cd-76b2-47e7-89ac-a3a9f6a6b1ba,DE-BY,Bavaria,DE,Germany,public_holiday,Public,New Year's Day,2025-01-01,2025-01-01,0,0,1,3,false,true,true
2025-01-01,f3b90493-d141-4aab-ac30-37084db988c3,DE-BY,Bavaria,DE,Germany,school_holiday,School,Christmas Holidays,2024-12-23,2025-01-03,9,2,12,3,false,false,false
2025-01-02,e3d0a97e-de38-4e5a-bdf0-c8c1ba7a6119,AT-SB,Salzburg,AT,Austria,school_holiday,School,Christmas Holidays,2024-12-23,2025-01-06,10,4,15,4,false,false,false
2025-01-02,e3d0a97e-de38-4e5a-bdf0-c8c1ba7a6119,AT-TI,Tyrol,AT,Austria,school_holiday,School,Christmas Holidays,2024-12-23,2025-01-06,10,4,15,4,false,false,false
2025-01-02,f3b90493-d141-4aab-ac30-37084db988c3,DE-BY,Bavaria,DE,Germany,school_holiday,School,Christmas Holidays,2024-12-23,2025-01-03,10,1,12,4,false,false,false
2025-01-03,e3d0a97e-de38-4e5a-bdf0-c8c1ba7a6119,AT-SB,Salzburg,AT,Austria,school_holiday,School,Christmas Holidays,2024-12-23,2025-01-06,11,3,15,5,false,false,false
2025-01-03,e3d0a97e-de38-4e5a-bdf0-c8c1ba7a6119,AT-TI,Tyrol,AT,Austria,school_holiday,School,Christmas Holidays,2024-12-23,2025-01-06,11,3,15,5,false,false,false
2025-01-03,f3b90493-d141-4aab-ac30-37084db988c3,DE-BY,Bavaria,DE,Germany,school_holiday,School,Christmas Holidays,2024-12-23,2025-01-03,11,0,12,5,false,false,true
2025-01-04,e3d0a97e-de38-4e5a-bdf0-c8c1ba7a6119,AT-SB,Salzburg,AT,Austria,school_holiday,School,Christmas Holidays,2024-12-23,2025-01-06,12,2,15,6,true,false,false
2025-01-04,e3d0a97e-de38-4e5a-bdf0-c8c1ba7a6119,AT-TI,Tyrol,AT,Austria,school_holiday,School,Christmas Holidays,2024-12-23,2025-01-06,12,2,15,6,true,false,false
2025-01-05,e3d0a97e-de38-4e5a-bdf0-c8c1ba7a6119,AT-SB,Salzburg,AT,Austria,school_holiday,School,Christmas Holidays,2024-12-23,2025-01-06,13,1,15,7,true,false,false
2025-01-05,e3d0a97e-de38-4e5a-bdf0-c8c1ba7a6119,AT-TI,Tyrol,AT,Austria,school_holiday,School,Christmas Holidays,2024-12-23,2025-01-06,13,1,15,7,true,false,false
2025-01-06,00ecd3bc-36e1-41fa-a63f-87bd77205857,AT-SB,Salzburg,AT,Austria,public_holiday,Public,Epiphany,2025-01-06,2025-01-06,0,0,1,1,false,true,true
2025-01-06,e3d0a97e-de38-4e5a-bdf0-c8c1ba7a6119,AT-SB,Salzburg,AT,Austria,school_holiday,School,Christmas Holidays,2024-12-23,2025-01-06,14,0,15,1,false,false,true
2025-01-06,00ecd3bc-36e1-41fa-a63f-87bd77205857,AT-TI,Tyrol,AT,Austria,public_holiday,Public,Epiphany,2025-01-06,2025-01-06,0,0,1,1,false,true,true
2025-01-06,e3d0a97e-de38-4e5a-bdf0-c8c1ba7a6119,AT-TI,Tyrol,AT,Austria,school_holiday,School,Christmas Holidays,2024-12-23,2025-01-06,14,0,15,1,false,false,true
2025-01-06,1c80b87d-8221-4dc2-9a1a-3b0f57dce9f5,DE-BY,Bavaria,DE,Germany,public_holiday,Public,Epiphany,2025-01-06,2025-01-06,0,0,1,1,false,true,true
2025-02-10,9346b0f5-74b0-489b-b719-fba6d87738df,AT-SB,Salzburg,AT,Austria,school_holiday,School,Semester Holidays,2025-02-10,2025-02-15,0,5,6,1,false,true,false
2025-02-10,9346b0f5-74b0-489b-b719-fba6d87738df,AT-TI,Tyrol,AT,Austria,school_holiday,School,Semester Holidays,2025-02-10,2025-02-15,0,5,6,1,false,true,false
2025-02-11,9346b0f5-74b0-489b-b719-fba6d87738df,AT-SB,Salzburg,AT,Austria,school_holiday,School,Semester Holidays,2025-02-10,2025-02-15,1,4,6,2,false,false,false
2025-02-11,9346b0f5-74b0-489b-b719-fba6d87738df,AT-TI,Tyrol,AT,Austria,school_holiday,School,Semester Holidays,2025-02-10,2025-02-15,1,4,6,2,false,false,false
2025-02-12,9346b0f5-74b0-489b-b719-fba6d87738df,AT-SB,Salzburg,AT,Austria,school_holiday,School,Semester Holidays,2025-02-10,2025-02-15,2,3,6,3,false,false,false
2025-02-12,9346b0f5-74b0-489b-b719-fba6d87738df,AT-TI,Tyrol,AT,Austria,school_holiday,School,Semester Holidays,2025-02-10,2025-02-15,2,3,6,3,false,false,false
2025-02-13,9346b0f5-74b0-489b-b719-fba6d87738df,AT-SB,Salzburg,AT,Austria,school_holiday,School,Semester Holidays,2025-02-10,2025-02-15,3,2,6,4,false,false,false
2025-02-13,9346b0f5-74b0-489b-b719-fba6d87738df,AT-TI,Tyrol,AT,Austria,school_holiday,School,Semester Holidays,2025-02-10,2025-02-15,3,2,6,4,false,false,false
2025-02-14,9346b0f5-74b0-489b-b719-fba6d87738df,AT-SB,Salzburg,AT,Austria,school_holiday,School,Semester Holidays,2025-02-10,2025-02-15,4,1,6,5,false,false,false
2025-02-14,9346b0f5-74b0-489b-b719-fba6d87738df,AT-TI,Tyrol,AT,Austria,school_holiday,School,Semester Holidays,2025-02-10,2025-02-15,4,1,6,5,false,false,false
2025-02-15,9346b0f5-74b0-489b-b719-fba6d87738df,AT-SB,Salzburg,AT,Austria,school_holiday,School,Semester Holidays,2025-02-10,2025-02-15,5,0,6,6,true,false,true
2025-02-15,9346b0f5-74b0-489b-b719-fba6d87738df,AT-TI,Tyrol,AT,Austria,school_holiday,School,Semester Holidays,2025-02-10,2025-02-15,5,0,6,6,true,false,true
2025-03-03,5257b2de-813a-406f-9b8e-cd56586050f2,DE-BY,Bavaria,DE,Germany,school_holiday,School,Spring Holidays,2025-03-03,2025-03-07,0,4,5,1,false,true,false
2025-03-04,5257b2de-813a-406f-9b8e-cd56586050f2,DE-BY,Bavaria,DE,Germany,school_holiday,School,Spring Holidays,2025-03-03,2025-03-07,1,3,5,2,false,false,false
2025-03-05,5257b2de-813a-406f-9b8e-cd56586050f2,DE-BY,Bavaria,DE,Germany,school_holiday,School,Spring Holidays,2025-03-03,2025-03-07,2,2,5,3,false,false,false
2025-03-06,5257b2de-813a-406f-9b8e-cd56586050f2,DE-BY,Bavaria,DE,Germany,school_holiday,School,Spring Holidays,2025-03-03,2025-03-07,3,1,5,4,false,false,false
2025-03-07,5257b2de-813a-406f-9b8e-cd56586050f2,DE-BY,Bavaria,DE,Germany,school_holiday,School,Spring Holidays,2025-03-03,2025-03-07,4,0,5,5,false,false,true
2025-03-19,c795ba34-9346-4d77-956d-2bc4d36e4f15,AT-TI,Tyrol,AT,Austria,school_holiday,School,Saint Joseph's Day,2025-03-19,2025-03-19,0,0,1,3,false,true,true
2025-04-12,d97aa6f6-df49-45cd-9d3e-c030946169ce,AT-SB,Salzburg,AT,Austria,school_holiday,School,Easter Holidays,2025-04-12,2025-04-21,0,9,10,6,true,true,false
2025-04-12,d97aa6f6-df49-45cd-9d3e-c030946169ce,AT-TI,Tyrol,AT,Austria,school_holiday,School,Easter Holidays,2025-04-12,2025-04-21,0,9,10,6,true,true,false
2025-04-13,d97aa6f6-df49-45cd-9d3e-c030946169ce,AT-SB,Salzburg,AT,Austria,school_holiday,School,Easter Holidays,2025-04-12,2025-04-21,1,8,10,7,true,false,false
2025-04-13,d97aa6f6-df49-45cd-9d3e-c030946169ce,AT-TI,Tyrol,AT,Austria,school_holiday,School,Easter Holidays,2025-04-12,2025-04-21,1,8,10,7,true,false,false
2025-04-14,d97aa6f6-df49-45cd-9d3e-c030946169ce,AT-SB,Salzburg,AT,Austria,school_holiday,School,Easter Holidays,2025-04-12,2025-04-21,2,7,10,1,false,false,false
2025-04-14,d97aa6f6-df49-45cd-9d3e-c030946169ce,AT-TI,Tyrol,AT,Austria,school_holiday,School,Easter Holidays,2025-04-12,2025-04-21,2,7,10,1,false,false,false
2025-04-14,03cc22f2-1730-4ea4-b2dc-90d8d0f41e62,DE-BY,Bavaria,DE,Germany,school_holiday,School,Easter Holidays,2025-04-14,2025-04-25,0,11,12,1,false,true,false
2025-04-15,d97aa6f6-df49-45cd-9d3e-c030946169ce,AT-SB,Salzburg,AT,Austria,school_holiday,School,Easter Holidays,2025-04-12,2025-04-21,3,6,10,2,false,false,false
2025-04-15,d97aa6f6-df49-45cd-9d3e-c030946169ce,AT-TI,Tyrol,AT,Austria,school_holiday,School,Easter Holidays,2025-04-12,2025-04-21,3,6,10,2,false,false,false
2025-04-15,03cc22f2-1730-4ea4-b2dc-90d8d0f41e62,DE-BY,Bavaria,DE,Germany,school_holiday,School,Easter Holidays,2025-04-14,2025-04-25,1,10,12,2,false,false,false
2025-04-16,d97aa6f6-df49-45cd-9d3e-c030946169ce,AT-SB,Salzburg,AT,Austria,school_holiday,School,Easter Holidays,2025-04-12,2025-04-21,4,5,10,3,false,false,false
2025-04-16,d97aa6f6-df49-45cd-9d3e-c030946169ce,AT-TI,Tyrol,AT,Austria,school_holiday,School,Easter Holidays,2025-04-12,2025-04-21,4,5,10,3,false,false,false
2025-04-16,03cc22f2-1730-4ea4-b2dc-90d8d0f41e62,DE-BY,Bavaria,DE,Germany,school_holiday,School,Easter Holidays,2025-04-14,2025-04-25,2,9,12,3,false,false,false
2025-04-17,d97aa6f6-df49-45cd-9d3e-c030946169ce,AT-SB,Salzburg,AT,Austria,school_holiday,School,Easter Holidays,2025-04-12,2025-04-21,5,4,10,4,false,false,false
2025-04-17,d97aa6f6-df49-45cd-9d3e-c030946169ce,AT-TI,Tyrol,AT,Austria,school_holiday,School,Easter Holidays,2025-04-12,2025-04-21,5,4,10,4,false,false,false
2025-04-17,03cc22f2-1730-4ea4-b2dc-90d8d0f41e62,DE-BY,Bavaria,DE,Germany,school_holiday,School,Easter Holidays,2025-04-14,2025-04-25,3,8,12,4,false,false,false
2025-04-18,d97aa6f6-df49-45cd-9d3e-c030946169ce,AT-SB,Salzburg,AT,Austria,school_holiday,School,Easter Holidays,2025-04-12,2025-04-21,6,3,10,5,false,false,false
2025-04-18,d97aa6f6-df49-45cd-9d3e-c030946169ce,AT-TI,Tyrol,AT,Austria,school_holiday,School,Easter Holidays,2025-04-12,2025-04-21,6,3,10,5,false,false,false
2025-04-18,c7aef0d5-f292-4d08-b878-a25a6c05fc12,DE-BY,Bavaria,DE,Germany,public_holiday,Public,Good Friday,2025-04-18,2025-04-18,0,0,1,5,false,true,true
2025-04-18,03cc22f2-1730-4ea4-b2dc-90d8d0f41e62,DE-BY,Bavaria,DE,Germany,school_holiday,School,Easter Holidays,2025-04-14,2025-04-25,4,7,12,5,false,false,false
2025-04-19,d97aa6f6-df49-45cd-9d3e-c030946169ce,AT-SB,Salzburg,AT,Austria,school_holiday,School,Easter Holidays,2025-04-12,2025-04-21,7,2,10,6,true,false,false
2025-04-19,d97aa6f6-df49-45cd-9d3e-c030946169ce,AT-TI,Tyrol,AT,Austria,school_holiday,School,Easter Holidays,2025-04-12,2025-04-21,7,2,10,6,true,false,false
2025-04-19,03cc22f2-1730-4ea4-b2dc-90d8d0f41e62,DE-BY,Bavaria,DE,Germany,school_holiday,School,Easter Holidays,2025-04-14,2025-04-25,5,6,12,6,true,false,false
2025-04-20,d97aa6f6-df49-45cd-9d3e-c030946169ce,AT-SB,Salzburg,AT,Austria,school_holiday,School,Easter Holidays,2025-04-12,2025-04-21,8,1,10,7,true,false,false
2025-04-20,d97aa6f6-df49-45cd-9d3e-c030946169ce,AT-TI,Tyrol,AT,Austria,school_holiday,School,Easter Holidays,2025-04-12,2025-04-21,8,1,10,7,true,false,false
2025-04-20,03cc22f2-1730-4ea4-b2dc-90d8d0f41e62,DE-BY,Bavaria,DE,Germany,school_holiday,School,Easter Holidays,2025-04-14,2025-04-25,6,5,12,7,true,false,false
2025-04-21,bd8dc862-9256-4024-a23e-0420acb32436,AT-SB,Salzburg,AT,Austria,public_holiday,Public,Easter Monday,2025-04-21,2025-04-21,0,0,1,1,false,true,true
2025-04-21,d97aa6f6-df49-45cd-9d3e-c030946169ce,AT-SB,Salzburg,AT,Austria,school_holiday,School,Easter Holidays,2025-04-12,2025-04-21,9,0,10,1,false,false,true
2025-04-21,bd8dc862-9256-4024-a23e-0420acb32436,AT-TI,Tyrol,AT,Austria,public_holiday,Public,Easter Monday,2025-04-21,2025-04-21,0,0,1,1,false,true,true
2025-04-21,d97aa6f6-df49-45cd-9d3e-c030946169ce,AT-TI,Tyrol,AT,Austria,school_holiday,School,Easter Holidays,2025-04-12,2025-04-21,9,0,10,1,false,false,true
2025-04-21,12776265-e638-4112-a11f-f24bb37d8a3d,DE-BY,Bavaria,DE,Germany,public_holiday,Public,Easter Monday,2025-04-21,2025-04-21,0,0,1,1,false,true,true
2025-04-21,03cc22f2-1730-4ea4-b2dc-90d8d0f41e62,DE-BY,Bavaria,DE,Germany,school_holiday,School,Easter Holidays,2025-04-14,2025-04-25,7,4,12,1,false,false,false
2025-04-22,03cc22f2-1730-4ea4-b2dc-90d8d0f41e62,DE-BY,Bavaria,DE,Germany,school_holiday,School,Easter Holidays,2025-04-14,2025-04-25,8,3,12,2,false,false,false
2025-04-23,03cc22f2-1730-4ea4-b2dc-90d8d0f41e62,DE-BY,Bavaria,DE,Germany,school_holiday,School,Easter Holidays,2025-04-14,2025-04-25,9,2,12,3,false,false,false
2025-04-24,03cc22f2-1730-4ea4-b2dc-90d8d0f41e62,DE-BY,Bavaria,DE,Germany,school_holiday,School,Easter Holidays,2025-04-14,2025-04-25,10,1,12,4,false,false,false
2025-04-25,03cc22f2-1730-4ea4-b2dc-90d8d0f41e62,DE-BY,Bavaria,DE,Germany,school_holiday,School,Easter Holidays,2025-04-14,2025-04-25,11,0,12,5,false,false,true
2025-05-01,9f0c8a7c-8a0f-4c6e-b0dc-69c8b1bde915,AT-SB,Salzburg,AT,Austria,public_holiday,Public,Labour Day,2025-05-01,2025-05-01,0,0,1,4,false,true,true
2025-05-01,9f0c8a7c-8a0f-4c6e-b0dc-69c8b1bde915,AT-TI,Tyrol,AT,Austria,public_holiday,Public,Labour Day,2025-05-01,2025-05-01,0,0,1,4,false,true,true
2025-05-01,5db64014-1aaf-46f0-be83-d8baa826cfef,DE-BY,Bavaria,DE,Germany,public_holiday,Public,Labour Day,2025-05-01,2025-05-01,0,0,1,4,false,true,true
2025-05-29,78a625ae-df4a-4603-a05b-4368c1c2484e,AT-SB,Salzburg,AT,Austria,public_holiday,Public,Ascension Day,2025-05-29,2025-05-29,0,0,1,4,false,true,true
2025-05-29,78a625ae-df4a-4603-a05b-4368c1c2484e,AT-TI,Tyrol,AT,Austria,public_holiday,Public,Ascension Day,2025-05-29,2025-05-29,0,0,1,4,false,true,true
2025-05-29,9fbbb949-8b22-4916-a16c-0a799a2dd79f,DE-BY,Bavaria,DE,Germany,public_holiday,Public,Ascension Day,2025-05-29,2025-05-29,0,0,1,4,false,true,true
2025-05-30,c0f9c1d2-3e2a-485c-9d3f-7a0cfe1f9b2c,AT-TI,Tyrol,AT,Austria,school_holiday,School,no school,2025-05-30,2025-05-30,0,0,1,5,false,true,true
2025-06-07,7ac56699-10ec-47d3-8e9c-995da7730fd8,AT-SB,Salzburg,AT,Austria,school_holiday,School,Pentecost Holidays,2025-06-07,2025-06-09,0,2,3,6,true,true,false
2025-06-07,7ac56699-10ec-47d3-8e9c-995da7730fd8,AT-TI,Tyrol,AT,Austria,school_holiday,School,Pentecost Holidays,2025-06-07,2025-06-09,0,2,3,6,true,true,false
2025-06-08,7ac56699-10ec-47d3-8e9c-995da7730fd8,AT-SB,Salzburg,AT,Austria,school_holiday,School,Pentecost Holidays,2025-06-07,2025-06-09,1,1,3,7,true,false,false
2025-06-08,7ac56699-10ec-47d3-8e9c-995da7730fd8,AT-TI,Tyrol,AT,Austria,school_holiday,School,Pentecost Holidays,2025-06-07,2025-06-09,1,1,3,7,true,false,false
2025-06-09,1989b6e5-0894-4be7-a4e0-a682cc63d638,AT-SB,Salzburg,AT,Austria,public_holiday,Public,Pentecost Monday,2025-06-09,2025-06-09,0,0,1,1,false,true,true
2025-06-09,7ac56699-10ec-47d3-8e9c-995da7730fd8,AT-SB,Salzburg,AT,Austria,school_holiday,School,Pentecost Holidays,2025-06-07,2025-06-09,2,0,3,1,false,false,true
2025-06-09,1989b6e5-0894-4be7-a4e0-a682cc63d638,AT-TI,Tyrol,AT,Austria,public_holiday,Public,Pentecost Monday,2025-06-09,2025-06-09,0,0,1,1,false,true,true
2025-06-09,7ac56699-10ec-47d3-8e9c-995da7730fd8,AT-TI,Tyrol,AT,Austria,school_holiday,School,Pentecost Holidays,2025-06-07,2025-06-09,2,0,3,1,false,false,true
2025-06-09,b52574c0-0e5d-44ff-ac6b-4e3c6d71f1d7,DE-BY,Bavaria,DE,Germany,public_holiday,Public,Pentecost Monday,2025-06-09,2025-06-09,0,0,1,1,false,true,true
2025-06-10,dcda193e-7508-48e5-9da7-670a36cb3b0c,DE-BY,Bavaria,DE,Germany,school_holiday,School,Pentecost Holidays,2025-06-10,2025-06-20,0,10,11,2,false,true,false
2025-06-11,dcda193e-7508-48e5-9da7-670a36cb3b0c,DE-BY,Bavaria,DE,Germany,school_holiday,School,Pentecost Holidays,2025-06-10,2025-06-20,1,9,11,3,false,false,false
2025-06-12,dcda193e-7508-48e5-9da7-670a36cb3b0c,DE-BY,Bavaria,DE,Germany,school_holiday,School,Pentecost Holidays,2025-06-10,2025-06-20,2,8,11,4,false,false,false
2025-06-13,dcda193e-7508-48e5-9da7-670a36cb3b0c,DE-BY,Bavaria,DE,Germany,school_holiday,School,Pentecost Holidays,2025-06-10,2025-06-20,3,7,11,5,false,false,false
2025-06-14,dcda193e-7508-48e5-9da7-670a36cb3b0c,DE-BY,Bavaria,DE,Germany,school_holiday,School,Pentecost Holidays,2025-06-10,2025-06-20,4,6,11,6,true,false,false
2025-06-15,dcda193e-7508-48e5-9da7-670a36cb3b0c,DE-BY,Bavaria,DE,Germany,school_holiday,School,Pentecost Holidays,2025-06-10,2025-06-20,5,5,11,7,true,false,false
2025-06-16,dcda193e-7508-48e5-9da7-670a36cb3b0c,DE-BY,Bavaria,DE,Germany,school_holiday,School,Pentecost Holidays,2025-06-10,2025-06-20,6,4,11,1,false,false,false
2025-06-17,dcda193e-7508-48e5-9da7-670a36cb3b0c,DE-BY,Bavaria,DE,Germany,school_holiday,School,Pentecost Holidays,2025-06-10,2025-06-20,7,3,11,2,false,false,false
2025-06-18,dcda193e-7508-48e5-9da7-670a36cb3b0c,DE-BY,Bavaria,DE,Germany,school_holiday,School,Pentecost Holidays,2025-06-10,2025-06-20,8,2,11,3,false,false,false
2025-06-19,596ab61d-6ce7-42a0-9b7f-437e7dcdcbcc,AT-SB,Salzburg,AT,Austria,public_holiday,Public,Corpus Christi,2025-06-19,2025-06-19,0,0,1,4,false,true,true
2025-06-19,596ab61d-6ce7-42a0-9b7f-437e7dcdcbcc,AT-TI,Tyrol,AT,Austria,public_holiday,Public,Corpus Christi,2025-06-19,2025-06-19,0,0,1,4,false,true,true
2025-06-19,2590b1ad-4268-4cac-a11a-5192791d0c0d,DE-BY,Bavaria,DE,Germany,public_holiday,Public,Corpus Christi,2025-06-19,2025-06-19,0,0,1,4,false,true,true
2025-06-19,dcda193e-7508-48e5-9da7-670a36cb3b0c,DE-BY,Bavaria,DE,Germany,school_holiday,School,Pentecost Holidays,2025-06-10,2025-06-20,9,1,11,4,false,false,false
2025-06-20,c0f9c1d2-2e2a-485c-9f48-d33b99cd1eb5,AT-TI,Tyrol,AT,Austria,school_holiday,School,no school,2025-06-20,2025-06-20,0,0,1,5,false,true,true
2025-06-20,dcda193e-7508-48e5-9da7-670a36cb3b0c,DE-BY,Bavaria,DE,Germany,school_holiday,School,Pentecost Holidays,2025-06-10,2025-06-20,10,0,11,5,false,false,true
2025-07-05,cffb89a7-768c-456e-86fe-ec0590435fad,AT-SB,Salzburg,AT,Austria,school_holiday,School,Summer Holidays,2025-07-05,2025-09-07,0,64,65,6,true,true,false
2025-07-05,cffb89a7-768c-456e-86fe-ec0590435fad,AT-TI,Tyrol,AT,Austria,school_holiday,School,Summer Holidays,2025-07-05,2025-09-07,0,64,65,6,true,true,false
2025-07-06,cffb89a7-768c-456e-86fe-ec0590435fad,AT-SB,Salzburg,AT,Austria,school_holiday,School,Summer Holidays,2025-07-05,2025-09-07,1,63,65,7,true,false,false
2025-07-06,cffb89a7-768c-456e-86fe-ec0590435fad,AT-TI,Tyrol,AT,Austria,school_holiday,School,Summer Holidays,2025-07-05,2025-09-07,1,63,65,7,true,false,false
2025-07-07,cffb89a7-768c-456e-86fe-ec0590435fad,AT-SB,Salzburg,AT,Austria,school_holiday,School,Summer Holidays,2025-07-05,2025-09-07,2,62,65,1,false,false,false
2025-07-07,cffb89a7-768c-456e-86fe-ec0590435fad,AT-TI,Tyrol,AT,Austria,school_holiday,School,Summer Holidays,2025-07-05,2025-09-07,2,62,65,1,false,false,false
2025-07-08,cffb89a7-768c-456e-86fe-ec0590435fad,AT-SB,Salzburg,AT,Austria,school_holiday,School,Summer Holidays,2025-07-05,2025-09-07,3,61,65,2,false,false,false
2025-07-08,cffb89a7-768c-456e-86fe-ec0590435fad,AT-TI,Tyrol,AT,Austria,school_holiday,School,Summer Holidays,2025-07-05,2025-09-07,3,61,65,2,false,false,false
2025-07-09,cffb89a7-768c-456e-86fe-ec0590435fad,AT-SB,Salzburg,AT,Austria,school_holiday,School,Summer Holidays,2025-07-05,2025-09-07,4,60,65,3,false,false,false
2025-07-09,cffb89a7-768c-456e-86fe-ec0590435fad,AT-TI,Tyrol,AT,Austria,school_holiday,School,Summer Holidays,2025-07-05,2025-09-07,4,60,65,3,false,false,false
2025-07-10,cffb89a7-768c-456e-86fe-ec0590435fad,AT-SB,Salzburg,AT,Austria,school_holiday,School,Summer Holidays,2025-07-05,2025-09-07,5,59,65,4,false,false,false
2025-07-10,cffb89a7-768c-456e-86fe-ec0590435fad,AT-TI,Tyrol,AT,Austria,school_holiday,School,Summer Holidays,2025-07-05,2025-09-07,5,59,65,4,false,false,false
2025-07-11,cffb89a7-768c-456e-86fe-ec0590435fad,AT-SB,Salzburg,AT,Austria,school_holiday,School,Summer Holidays,2025-07-05,2025-09-07,6,58,65,5,false,false,false
2025-07-11,cffb89a7-768c-456e-86fe-ec0590435fad,AT-TI,Tyrol,AT,Austria,school_holiday,School,Summer Holidays,2025-07-05,2025-09-07,6,58,65,5,false,false,false
2025-07-12,cffb89a7-768c-456e-86fe-ec0590435fad,AT-SB,Salzburg,AT,Austria,school_holiday,School,Summer Holidays,2025-07-05,2025-09-07,7,57,65,6,true,false,false
2025-07-12,cffb89a7-768c-456e-86fe-ec0590435fad,AT-TI,Tyrol,AT,Austria,school_holiday,School,Summer Holidays,2025-07-05,2025-09-07,7,57,65,6,true,false,false
2025-07-13,cffb89a7-768c-456e-86fe-ec0590435fad,AT-SB,Salzburg,AT,Austria,school_holiday,School,Summer Holidays,2025-07-05,2025-09-07,8,56,65,7,true,false,false
2025-07-13,cffb89a7-768c-456e-86fe-ec0590435fad,AT-TI,Tyrol,AT,Austria,school_holiday,School,Summer Holidays,2025-07-05,2025-09-07,8,56,65,7,true,false,false
2025-07-14,cffb89a7-768c-456e-86fe-ec0590435fad,AT-SB,Salzburg,AT,Austria,school_holiday,School,Summer Holidays,2025-07-05,2025-09-07,9,55,65,1,false,false,false
2025-07-14,cffb89a7-768c-456e-86fe-ec0590435fad,AT-TI,Tyrol,AT,Austria,school_holiday,School,Summer Holidays,2025-07-05,2025-09-07,9,55,65,1,false,false,false
2025-07-15,cffb89a7-768c-456e-86fe-ec0590435fad,AT-SB,Salzburg,AT,Austria,school_holiday,School,Summer Holidays,2025-07-05,2025-09-07,10,54,65,2,false,false,false
2025-07-15,cffb89a7-768c-456e-86fe-ec0590435fad,AT-TI,Tyrol,AT,Austria,school_holiday,School,Summer Holidays,2025-07-05,2025-09-07,10,54,65,2,false,false,false
2025-07-16,cffb89a7-768c-456e-86fe-ec0590435fad,AT-SB,Salzburg,AT,Austria,school_holiday,School,Summer Holidays,2025-07-05,2025-09-07,11,53,65,3,false,false,false
2025-07-16,cffb89a7-768c-456e-86fe-ec0590435fad,AT-TI,Tyrol,AT,Austria,school_holiday,School,Summer Holidays,2025-07-05,2025-09-07,11,53,65,3,false,false,false
2025-07-17,cffb89a7-768c-456e-86fe-ec0590435fad,AT-SB,Salzburg,AT,Austria,school_holiday,School,Summer Holidays,2025-07-05,2025-09-07,12,52,65,4,false,false,false
2025-07-17,cffb89a7-768c-456e-86fe-ec0590435fad,AT-TI,Tyrol,AT,Austria,school_holiday,School,Summer Holidays,2025-07-05,2025-09-07,12,52,65,4,false,false,false
2025-07-18,cffb89a7-768c-456e-86fe-ec0590435fad,AT-SB,Salzburg,AT,Austria,school_holiday,School,Summer Holidays,2025-07-05,2025-09-07,13,51,65,5,false,false,false
2025-07-18,cffb89a7-768c-456e-86fe-ec0590435fad,AT-TI,Tyrol,AT,Austria,school_holiday,School,Summer Holidays,2025-07-05,2025-09-07,13,51,65,5,false,false,false
2025-07-19,cffb89a7-768c-456e-86fe-ec0590435fad,AT-SB,Salzburg,AT,Austria,school_holiday,School,Summer Holidays,2025-07-05,2025-09-07,14,50,65,6,true,false,false
2025-07-19,cffb89a7-768c-456e-86fe-ec0590435fad,AT-TI,Tyrol,AT,Austria,school_holiday,School,Summer Holidays,2025-07-05,2025-09-07,14,50,65,6,true,false,false
2025-07-20,cffb89a7-768c-456e-86fe-ec0590435fad,AT-SB,Salzburg,AT,Austria,school_holiday,School,Summer Holidays,2025-07-05,2025-09-07,15,49,65,7,true,false,false
2025-07-20,cffb89a7-768c-456e-86fe-ec0590435fad,AT-TI,Tyrol,AT,Austria,school_holiday,School,Summer Holidays,2025-07-05,2025-09-07,15,49,65,7,true,false,false
2025-07-21,cffb89a7-768c-456e-86fe-ec0590435fad,AT-SB,Salzburg,AT,Austria,school_holiday,School,Summer Holidays,2025-07-05,2025-09-07,16,48,65,1,false,false,false
2025-07-21,cffb89a7-768c-456e-86fe-ec0590435fad,AT-TI,Tyrol,AT,Austria,school_holiday,School,Summer Holidays,2025-07-05,2025-09-07,16,48,65,1,false,false,false
2025-07-22,cffb89a7-768c-456e-86fe-ec0590435fad,AT-SB,Salzburg,AT,Austria,school_holiday,School,Summer Holidays,2025-07-05,2025-09-07,17,47,65,2,false,false,false
2025-07-22,cffb89a7-768c-456e-86fe-ec0590435fad,AT-TI,Tyrol,AT,Austria,school_holiday,School,Summer Holidays,2025-07-05,2025-09-07,17,47,65,2,false,false,false
2025-07-23,cffb89a7-768c-456e-86fe-ec0590435fad,AT-SB,Salzburg,AT,Austria,school_holiday,School,Summer Holidays,2025-07-05,2025-09-07,18,46,65,3,false,false,false
2025-07-23,cffb89a7-768c-456e-86fe-ec0590435fad,AT-TI,Tyrol,AT,Austria,school_holiday,School,Summer Holidays,2025-07-05,2025-09-07,18,46,65,3,false,false,false
2025-07-24,cffb89a7-768c-456e-86fe-ec0590435fad,AT-SB,Salzburg,AT,Austria,school_holiday,School,Summer Holidays,2025-07-05,2025-09-07,19,45,65,4,false,false,false
2025-07-24,cffb89a7-768c-456e-86fe-ec0590435fad,AT-TI,Tyrol,AT,Austria,school_holiday,School,Summer Holidays,2025-07-05,2025-09-07,19,45,65,4,false,false,false
2025-07-25,cffb89a7-768c-456e-86fe-ec0590435fad,AT-SB,Salzburg,AT,Austria,school_holiday,School,Summer Holidays,2025-07-05,2025-09-07,20,44,65,5,false,false,false
2025-07-25,cffb89a7-768c-456e-86fe-ec0590435fad,AT-TI,Tyrol,AT,Austria,school_holiday,School,Summer Holidays,2025-07-05,2025-09-07,20,44,65,5,false,false,false
2025-07-26,cffb89a7-768c-456e-86fe-ec0590435fad,AT-SB,Salzburg,AT,Austria,school_holiday,School,Summer Holidays,2025-07-05,2025-09-07,21,43,65,6,true,false,false
2025-07-26,cffb89a7-768c-456e-86fe-ec0590435fad,AT-TI,Tyrol,AT,Austria,school_holiday,School,Summer Holidays,2025-07-05,2025-09-07,21,43,65,6,true,false,false
2025-07-27,cffb89a7-768c-456e-86fe-ec0590435fad,AT-SB,Salzburg,AT,Austria,school_holiday,School,Summer Holidays,2025-07-05,2025-09-07,22,42,65,7,true,false,false
2025-07-27,cffb89a7-768c-456e-86fe-ec0590435fad,AT-TI,Tyrol,AT,Austria,school_holiday,School,Summer Holidays,2025-07-05,2025-09-07,22,42,65,7,true,false,false
2025-07-28,cffb89a7-768c-456e-86fe-ec0590435fad,AT-SB,Salzburg,AT,Austria,school_holiday,School,Summer Holidays,2025-07-05,2025-09-07,23,41,65,1,false,false,false
2025-07-28,cffb89a7-768c-456e-86fe-ec0590435fad,AT-TI,Tyrol,AT,Austria,school_holiday,School,Summer Holidays,2025-07-05,2025-09-07,23,41,65,1,false,false,false
2025-07-29,cffb89a7-768c-456e-86fe-ec0590435fad,AT-SB,Salzburg,AT,Austria,school_holiday,School,Summer Holidays,2025-07-05,2025-09-07,24,40,65,2,false,false,false
2025-07-29,cffb89a7-768c-456e-86fe-ec0590435fad,AT-TI,Tyrol,AT,Austria,school_holiday,School,Summer Holidays,2025-07-05,2025-09-07,24,40,65,2,false,false,false
2025-07-30,cffb89a7-768c-456e-86fe-ec0590435fad,AT-SB,Salzburg,AT,Austria,school_holiday,School,Summer Holidays,2025-07-05,2025-09-07,25,39,65,3,false,false,false
2025-07-30,cffb89a7-768c-456e-86fe-ec0590435fad,AT-TI,Tyrol,AT,Austria,school_holiday,School,Summer Holidays,2025-07-05,2025-09-07,25,39,65,3,false,false,false
2025-07-31,cffb89a7-768c-456e-86fe-ec0590435fad,AT-SB,Salzburg,AT,Austria,school_holiday,School,Summer Holidays,2025-07-05,2025-09-07,26,38,65,4,false,false,false
2025-07-31,cffb89a7-768c-456e-86fe-ec0590435fad,AT-TI,Tyrol,AT,Austria,school_holiday,School,Summer Holidays,2025-07-05,2025-09-07,26,38,65,4,false,false,false
2025-08-01,cffb89a7-768c-456e-86fe-ec0590435fad,AT-SB,Salzburg,AT,Austria,school_holiday,School,Summer Holidays,2025-07-05,2025-09-07,27,37,65,5,false,false,false
2025-08-01,cffb89a7-768c-456e-86fe-ec0590435fad,AT-TI,Tyrol,AT,Austria,school_holiday,School,Summer Holidays,2025-07-05,2025-09-07,27,37,65,5,false,false,false
2025-08-01,bc2bd00a-e716-46c3-8a27-2538c777d9bd,DE-BY,Bavaria,DE,Germany,school_holiday,School,Summer Holidays,2025-08-01,2025-09-15,0,45,46,5,false,true,false
2025-08-02,cffb89a7-768c-456e-86fe-ec0590435fad,AT-SB,Salzburg,AT,Austria,school_holiday,School,Summer Holidays,2025-07-05,2025-09-07,28,36,65,6,true,false,false
2025-08-02,cffb89a7-768c-456e-86fe-ec0590435fad,AT-TI,Tyrol,AT,Austria,school_holiday,School,Summer Holidays,2025-07-05,2025-09-07,28,36,65,6,true,false,false
2025-08-02,bc2bd00a-e716-46c3-8a27-2538c777d9bd,DE-BY,Bavaria,DE,Germany,school_holiday,School,Summer Holidays,2025-08-01,2025-09-15,1,44,46,6,true,false,false
2025-08-03,cffb89a7-768c-456e-86fe-ec0590435fad,AT-SB,Salzburg,AT,Austria,school_holiday,School,Summer Holidays,2025-07-05,2025-09-07,29,35,65,7,true,false,false
2025-08-03,cffb89a7-768c-456e-86fe-ec0590435fad,AT-TI,Tyrol,AT,Austria,school_holiday,School,Summer Holidays,2025-07-05,2025-09-07,29,35,65,7,true,false,false
2025-08-03,bc2bd00a-e716-46c3-8a27-2538c777d9bd,DE-BY,Bavaria,DE,Germany,school_holiday,School,Summer Holidays,2025-08-01,2025-09-15,2,43,46,7,true,false,false
2025-08-04,cffb89a7-768c-456e-86fe-ec0590435fad,AT-SB,Salzburg,AT,Austria,school_holiday,School,Summer Holidays,2025-07-05,2025-09-07,30,34,65,1,false,false,false
2025-08-04,cffb89a7-768c-456e-86fe-ec0590435fad,AT-TI,Tyrol,AT,Austria,school_holiday,School,Summer Holidays,2025-07-05,2025-09-07,30,34,65,1,false,false,false
2025-08-04,bc2bd00a-e716-46c3-8a27-2538c777d9bd,DE-BY,Bavaria,DE,Germany,school_holiday,School,Summer Holidays,2025-08-01,2025-09-15,3,42,46,1,false,false,false
2025-08-05,cffb89a7-768c-456e-86fe-ec0590435fad,AT-SB,Salzburg,AT,Austria,school_holiday,School,Summer Holidays,2025-07-05,2025-09-07,31,33,65,2,false,false,false
2025-08-05,cffb89a7-768c-456e-86fe-ec0590435fad,AT-TI,Tyrol,AT,Austria,school_holiday,School,Summer Holidays,2025-07-05,2025-09-07,31,33,65,2,false,false,false
2025-08-05,bc2bd00a-e716-46c3-8a27-2538c777d9bd,DE-BY,Bavaria,DE,Germany,school_holiday,School,Summer Holidays,2025-08-01,2025-09-15,4,41,46,2,false,false,false
2025-08-06,cffb89a7-768c-456e-86fe-ec0590435fad,AT-SB,Salzburg,AT,Austria,school_holiday,School,Summer Holidays,2025-07-05,2025-09-07,32,32,65,3,false,false,false
2025-08-06,cffb89a7-768c-456e-86fe-ec0590435fad,AT-TI,Tyrol,AT,Austria,school_holiday,School,Summer Holidays,2025-07-05,2025-09-07,32,32,65,3,false,false,false
2025-08-06,bc2bd00a-e716-46c3-8a27-2538c777d9bd,DE-BY,Bavaria,DE,Germany,school_holiday,School,Summer Holidays,2025-08-01,2025-09-15,5,40,46,3,false,false,false
2025-08-07,cffb89a7-768c-456e-86fe-ec0590435fad,AT-SB,Salzburg,AT,Austria,school_holiday,School,Summer Holidays,2025-07-05,2025-09-07,33,31,65,4,false,false,false
2025-08-07,cffb89a7-768c-456e-86fe-ec0590435fad,AT-TI,Tyrol,AT,Austria,school_holiday,School,Summer Holidays,2025-07-05,2025-09-07,33,31,65,4,false,false,false
2025-08-07,bc2bd00a-e716-46c3-8a27-2538c777d9bd,DE-BY,Bavaria,DE,Germany,school_holiday,School,Summer Holidays,2025-08-01,2025-09-15,6,39,46,4,false,false,false
2025-08-08,cffb89a7-768c-456e-86fe-ec0590435fad,AT-SB,Salzburg,AT,Austria,school_holiday,School,Summer Holidays,2025-07-05,2025-09-07,34,30,65,5,false,false,false
2025-08-08,cffb89a7-768c-456e-86fe-ec0590435fad,AT-TI,Tyrol,AT,Austria,school_holiday,School,Summer Holidays,2025-07-05,2025-09-07,34,30,65,5,false,false,false
2025-08-08,bc2bd00a-e716-46c3-8a27-2538c777d9bd,DE-BY,Bavaria,DE,Germany,school_holiday,School,Summer Holidays,2025-08-01,2025-09-15,7,38,46,5,false,false,false
2025-08-09,cffb89a7-768c-456e-86fe-ec0590435fad,AT-SB,Salzburg,AT,Austria,school_holiday,School,Summer Holidays,2025-07-05,2025-09-07,35,29,65,6,true,false,false
2025-08-09,cffb89a7-768c-456e-86fe-ec0590435fad,AT-TI,Tyrol,AT,Austria,school_holiday,School,Summer Holidays,2025-07-05,2025-09-07,35,29,65,6,true,false,false
2025-08-09,bc2bd00a-e716-46c3-8a27-2538c777d9bd,DE-BY,Bavaria,DE,Germany,school_holiday,School,Summer Holidays,2025-08-01,2025-09-15,8,37,46,6,true,false,false
2025-08-10,cffb89a7-768c-456e-86fe-ec0590435fad,AT-SB,Salzburg,AT,Austria,school_holiday,School,Summer Holidays,2025-07-05,2025-09-07,36,28,65,7,true,false,false
2025-08-10,cffb89a7-768c-456e-86fe-ec0590435fad,AT-TI,Tyrol,AT,Austria,school_holiday,School,Summer Holidays,2025-07-05,2025-09-07,36,28,65,7,true,false,false
2025-08-10,bc2bd00a-e716-46c3-8a27-2538c777d9bd,DE-BY,Bavaria,DE,Germany,school_holiday,School,Summer Holidays,2025-08-01,2025-09-15,9,36,46,7,true,false,false
2025-08-11,cffb89a7-768c-456e-86fe-ec0590435fad,AT-SB,Salzburg,AT,Austria,school_holiday,School,Summer Holidays,2025-07-05,2025-09-07,37,27,65,1,false,false,false
2025-08-11,cffb89a7-768c-456e-86fe-ec0590435fad,AT-TI,Tyrol,AT,Austria,school_holiday,School,Summer Holidays,2025-07-05,2025-09-07,37,27,65,1,false,false,false
2025-08-11,bc2bd00a-e716-46c3-8a27-2538c777d9bd,DE-BY,Bavaria,DE,Germany,school_holiday,School,Summer Holidays,2025-08-01,2025-09-15,10,35,46,1,false,false,false
2025-08-12,cffb89a7-768c-456e-86fe-ec0590435fad,AT-SB,Salzburg,AT,Austria,school_holiday,School,Summer Holidays,2025-07-05,2025-09-07,38,26,65,2,false,false,false
2025-08-12,cffb89a7-768c-456e-86fe-ec0590435fad,AT-TI,Tyrol,AT,Austria,school_holiday,School,Summer Holidays,2025-07-05,2025-09-07,38,26,65,2,false,false,false
2025-08-12,bc2bd00a-e716-46c3-8a27-2538c777d9bd,DE-BY,Bavaria,DE,Germany,school_holiday,School,Summer Holidays,2025-08-01,2025-09-15,11,34,46,2,false,false,false
2025-08-13,cffb89a7-768c-456e-86fe-ec0590435fad,AT-SB,Salzburg,AT,Austria,school_holiday,School,Summer Holidays,2025-07-05,2025-09-07,39,25,65,3,false,false,false
2025-08-13,cffb89a7-768c-456e-86fe-ec0590435fad,AT-TI,Tyrol,AT,Austria,school_holiday,School,Summer Holidays,2025-07-05,2025-09-07,39,25,65,3,false,false,false
2025-08-13,bc2bd00a-e716-46c3-8a27-2538c777d9bd,DE-BY,Bavaria,DE,Germany,school_holiday,School,Summer Holidays,2025-08-01,2025-09-15,12,33,46,3,false,false,false
2025-08-14,cffb89a7-768c-456e-86fe-ec0590435fad,AT-SB,Salzburg,AT,Austria,school_holiday,School,Summer Holidays,2025-07-05,2025-09-07,40,24,65,4,false,false,false
2025-08-14,cffb89a7-768c-456e-86fe-ec0590435fad,AT-TI,Tyrol,AT,Austria,school_holiday,School,Summer Holidays,2025-07-05,2025-09-07,40,24,65,4,false,false,false
2025-08-14,bc2bd00a-e716-46c3-8a27-2538c777d9bd,DE-BY,Bavaria,DE,Germany,school_holiday,School,Summer Holidays,2025-08-01,2025-09-15,13,32,46,4,false,false,false
2025-08-15,b2e2683d-2965-482a-8a62-83f72d4bcd0f,AT-SB,Salzburg,AT,Austria,public_holiday,Public,Assumption Day,2025-08-15,2025-08-15,0,0,1,5,false,true,true
2025-08-15,cffb89a7-768c-456e-86fe-ec0590435fad,AT-SB,Salzburg,AT,Austria,school_holiday,School,Summer Holidays,2025-07-05,2025-09-07,41,23,65,5,false,false,false
2025-08-15,b2e2683d-2965-482a-8a62-83f72d4bcd0f,AT-TI,Tyrol,AT,Austria,public_holiday,Public,Assumption Day,2025-08-15,2025-08-15,0,0,1,5,false,true,true
2025-08-15,cffb89a7-768c-456e-86fe-ec0590435fad,AT-TI,Tyrol,AT,Austria,school_holiday,School,Summer Holidays,2025-07-05,2025-09-07,41,23,65,5,false,false,false
2025-08-15,e09a9106-86e9-4eeb-9c84-5d257b4f9488,DE-BY,Bavaria,DE,Germany,public_holiday,Public,Assumption Day,2025-08-15,2025-08-15,0,0,1,5,false,true,true
2025-08-15,bc2bd00a-e716-46c3-8a27-2538c777d9bd,DE-BY,Bavaria,DE,Germany,school_holiday,School,Summer Holidays,2025-08-01,2025-09-15,14,31,46,5,false,false,false
2025-08-16,cffb89a7-768c-456e-86fe-ec0590435fad,AT-SB,Salzburg,AT,Austria,school_holiday,School,Summer Holidays,2025-07-05,2025-09-07,42,22,65,6,true,false,false
2025-08-16,cffb89a7-768c-456e-86fe-ec0590435fad,AT-TI,Tyrol,AT,Austria,school_holiday,School,Summer Holidays,2025-07-05,2025-09-07,42,22,65,6,true,false,false
2025-08-16,bc2bd00a-e716-46c3-8a27-2538c777d9bd,DE-BY,Bavaria,DE,Germany,school_holiday,School,Summer Holidays,2025-08-01,2025-09-15,15,30,46,6,true,false,false
2025-08-17,cffb89a7-768c-456e-86fe-ec0590435fad,AT-SB,Salzburg,AT,Austria,school_holiday,School,Summer Holidays,2025-07-05,2025-09-07,43,21,65,7,true,false,false
2025-08-17,cffb89a7-768c-456e-86fe-ec0590435fad,AT-TI,Tyrol,AT,Austria,school_holiday,School,Summer Holidays,2025-07-05,2025-09-07,43,21,65,7,true,false,false
2025-08-17,bc2bd00a-e716-46c3-8a27-2538c777d9bd,DE-BY,Bavaria,DE,Germany,school_holiday,School,Summer Holidays,2025-08-01,2025-09-15,16,29,46,7,true,false,false
2025-08-18,cffb89a7-768c-456e-86fe-ec0590435fad,AT-SB,Salzburg,AT,Austria,school_holiday,School,Summer Holidays,2025-07-05,2025-09-07,44,20,65,1,false,false,false
2025-08-18,cffb89a7-768c-456e-86fe-ec0590435fad,AT-TI,Tyrol,AT,Austria,school_holiday,School,Summer Holidays,2025-07-05,2025-09-07,44,20,65,1,false,false,false
2025-08-18,bc2bd00a-e716-46c3-8a27-2538c777d9bd,DE-BY,Bavaria,DE,Germany,school_holiday,School,Summer Holidays,2025-08-01,2025-09-15,17,28,46,1,false,false,false
2025-08-19,cffb89a7-768c-456e-86fe-ec0590435fad,AT-SB,Salzburg,AT,Austria,school_holiday,School,Summer Holidays,2025-07-05,2025-09-07,45,19,65,2,false,false,false
2025-08-19,cffb89a7-768c-456e-86fe-ec0590435fad,AT-TI,Tyrol,AT,Austria,school_holiday,School,Summer Holidays,2025-07-05,2025-09-07,45,19,65,2,false,false,false
2025-08-19,bc2bd00a-e716-46c3-8a27-2538c777d9bd,DE-BY,Bavaria,DE,Germany,school_holiday,School,Summer Holidays,2025-08-01,2025-09-15,18,27,46,2,false,false,false
2025-08-20,cffb89a7-768c-456e-86fe-ec0590435fad,AT-SB,Salzburg,AT,Austria,school_holiday,School,Summer Holidays,2025-07-05,2025-09-07,46,18,65,3,false,false,false
2025-08-20,cffb89a7-768c-456e-86fe-ec0590435fad,AT-TI,Tyrol,AT,Austria,school_holiday,School,Summer Holidays,2025-07-05,2025-09-07,46,18,65,3,false,false,false
2025-08-20,bc2bd00a-e716-46c3-8a27-2538c777d9bd,DE-BY,Bavaria,DE,Germany,school_holiday,School,Summer Holidays,2025-08-01,2025-09-15,19,26,46,3,false,false,false
2025-08-21,cffb89a7-768c-456e-86fe-ec0590435fad,AT-SB,Salzburg,AT,Austria,school_holiday,School,Summer Holidays,2025-07-05,2025-09-07,47,17,65,4,false,false,false
2025-08-21,cffb89a7-768c-456e-86fe-ec0590435fad,AT-TI,Tyrol,AT,Austria,school_holiday,School,Summer Holidays,2025-07-05,2025-09-07,47,17,65,4,false,false,false
2025-08-21,bc2bd00a-e716-46c3-8a27-2538c777d9bd,DE-BY,Bavaria,DE,Germany,school_holiday,School,Summer Holidays,2025-08-01,2025-09-15,20,25,46,4,false,false,false
2025-08-22,cffb89a7-768c-456e-86fe-ec0590435fad,AT-SB,Salzburg,AT,Austria,school_holiday,School,Summer Holidays,2025-07-05,2025-09-07,48,16,65,5,false,false,false
2025-08-22,cffb89a7-768c-456e-86fe-ec0590435fad,AT-TI,Tyrol,AT,Austria,school_holiday,School,Summer Holidays,2025-07-05,2025-09-07,48,16,65,5,false,false,false
2025-08-22,bc2bd00a-e716-46c3-8a27-2538c777d9bd,DE-BY,Bavaria,DE,Germany,school_holiday,School,Summer Holidays,2025-08-01,2025-09-15,21,24,46,5,false,false,false
2025-08-23,cffb89a7-768c-456e-86fe-ec0590435fad,AT-SB,Salzburg,AT,Austria,school_holiday,School,Summer Holidays,2025-07-05,2025-09-07,49,15,65,6,true,false,false
2025-08-23,cffb89a7-768c-456e-86fe-ec0590435fad,AT-TI,Tyrol,AT,Austria,school_holiday,School,Summer Holidays,2025-07-05,2025-09-07,49,15,65,6,true,false,false
2025-08-23,bc2bd00a-e716-46c3-8a27-2538c777d9bd,DE-BY,Bavaria,DE,Germany,school_holiday,School,Summer Holidays,2025-08-01,2025-09-15,22,23,46,6,true,false,false
2025-08-24,cffb89a7-768c-456e-86fe-ec0590435fad,AT-SB,Salzburg,AT,Austria,school_holiday,School,Summer Holidays,2025-07-05,2025-09-07,50,14,65,7,true,false,false
2025-08-24,cffb89a7-768c-456e-86fe-ec0590435fad,AT-TI,Tyrol,AT,Austria,school_holiday,School,Summer Holidays,2025-07-05,2025-09-07,50,14,65,7,true,false,false
2025-08-24,bc2bd00a-e716-46c3-8a27-2538c777d9bd,DE-BY,Bavaria,DE,Germany,school_holiday,School,Summer Holidays,2025-08-01,2025-09-15,23,22,46,7,true,false,false
2025-08-25,cffb89a7-768c-456e-86fe-ec0590435fad,AT-SB,Salzburg,AT,Austria,school_holiday,School,Summer Holidays,2025-07-05,2025-09-07,51,13,65,1,false,false,false
2025-08-25,cffb89a7-768c-456e-86fe-ec0590435fad,AT-TI,Tyrol,AT,Austria,school_holiday,School,Summer Holidays,2025-07-05,2025-09-07,51,13,65,1,false,false,false
2025-08-25,bc2bd00a-e716-46c3-8a27-2538c777d9bd,DE-BY,Bavaria,DE,Germany,school_holiday,School,Summer Holidays,2025-08-01,2025-09-15,24,21,46,1,false,false,false
2025-08-26,cffb89a7-768c-456e-86fe-ec0590435fad,AT-SB,Salzburg,AT,Austria,school_holiday,School,Summer Holidays,2025-07-05,2025-09-07,52,12,65,2,false,false,false
2025-08-26,cffb89a7-768c-456e-86fe-ec0590435fad,AT-TI,Tyrol,AT,Austria,school_holiday,School,Summer Holidays,2025-07-05,2025-09-07,52,12,65,2,false,false,false
2025-08-26,bc2bd00a-e716-46c3-8a27-2538c777d9bd,DE-BY,Bavaria,DE,Germany,school_holiday,School,Summer Holidays,2025-08-01,2025-09-15,25,20,46,2,false,false,false
2025-08-27,cffb89a7-768c-456e-86fe-ec0590435fad,AT-SB,Salzburg,AT,Austria,school_holiday,School,Summer Holidays,2025-07-05,2025-09-07,53,11,65,3,false,false,false
2025-08-27,cffb89a7-768c-456e-86fe-ec0590435fad,AT-TI,Tyrol,AT,Austria,school_holiday,School,Summer Holidays,2025-07-05,2025-09-07,53,11,65,3,false,false,false
2025-08-27,bc2bd00a-e716-46c3-8a27-2538c777d9bd,DE-BY,Bavaria,DE,Germany,school_holiday,School,Summer Holidays,2025-08-01,2025-09-15,26,19,46,3,false,false,false
2025-08-28,cffb89a7-768c-456e-86fe-ec0590435fad,AT-SB,Salzburg,AT,Austria,school_holiday,School,Summer Holidays,2025-07-05,2025-09-07,54,10,65,4,false,false,false
2025-08-28,cffb89a7-768c-456e-86fe-ec0590435fad,AT-TI,Tyrol,AT,Austria,school_holiday,School,Summer Holidays,2025-07-05,2025-09-07,54,10,65,4,false,false,false
2025-08-28,bc2bd00a-e716-46c3-8a27-2538c777d9bd,DE-BY,Bavaria,DE,Germany,school_holiday,School,Summer Holidays,2025-08-01,2025-09-15,27,18,46,4,false,false,false
2025-08-29,cffb89a7-768c-456e-86fe-ec0590435fad,AT-SB,Salzburg,AT,Austria,school_holiday,School,Summer Holidays,2025-07-05,2025-09-07,55,9,65,5,false,false,false
2025-08-29,cffb89a7-768c-456e-86fe-ec0590435fad,AT-TI,Tyrol,AT,Austria,school_holiday,School,Summer Holidays,2025-07-05,2025-09-07,55,9,65,5,false,false,false
2025-08-29,bc2bd00a-e716-46c3-8a27-2538c777d9bd,DE-BY,Bavaria,DE,Germany,school_holiday,School,Summer Holidays,2025-08-01,2025-09-15,28,17,46,5,false,false,false
2025-08-30,cffb89a7-768c-456e-86fe-ec0590435fad,AT-SB,Salzburg,AT,Austria,school_holiday,School,Summer Holidays,2025-07-05,2025-09-07,56,8,65,6,true,false,false
2025-08-30,cffb89a7-768c-456e-86fe-ec0590435fad,AT-TI,Tyrol,AT,Austria,school_holiday,School,Summer Holidays,2025-07-05,2025-09-07,56,8,65,6,true,false,false
2025-08-30,bc2bd00a-e716-46c3-8a27-2538c777d9bd,DE-BY,Bavaria,DE,Germany,school_holiday,School,Summer Holidays,2025-08-01,2025-09-15,29,16,46,6,true,false,false
2025-08-31,cffb89a7-768c-456e-86fe-ec0590435fad,AT-SB,Salzburg,AT,Austria,school_holiday,School,Summer Holidays,2025-07-05,2025-09-07,57,7,65,7,true,false,false
2025-08-31,cffb89a7-768c-456e-86fe-ec0590435fad,AT-TI,Tyrol,AT,Austria,school_holiday,School,Summer Holidays,2025-07-05,2025-09-07,57,7,65,7,true,false,false
2025-08-31,bc2bd00a-e716-46c3-8a27-2538c777d9bd,DE-BY,Bavaria,DE,Germany,school_holiday,School,Summer Holidays,2025-08-01,2025-09-15,30,15,46,7,true,false,false
2025-09-01,cffb89a7-768c-456e-86fe-ec0590435fad,AT-SB,Salzburg,AT,Austria,school_holiday,School,Summer Holidays,2025-07-05,2025-09-07,58,6,65,1,false,false,false
2025-09-01,cffb89a7-768c-456e-86fe-ec0590435fad,AT-TI,Tyrol,AT,Austria,school_holiday,School,Summer Holidays,2025-07-05,2025-09-07,58,6,65,1,false,false,false
2025-09-01,bc2bd00a-e716-46c3-8a27-2538c777d9bd,DE-BY,Bavaria,DE,Germany,school_holiday,School,Summer Holidays,2025-08-01,2025-09-15,31,14,46,1,false,false,false
2025-09-02,cffb89a7-768c-456e-86fe-ec0590435fad,AT-SB,Salzburg,AT,Austria,school_holiday,School,Summer Holidays,2025-07-05,2025-09-07,59,5,65,2,false,false,false
2025-09-02,cffb89a7-768c-456e-86fe-ec0590435fad,AT-TI,Tyrol,AT,Austria,school_holiday,School,Summer Holidays,2025-07-05,2025-09-07,59,5,65,2,false,false,false
2025-09-02,bc2bd00a-e716-46c3-8a27-2538c777d9bd,DE-BY,Bavaria,DE,Germany,school_holiday,School,Summer Holidays,2025-08-01,2025-09-15,32,13,46,2,false,false,false
2025-09-03,cffb89a7-768c-456e-86fe-ec0590435fad,AT-SB,Salzburg,AT,Austria,school_holiday,School,Summer Holidays,2025-07-05,2025-09-07,60,4,65,3,false,false,false
2025-09-03,cffb89a7-768c-456e-86fe-ec0590435fad,AT-TI,Tyrol,AT,Austria,school_holiday,School,Summer Holidays,2025-07-05,2025-09-07,60,4,65,3,false,false,false
2025-09-03,bc2bd00a-e716-46c3-8a27-2538c777d9bd,DE-BY,Bavaria,DE,Germany,school_holiday,School,Summer Holidays,2025-08-01,2025-09-15,33,12,46,3,false,false,false
2025-09-04,cffb89a7-768c-456e-86fe-ec0590435fad,AT-SB,Salzburg,AT,Austria,school_holiday,School,Summer Holidays,2025-07-05,2025-09-07,61,3,65,4,false,false,false
2025-09-04,cffb89a7-768c-456e-86fe-ec0590435fad,AT-TI,Tyrol,AT,Austria,school_holiday,School,Summer Holidays,2025-07-05,2025-09-07,61,3,65,4,false,false,false
2025-09-04,bc2bd00a-e716-46c3-8a27-2538c777d9bd,DE-BY,Bavaria,DE,Germany,school_holiday,School,Summer Holidays,2025-08-01,2025-09-15,34,11,46,4,false,false,false
2025-09-05,cffb89a7-768c-456e-86fe-ec0590435fad,AT-SB,Salzburg,AT,Austria,school_holiday,School,Summer Holidays,2025-07-05,2025-09-07,62,2,65,5,false,false,false
2025-09-05,cffb89a7-768c-456e-86fe-ec0590435fad,AT-TI,Tyrol,AT,Austria,school_holiday,School,Summer Holidays,2025-07-05,2025-09-07,62,2,65,5,false,false,false
2025-09-05,bc2bd00a-e716-46c3-8a27-2538c777d9bd,DE-BY,Bavaria,DE,Germany,school_holiday,School,Summer Holidays,2025-08-01,2025-09-15,35,10,46,5,false,false,false
2025-09-06,cffb89a7-768c-456e-86fe-ec0590435fad,AT-SB,Salzburg,AT,Austria,school_holiday,School,Summer Holidays,2025-07-05,2025-09-07,63,1,65,6,true,false,false
2025-09-06,cffb89a7-768c-456e-86fe-ec0590435fad,AT-TI,Tyrol,AT,Austria,school_holiday,School,Summer Holidays,2025-07-05,2025-09-07,63,1,65,6,true,false,false
2025-09-06,bc2bd00a-e716-46c3-8a27-2538c777d9bd,DE-BY,Bavaria,DE,Germany,school_holiday,School,Summer Holidays,2025-08-01,2025-09-15,36,9,46,6,true,false,false
2025-09-07,cffb89a7-768c-456e-86fe-ec0590435fad,AT-SB,Salzburg,AT,Austria,school_holiday,School,Summer Holidays,2025-07-05,2025-09-07,64,0,65,7,true,false,true
2025-09-07,cffb89a7-768c-456e-86fe-ec0590435fad,AT-TI,Tyrol,AT,Austria,school_holiday,School,Summer Holidays,2025-07-05,2025-09-07,64,0,65,7,true,false,true
2025-09-07,bc2bd00a-e716-46c3-8a27-2538c777d9bd,DE-BY,Bavaria,DE,Germany,school_holiday,School,Summer Holidays,2025-08-01,2025-09-15,37,8,46,7,true,false,false
2025-09-08,bc2bd00a-e716-46c3-8a27-2538c777d9bd,DE-BY,Bavaria,DE,Germany,school_holiday,School,Summer Holidays,2025-08-01,2025-09-15,38,7,46,1,false,false,false
2025-09-09,bc2bd00a-e716-46c3-8a27-2538c777d9bd,DE-BY,Bavaria,DE,Germany,school_holiday,School,Summer Holidays,2025-08-01,2025-09-15,39,6,46,2,false,false,false
2025-09-10,bc2bd00a-e716-46c3-8a27-2538c777d9bd,DE-BY,Bavaria,DE,Germany,school_holiday,School,Summer Holidays,2025-08-01,2025-09-15,40,5,46,3,false,false,false
2025-09-11,bc2bd00a-e716-46c3-8a27-2538c777d9bd,DE-BY,Bavaria,DE,Germany,school_holiday,School,Summer Holidays,2025-08-01,2025-09-15,41,4,46,4,false,false,false
2025-09-12,bc2bd00a-e716-46c3-8a27-2538c777d9bd,DE-BY,Bavaria,DE,Germany,school_holiday,School,Summer Holidays,2025-08-01,2025-09-15,42,3,46,5,false,false,false
2025-09-13,bc2bd00a-e716-46c3-8a27-2538c777d9bd,DE-BY,Bavaria,DE,Germany,school_holiday,School,Summer Holidays,2025-08-01,2025-09-15,43,2,46,6,true,false,false
2025-09-14,bc2bd00a-e716-46c3-8a27-2538c777d9bd,DE-BY,Bavaria,DE,Germany,school_holiday,School,Summer Holidays,2025-08-01,2025-09-15,44,1,46,7,true,false,false
2025-09-15,bc2bd00a-e716-46c3-8a27-2538c777d9bd,DE-BY,Bavaria,DE,Germany,school_holiday,School,Summer Holidays,2025-08-01,2025-09-15,45,0,46,1,false,false,true
2025-09-24,3db5772e-a9e6-42f2-9cf2-99e4c5ef1c79,AT-SB,Salzburg,AT,Austria,school_holiday,School,Saint Rupert's Day,2025-09-24,2025-09-24,0,0,1,3,false,true,true
2025-10-03,ac964e18-2d34-497a-a9c5-b8ab065b7238,DE-BY,Bavaria,DE,Germany,public_holiday,Public,Day of German Unity,2025-10-03,2025-10-03,0,0,1,5,false,true,true
2025-10-26,15309af7-875d-4487-bbf0-39c0aaba45af,AT-SB,Salzburg,AT,Austria,public_holiday,Public,National Day,2025-10-26,2025-10-26,0,0,1,7,true,true,true
2025-10-26,15309af7-875d-4487-bbf0-39c0aaba45af,AT-TI,Tyrol,AT,Austria,public_holiday,Public,National Day,2025-10-26,2025-10-26,0,0,1,7,true,true,true
2025-10-27,76f3fc33-8afa-4e97-9f48-df0a109bcf8e,AT-SB,Salzburg,AT,Austria,school_holiday,School,Autumn Holidays,2025-10-27,2025-10-31,0,4,5,1,false,true,false
2025-10-27,76f3fc33-8afa-4e97-9f48-df0a109bcf8e,AT-TI,Tyrol,AT,Austria,school_holiday,School,Autumn Holidays,2025-10-27,2025-10-31,0,4,5,1,false,true,false
2025-10-28,76f3fc33-8afa-4e97-9f48-df0a109bcf8e,AT-SB,Salzburg,AT,Austria,school_holiday,School,Autumn Holidays,2025-10-27,2025-10-31,1,3,5,2,false,false,false
2025-10-28,76f3fc33-8afa-4e97-9f48-df0a109bcf8e,AT-TI,Tyrol,AT,Austria,school_holiday,School,Autumn Holidays,2025-10-27,2025-10-31,1,3,5,2,false,false,false
2025-10-29,76f3fc33-8afa-4e97-9f48-df0a109bcf8e,AT-SB,Salzburg,AT,Austria,school_holiday,School,Autumn Holidays,2025-10-27,2025-10-31,2,2,5,3,false,false,false
2025-10-29,76f3fc33-8afa-4e97-9f48-df0a109bcf8e,AT-TI,Tyrol,AT,Austria,school_holiday,School,Autumn Holidays,2025-10-27,2025-10-31,2,2,5,3,false,false,false
2025-10-30,76f3fc33-8afa-4e97-9f48-df0a109bcf8e,AT-SB,Salzburg,AT,Austria,school_holiday,School,Autumn Holidays,2025-10-27,2025-10-31,3,1,5,4,false,false,false
2025-10-30,76f3fc33-8afa-4e97-9f48-df0a109bcf8e,AT-TI,Tyrol,AT,Austria,school_holiday,School,Autumn Holidays,2025-10-27,2025-10-31,3,1,5,4,false,false,false
2025-10-31,76f3fc33-8afa-4e97-9f48-df0a109bcf8e,AT-SB,Salzburg,AT,Austria,school_holiday,School,Autumn Holidays,2025-10-27,2025-10-31,4,0,5,5,false,false,true
2025-10-31,76f3fc33-8afa-4e97-9f48-df0a109bcf8e,AT-TI,Tyrol,AT,Austria,school_holiday,School,Autumn Holidays,2025-10-27,2025-10-31,4,0,5,5,false,false,true
2025-11-01,13545866-19b2-4a20-8e8a-b4281bf66426,AT-SB,Salzburg,AT,Austria,public_holiday,Public,All Saints' Day,2025-11-01,2025-11-01,0,0,1,6,true,true,true
2025-11-01,13545866-19b2-4a20-8e8a-b4281bf66426,AT-TI,Tyrol,AT,Austria,public_holiday,Public,All Saints' Day,2025-11-01,2025-11-01,0,0,1,6,true,true,true
2025-11-01,0e5ed383-7890-4f12-b041-65a79aedeb5f,DE-BY,Bavaria,DE,Germany,public_holiday,Public,All Saints' Day,2025-11-01,2025-11-01,0,0,1,6,true,true,true
2025-11-02,e82945db-0512-4d8b-8da6-e9321f77fd67,AT-SB,Salzburg,AT,Austria,school_holiday,School,All Souls' Day,2025-11-02,2025-11-02,0,0,1,7,true,true,true
2025-11-02,e82945db-0512-4d8b-8da6-e9321f77fd67,AT-TI,Tyrol,AT,Austria,school_holiday,School,All Souls' Day,2025-11-02,2025-11-02,0,0,1,7,true,true,true
2025-11-03,867bf086-bdaa-4642-8fcf-4fd07f45ac08,DE-BY,Bavaria,DE,Germany,school_holiday,School,Autumn Holidays,2025-11-03,2025-11-07,0,4,5,1,false,true,false
2025-11-04,867bf086-bdaa-4642-8fcf-4fd07f45ac08,DE-BY,Bavaria,DE,Germany,school_holiday,School,Autumn Holidays,2025-11-03,2025-11-07,1,3,5,2,false,false,false
2025-11-05,867bf086-bdaa-4642-8fcf-4fd07f45ac08,DE-BY,Bavaria,DE,Germany,school_holiday,School,Autumn Holidays,2025-11-03,2025-11-07,2,2,5,3,false,false,false
2025-11-06,867bf086-bdaa-4642-8fcf-4fd07f45ac08,DE-BY,Bavaria,DE,Germany,school_holiday,School,Autumn Holidays,2025-11-03,2025-11-07,3,1,5,4,false,false,false
2025-11-07,867bf086-bdaa-4642-8fcf-4fd07f45ac08,DE-BY,Bavaria,DE,Germany,school_holiday,School,Autumn Holidays,2025-11-03,2025-11-07,4,0,5,5,false,false,true
2025-11-19,cb244bdc-ddc5-48b0-a6a4-675b57facc0e,DE-BY,Bavaria,DE,Germany,school_holiday,School,Repentance Day,2025-11-19,2025-11-19,0,0,1,3,false,true,true
2025-12-08,8453792b-0a4a-4b34-ba8d-4e0d0f870473,AT-SB,Salzburg,AT,Austria,public_holiday,Public,Immaculate Conception,2025-12-08,2025-12-08,0,0,1,1,false,true,true
2025-12-08,8453792b-0a4a-4b34-ba8d-4e0d0f870473,AT-TI,Tyrol,AT,Austria,public_holiday,Public,Immaculate Conception,2025-12-08,2025-12-08,0,0,1,1,false,true,true
2025-12-22,fae75443-4eb3-4720-9ba2-3dcca3553820,DE-BY,Bavaria,DE,Germany,school_holiday,School,Christmas Holidays,2025-12-22,2026-01-05,0,14,15,1,false,true,false
2025-12-23,fae75443-4eb3-4720-9ba2-3dcca3553820,DE-BY,Bavaria,DE,Germany,school_holiday,School,Christmas Holidays,2025-12-22,2026-01-05,1,13,15,2,false,false,false
2025-12-24,7a034d2c-9044-44d6-956f-d9f6575480d0,AT-SB,Salzburg,AT,Austria,school_holiday,School,Christmas Holidays,2025-12-24,2026-01-06,0,13,14,3,false,true,false
2025-12-24,7a034d2c-9044-44d6-956f-d9f6575480d0,AT-TI,Tyrol,AT,Austria,school_holiday,School,Christmas Holidays,2025-12-24,2026-01-06,0,13,14,3,false,true,false
2025-12-24,fae75443-4eb3-4720-9ba2-3dcca3553820,DE-BY,Bavaria,DE,Germany,school_holiday,School,Christmas Holidays,2025-12-22,2026-01-05,2,12,15,3,false,false,false
2025-12-25,2ad705aa-662e-4c5c-8652-5632aa3e3a73,AT-SB,Salzburg,AT,Austria,public_holiday,Public,Christmas Day,2025-12-25,2025-12-25,0,0,1,4,false,true,true
2025-12-25,7a034d2c-9044-44d6-956f-d9f6575480d0,AT-SB,Salzburg,AT,Austria,school_holiday,School,Christmas Holidays,2025-12-24,2026-01-06,1,12,14,4,false,false,false
2025-12-25,2ad705aa-662e-4c5c-8652-5632aa3e3a73,AT-TI,Tyrol,AT,Austria,public_holiday,Public,Christmas Day,2025-12-25,2025-12-25,0,0,1,4,false,true,true
2025-12-25,7a034d2c-9044-44d6-956f-d9f6575480d0,AT-TI,Tyrol,AT,Austria,school_holiday,School,Christmas Holidays,2025-12-24,2026-01-06,1,12,14,4,false,false,false
2025-12-25,92b270e3-247f-4f82-b79d-b5ad77a67d95,DE-BY,Bavaria,DE,Germany,public_holiday,Public,Christmas Day,2025-12-25,2025-12-25,0,0,1,4,false,true,true
2025-12-25,fae75443-4eb3-4720-9ba2-3dcca3553820,DE-BY,Bavaria,DE,Germany,school_holiday,School,Christmas Holidays,2025-12-22,2026-01-05,3,11,15,4,false,false,false
2025-12-26,c3759a9f-3547-46d7-a816-cf105b579d5b,AT-SB,Salzburg,AT,Austria,public_holiday,Public,St Stephen's Day,2025-12-26,2025-12-26,0,0,1,5,false,true,true
2025-12-26,7a034d2c-9044-44d6-956f-d9f6575480d0,AT-SB,Salzburg,AT,Austria,school_holiday,School,Christmas Holidays,2025-12-24,2026-01-06,2,11,14,5,false,false,false
2025-12-26,c3759a9f-3547-46d7-a816-cf105b579d5b,AT-TI,Tyrol,AT,Austria,public_holiday,Public,St Stephen's Day,2025-12-26,2025-12-26,0,0,1,5,false,true,true
2025-12-26,7a034d2c-9044-44d6-956f-d9f6575480d0,AT-TI,Tyrol,AT,Austria,school_holiday,School,Christmas Holidays,2025-12-24,2026-01-06,2,11,14,5,false,false,false
2025-12-26,28bf580c-9787-4d67-ab3e-06a5e6597c1c,DE-BY,Bavaria,DE,Germany,public_holiday,Public,2nd Day of Christmas,2025-12-26,2025-12-26,0,0,1,5,false,true,true
2025-12-26,fae75443-4eb3-4720-9ba2-3dcca3553820,DE-BY,Bavaria,DE,Germany,school_holiday,School,Christmas Holidays,2025-12-22,2026-01-05,4,10,15,5,false,false,false
2025-12-27,7a034d2c-9044-44d6-956f-d9f6575480d0,AT-SB,Salzburg,AT,Austria,school_holiday,School,Christmas Holidays,2025-12-24,2026-01-06,3,10,14,6,true,false,false
2025-12-27,7a034d2c-9044-44d6-956f-d9f6575480d0,AT-TI,Tyrol,AT,Austria,school_holiday,School,Christmas Holidays,2025-12-24,2026-01-06,3,10,14,6,true,false,false
2025-12-27,fae75443-4eb3-4720-9ba2-3dcca3553820,DE-BY,Bavaria,DE,Germany,school_holiday,School,Christmas Holidays,2025-12-22,2026-01-05,5,9,15,6,true,false,false
2025-12-28,7a034d2c-9044-44d6-956f-d9f6575480d0,AT-SB,Salzburg,AT,Austria,school_holiday,School,Christmas Holidays,2025-12-24,2026-01-06,4,9,14,7,true,false,false
2025-12-28,7a034d2c-9044-44d6-956f-d9f6575480d0,AT-TI,Tyrol,AT,Austria,school_holiday,School,Christmas Holidays,2025-12-24,2026-01-06,4,9,14,7,true,false,false
2025-12-28,fae75443-4eb3-4720-9ba2-3dcca3553820,DE-BY,Bavaria,DE,Germany,school_holiday,School,Christmas Holidays,2025-12-22,2026-01-05,6,8,15,7,true,false,false
2025-12-29,7a034d2c-9044-44d6-956f-d9f6575480d0,AT-SB,Salzburg,AT,Austria,school_holiday,School,Christmas Holidays,2025-12-24,2026-01-06,5,8,14,1,false,false,false
2025-12-29,7a034d2c-9044-44d6-956f-d9f6575480d0,AT-TI,Tyrol,AT,Austria,school_holiday,School,Christmas Holidays,2025-12-24,2026-01-06,5,8,14,1,false,false,false
2025-12-29,fae75443-4eb3-4720-9ba2-3dcca3553820,DE-BY,Bavaria,DE,Germany,school_holiday,School,Christmas Holidays,2025-12-22,2026-01-05,7,7,15,1,false,false,false
2025-12-30,7a034d2c-9044-44d6-956f-d9f6575480d0,AT-SB,Salzburg,AT,Austria,school_holiday,School,Christmas Holidays,2025-12-24,2026-01-06,6,7,14,2,false,false,false
2025-12-30,7a034d2c-9044-44d6-956f-d9f6575480d0,AT-TI,Tyrol,AT,Austria,school_holiday,School,Christmas Holidays,2025-12-24,2026-01-06,6,7,14,2,false,false,false
2025-12-30,fae75443-4eb3-4720-9ba2-3dcca3553820,DE-BY,Bavaria,DE,Germany,school_holiday,School,Christmas Holidays,2025-12-22,2026-01-05,8,6,15,2,false,false,false
2025-12-31,7a034d2c-9044-44d6-956f-d9f6575480d0,AT-SB,Salzburg,AT,Austria,school_holiday,School,Christmas Holidays,2025-12-24,2026-01-06,7,6,14,3,false,false,false
2025-12-31,7a034d2c-9044-44d6-956f-d9f6575480d0,AT-TI,Tyrol,AT,Austria,school_holiday,School,Christmas Holidays,2025-12-24,2026-01-06,7,6,14,3,false,false,false
2025-12-31,fae75443-4eb3-4720-9ba2-3dcca3553820,DE-BY,Bavaria,DE,Germany,school_holiday,School,Christmas Holidays,2025-12-22,2026-01-05,9,5,15,3,false,false,false
2026-01-01,efbb30b0-dc2b-4811-be55-55f735ef327a,AT-SB,Salzburg,AT,Austria,public_holiday,Public,New Year's Day,2026-01-01,2026-01-01,0,0,1,4,false,true,true
2026-01-01,7a034d2c-9044-44d6-956f-d9f6575480d0,AT-SB,Salzburg,AT,Austria,school_holiday,School,Christmas Holidays,2025-12-24,2026-01-06,8,5,14,4,false,false,false
2026-01-01,efbb30b0-dc2b-4811-be55-55f735ef327a,AT-TI,Tyrol,AT,Austria,public_holiday,Public,New Year's Day,2026-01-01,2026-01-01,0,0,1,4,false,true,true
2026-01-01,7a034d2c-9044-44d6-956f-d9f6575480d0,AT-TI,Tyrol,AT,Austria,school_holiday,School,Christmas Holidays,2025-12-24,2026-01-06,8,5,14,4,false,false,false
2026-01-01,9ac6fd8b-aec4-41f0-916b-f03af58ecdab,DE-BY,Bavaria,DE,Germany,public_holiday,Public,New Year's Day,2026-01-01,2026-01-01,0,0,1,4,false,true,true
2026-01-01,fae75443-4eb3-4720-9ba2-3dcca3553820,DE-BY,Bavaria,DE,Germany,school_holiday,School,Christmas Holidays,2025-12-22,2026-01-05,10,4,15,4,false,false,false
2026-01-02,7a034d2c-9044-44d6-956f-d9f6575480d0,AT-SB,Salzburg,AT,Austria,school_holiday,School,Christmas Holidays,2025-12-24,2026-01-06,9,4,14,5,false,false,false
2026-01-02,7a034d2c-9044-44d6-956f-d9f6575480d0,AT-TI,Tyrol,AT,Austria,school_holiday,School,Christmas Holidays,2025-12-24,2026-01-06,9,4,14,5,false,false,false
2026-01-02,fae75443-4eb3-4720-9ba2-3dcca3553820,DE-BY,Bavaria,DE,Germany,school_holiday,School,Christmas Holidays,2025-12-22,2026-01-05,11,3,15,5,false,false,false
2026-01-03,7a034d2c-9044-44d6-956f-d9f6575480d0,AT-SB,Salzburg,AT,Austria,school_holiday,School,Christmas Holidays,2025-12-24,2026-01-06,10,3,14,6,true,false,false
2026-01-03,7a034d2c-9044-44d6-956f-d9f6575480d0,AT-TI,Tyrol,AT,Austria,school_holiday,School,Christmas Holidays,2025-12-24,2026-01-06,10,3,14,6,true,false,false
2026-01-03,fae75443-4eb3-4720-9ba2-3dcca3553820,DE-BY,Bavaria,DE,Germany,school_holiday,School,Christmas Holidays,2025-12-22,2026-01-05,12,2,15,6,true,false,false
2026-01-04,7a034d2c-9044-44d6-956f-d9f6575480d0,AT-SB,Salzburg,AT,Austria,school_holiday,School,Christmas Holidays,2025-12-24,2026-01-06,11,2,14,7,true,false,false
2026-01-04,7a034d2c-9044-44d6-956f-d9f6575480d0,AT-TI,Tyrol,AT,Austria,school_holiday,School,Christmas Holidays,2025-12-24,2026-01-06,11,2,14,7,true,false,false
2026-01-04,fae75443-4eb3-4720-9ba2-3dcca3553820,DE-BY,Bavaria,DE,Germany,school_holiday,School,Christmas Holidays,2025-12-22,2026-01-05,13,1,15,7,true,false,false
2026-01-05,7a034d2c-9044-44d6-956f-d9f6575480d0,AT-SB,Salzburg,AT,Austria,school_holiday,School,Christmas Holidays,2025-12-24,2026-01-06,12,1,14,1,false,false,false
2026-01-05,7a034d2c-9044-44d6-956f-d9f6575480d0,AT-TI,Tyrol,AT,Austria,school_holiday,School,Christmas Holidays,2025-12-24,2026-01-06,12,1,14,1,false,false,false
2026-01-05,fae75443-4eb3-4720-9ba2-3dcca3553820,DE-BY,Bavaria,DE,Germany,school_holiday,School,Christmas Holidays,2025-12-22,2026-01-05,14,0,15,1,false,false,true
2026-01-06,ff1fffac-8032-49a7-b832-4027b2355a81,AT-SB,Salzburg,AT,Austria,public_holiday,Public,Epiphany,2026-01-06,2026-01-06,0,0,1,2,false,true,true
2026-01-06,7a034d2c-9044-44d6-956f-d9f6575480d0,AT-SB,Salzburg,AT,Austria,school_holiday,School,Christmas Holidays,2025-12-24,2026-01-06,13,0,14,2,false,false,true
2026-01-06,ff1fffac-8032-49a7-b832-4027b2355a81,AT-TI,Tyrol,AT,Austria,public_holiday,Public,Epiphany,2026-01-06,2026-01-06,0,0,1,2,false,true,true
2026-01-06,7a034d2c-9044-44d6-956f-d9f6575480d0,AT-TI,Tyrol,AT,Austria,school_holiday,School,Christmas Holidays,2025-12-24,2026-01-06,13,0,14,2,false,false,true
2026-01-06,7f99caaa-1eb2-4564-a6e8-13844634c929,DE-BY,Bavaria,DE,Germany,public_holiday,Public,Epiphany,2026-01-06,2026-01-06,0,0,1,2,false,true,true
2026-02-09,ae990287-bde4-47be-9860-0f601e7adf45,AT-SB,Salzburg,AT,Austria,school_holiday,School,Semester Holidays,2026-02-09,2026-02-14,0,5,6,1,false,true,false
2026-02-09,ae990287-bde4-47be-9860-0f601e7adf45,AT-TI,Tyrol,AT,Austria,school_holiday,School,Semester Holidays,2026-02-09,2026-02-14,0,5,6,1,false,true,false
2026-02-10,ae990287-bde4-47be-9860-0f601e7adf45,AT-SB,Salzburg,AT,Austria,school_holiday,School,Semester Holidays,2026-02-09,2026-02-14,1,4,6,2,false,false,false
2026-02-10,ae990287-bde4-47be-9860-0f601e7adf45,AT-TI,Tyrol,AT,Austria,school_holiday,School,Semester Holidays,2026-02-09,2026-02-14,1,4,6,2,false,false,false
2026-02-11,ae990287-bde4-47be-9860-0f601e7adf45,AT-SB,Salzburg,AT,Austria,school_holiday,School,Semester Holidays,2026-02-09,2026-02-14,2,3,6,3,false,false,false
2026-02-11,ae990287-bde4-47be-9860-0f601e7adf45,AT-TI,Tyrol,AT,Austria,school_holiday,School,Semester Holidays,2026-02-09,2026-02-14,2,3,6,3,false,false,false
2026-02-12,ae990287-bde4-47be-9860-0f601e7adf45,AT-SB,Salzburg,AT,Austria,school_holiday,School,Semester Holidays,2026-02-09,2026-02-14,3,2,6,4,false,false,false
2026-02-12,ae990287-bde4-47be-9860-0f601e7adf45,AT-TI,Tyrol,AT,Austria,school_holiday,School,Semester Holidays,2026-02-09,2026-02-14,3,2,6,4,false,false,false
2026-02-13,ae990287-bde4-47be-9860-0f601e7adf45,AT-SB,Salzburg,AT,Austria,school_holiday,School,Semester Holidays,2026-02-09,2026-02-14,4,1,6,5,false,false,false
2026-02-13,ae990287-bde4-47be-9860-0f601e7adf45,AT-TI,Tyrol,AT,Austria,school_holiday,School,Semester Holidays,2026-02-09,2026-02-14,4,1,6,5,false,false,false
2026-02-14,ae990287-bde4-47be-9860-0f601e7adf45,AT-SB,Salzburg,AT,Austria,school_holiday,School,Semester Holidays,2026-02-09,2026-02-14,5,0,6,6,true,false,true
2026-02-14,ae990287-bde4-47be-9860-0f601e7adf45,AT-TI,Tyrol,AT,Austria,school_holiday,School,Semester Holidays,2026-02-09,2026-02-14,5,0,6,6,true,false,true
2026-02-16,0cde7e09-1d34-43b3-95df-69cc27471f62,DE-BY,Bavaria,DE,Germany,school_holiday,School,Spring Holidays,2026-02-16,2026-02-20,0,4,5,1,false,true,false
2026-02-17,0cde7e09-1d34-43b3-95df-69cc27471f62,DE-BY,Bavaria,DE,Germany,school_holiday,School,Spring Holidays,2026-02-16,2026-02-20,1,3,5,2,false,false,false
2026-02-18,0cde7e09-1d34-43b3-95df-69cc27471f62,DE-BY,Bavaria,DE,Germany,school_holiday,School,Spring Holidays,2026-02-16,2026-02-20,2,2,5,3,false,false,false
2026-02-19,0cde7e09-1d34-43b3-95df-69cc27471f62,DE-BY,Bavaria,DE,Germany,school_holiday,School,Spring Holidays,2026-02-16,2026-02-20,3,1,5,4,false,false,false
2026-02-20,0cde7e09-1d34-43b3-95df-69cc27471f62,DE-BY,Bavaria,DE,Germany,school_holiday,School,Spring Holidays,2026-02-16,2026-02-20,4,0,5,5,false,false,true
2026-03-19,794a3f9c-b596-48d1-8833-e4bb6361cee4,AT-TI,Tyrol,AT,Austria,school_holiday,School,Saint Joseph's Day,2026-03-19,2026-03-19,0,0,1,4,false,true,true
2026-03-28,fd7ada74-ef0e-4713-b8d3-3227d1372061,AT-SB,Salzburg,AT,Austria,school_holiday,School,Easter Holidays,2026-03-28,2026-04-06,0,9,10,6,true,true,false
2026-03-28,fd7ada74-ef0e-4713-b8d3-3227d1372061,AT-TI,Tyrol,AT,Austria,school_holiday,School,Easter Holidays,2026-03-28,2026-04-06,0,9,10,6,true,true,false
2026-03-29,fd7ada74-ef0e-4713-b8d3-3227d1372061,AT-SB,Salzburg,AT,Austria,school_holiday,School,Easter Holidays,2026-03-28,2026-04-06,1,8,10,7,true,false,false
2026-03-29,fd7ada74-ef0e-4713-b8d3-3227d1372061,AT-TI,Tyrol,AT,Austria,school_holiday,School,Easter Holidays,2026-03-28,2026-04-06,1,8,10,7,true,false,false
2026-03-30,fd7ada74-ef0e-4713-b8d3-3227d1372061,AT-SB,Salzburg,AT,Austria,school_holiday,School,Easter Holidays,2026-03-28,2026-04-06,2,7,10,1,false,false,false
2026-03-30,fd7ada74-ef0e-4713-b8d3-3227d1372061,AT-TI,Tyrol,AT,Austria,school_holiday,School,Easter Holidays,2026-03-28,2026-04-06,2,7,10,1,false,false,false
2026-03-30,4000e69a-d391-412c-b0df-72dc3b72f12d,DE-BY,Bavaria,DE,Germany,school_holiday,School,Easter Holidays,2026-03-30,2026-04-10,0,11,12,1,false,true,false
2026-03-31,fd7ada74-ef0e-4713-b8d3-3227d1372061,AT-SB,Salzburg,AT,Austria,school_holiday,School,Easter Holidays,2026-03-28,2026-04-06,3,6,10,2,false,false,false
2026-03-31,fd7ada74-ef0e-4713-b8d3-3227d1372061,AT-TI,Tyrol,AT,Austria,school_holiday,School,Easter Holidays,2026-03-28,2026-04-06,3,6,10,2,false,false,false
2026-03-31,4000e69a-d391-412c-b0df-72dc3b72f12d,DE-BY,Bavaria,DE,Germany,school_holiday,School,Easter Holidays,2026-03-30,2026-04-10,1,10,12,2,false,false,false
2026-04-01,fd7ada74-ef0e-4713-b8d3-3227d1372061,AT-SB,Salzburg,AT,Austria,school_holiday,School,Easter Holidays,2026-03-28,2026-04-06,4,5,10,3,false,false,false
2026-04-01,fd7ada74-ef0e-4713-b8d3-3227d1372061,AT-TI,Tyrol,AT,Austria,school_holiday,School,Easter Holidays,2026-03-28,2026-04-06,4,5,10,3,false,false,false
2026-04-01,4000e69a-d391-412c-b0df-72dc3b72f12d,DE-BY,Bavaria,DE,Germany,school_holiday,School,Easter Holidays,2026-03-30,2026-04-10,2,9,12,3,false,false,false
2026-04-02,fd7ada74-ef0e-4713-b8d3-3227d1372061,AT-SB,Salzburg,AT,Austria,school_holiday,School,Easter Holidays,2026-03-28,2026-04-06,5,4,10,4,false,false,false
2026-04-02,fd7ada74-ef0e-4713-b8d3-3227d1372061,AT-TI,Tyrol,AT,Austria,school_holiday,School,Easter Holidays,2026-03-28,2026-04-06,5,4,10,4,false,false,false
2026-04-02,4000e69a-d391-412c-b0df-72dc3b72f12d,DE-BY,Bavaria,DE,Germany,school_holiday,School,Easter Holidays,2026-03-30,2026-04-10,3,8,12,4,false,false,false
2026-04-03,fd7ada74-ef0e-4713-b8d3-3227d1372061,AT-SB,Salzburg,AT,Austria,school_holiday,School,Easter Holidays,2026-03-28,2026-04-06,6,3,10,5,false,false,false
2026-04-03,fd7ada74-ef0e-4713-b8d3-3227d1372061,AT-TI,Tyrol,AT,Austria,school_holiday,School,Easter Holidays,2026-03-28,2026-04-06,6,3,10,5,false,false,false
2026-04-03,f80fd9dc-41b4-4203-8fea-2cf36d365fbb,DE-BY,Bavaria,DE,Germany,public_holiday,Public,Good Friday,2026-04-03,2026-04-03,0,0,1,5,false,true,true
2026-04-03,4000e69a-d391-412c-b0df-72dc3b72f12d,DE-BY,Bavaria,DE,Germany,school_holiday,School,Easter Holidays,2026-03-30,2026-04-10,4,7,12,5,false,false,false
2026-04-04,fd7ada74-ef0e-4713-b8d3-3227d1372061,AT-SB,Salzburg,AT,Austria,school_holiday,School,Easter Holidays,2026-03-28,2026-04-06,7,2,10,6,true,false,false
2026-04-04,fd7ada74-ef0e-4713-b8d3-3227d1372061,AT-TI,Tyrol,AT,Austria,school_holiday,School,Easter Holidays,2026-03-28,2026-04-06,7,2,10,6,true,false,false
2026-04-04,4000e69a-d391-412c-b0df-72dc3b72f12d,DE-BY,Bavaria,DE,Germany,school_holiday,School,Easter Holidays,2026-03-30,2026-04-10,5,6,12,6,true,false,false
2026-04-05,fd7ada74-ef0e-4713-b8d3-3227d1372061,AT-SB,Salzburg,AT,Austria,school_holiday,School,Easter Holidays,2026-03-28,2026-04-06,8,1,10,7,true,false,false
2026-04-05,fd7ada74-ef0e-4713-b8d3-3227d1372061,AT-TI,Tyrol,AT,Austria,school_holiday,School,Easter Holidays,2026-03-28,2026-04-06,8,1,10,7,true,false,false
2026-04-05,4000e69a-d391-412c-b0df-72dc3b72f12d,DE-BY,Bavaria,DE,Germany,school_holiday,School,Easter Holidays,2026-03-30,2026-04-10,6,5,12,7,true,false,false
2026-04-06,7da0e458-e6cd-4ec1-841b-a4a3eab0156a,AT-SB,Salzburg,AT,Austria,public_holiday,Public,Easter Monday,2026-04-06,2026-04-06,0,0,1,1,false,true,true
2026-04-06,fd7ada74-ef0e-4713-b8d3-3227d1372061,AT-SB,Salzburg,AT,Austria,school_holiday,School,Easter Holidays,2026-03-28,2026-04-06,9,0,10,1,false,false,true
2026-04-06,7da0e458-e6cd-4ec1-841b-a4a3eab0156a,AT-TI,Tyrol,AT,Austria,public_holiday,Public,Easter Monday,2026-04-06,2026-04-06,0,0,1,1,false,true,true
2026-04-06,fd7ada74-ef0e-4713-b8d3-3227d1372061,AT-TI,Tyrol,AT,Austria,school_holiday,School,Easter Holidays,2026-03-28,2026-04-06,9,0,10,1,false,false,true
2026-04-06,8d8ad831-8d60-429f-ad46-7f842c9fe2d9,DE-BY,Bavaria,DE,Germany,public_holiday,Public,Easter Monday,2026-04-06,2026-04-06,0,0,1,1,false,true,true
2026-04-06,4000e69a-d391-412c-b0df-72dc3b72f12d,DE-BY,Bavaria,DE,Germany,school_holiday,School,Easter Holidays,2026-03-30,2026-04-10,7,4,12,1,false,false,false
2026-04-07,4000e69a-d391-412c-b0df-72dc3b72f12d,DE-BY,Bavaria,DE,Germany,school_holiday,School,Easter Holidays,2026-03-30,2026-04-10,8,3,12,2,false,false,false
2026-04-08,4000e69a-d391-412c-b0df-72dc3b72f12d,DE-BY,Bavaria,DE,Germany,school_holiday,School,Easter Holidays,2026-03-30,2026-04-10,9,2,12,3,false,false,false
2026-04-09,4000e69a-d391-412c-b0df-72dc3b72f12d,DE-BY,Bavaria,DE,Germany,school_holiday,School,Easter Holidays,2026-03-30,2026-04-10,10,1,12,4,false,false,false
2026-04-10,4000e69a-d391-412c-b0df-72dc3b72f12d,DE-BY,Bavaria,DE,Germany,school_holiday,School,Easter Holidays,2026-03-30,2026-04-10,11,0,12,5,false,false,true
2026-05-01,c46e6270-bac3-440d-a9e6-6084fdfec89e,AT-SB,Salzburg,AT,Austria,public_holiday,Public,Labour Day,2026-05-01,2026-05-01,0,0,1,5,false,true,true
2026-05-01,c46e6270-bac3-440d-a9e6-6084fdfec89e,AT-TI,Tyrol,AT,Austria,public_holiday,Public,Labour Day,2026-05-01,2026-05-01,0,0,1,5,false,true,true
2026-05-01,6f661249-94cb-4a54-a063-20dde86ebde6,DE-BY,Bavaria,DE,Germany,public_holiday,Public,Labour Day,2026-05-01,2026-05-01,0,0,1,5,false,true,true
2026-05-14,dde92072-c4dc-4f81-8ed2-080f008a80ec,AT-SB,Salzburg,AT,Austria,public_holiday,Public,Ascension Day,2026-05-14,2026-05-14,0,0,1,4,false,true,true
2026-05-14,dde92072-c4dc-4f81-8ed2-080f008a80ec,AT-TI,Tyrol,AT,Austria,public_holiday,Public,Ascension Day,2026-05-14,2026-05-14,0,0,1,4,false,true,true
2026-05-14,0905ed2a-46a7-4731-87e2-a8c53c42b0e2,DE-BY,Bavaria,DE,Germany,public_holiday,Public,Ascension Day,2026-05-14,2026-05-14,0,0,1,4,false,true,true
2026-05-23,65ce3d86-9eda-49d1-bef1-4c7816c1dc38,AT-SB,Salzburg,AT,Austria,school_holiday,School,Pentecost Holidays,2026-05-23,2026-05-25,0,2,3,6,true,true,false
2026-05-23,65ce3d86-9eda-49d1-bef1-4c7816c1dc38,AT-TI,Tyrol,AT,Austria,school_holiday,School,Pentecost Holidays,2026-05-23,2026-05-25,0,2,3,6,true,true,false
2026-05-24,65ce3d86-9eda-49d1-bef1-4c7816c1dc38,AT-SB,Salzburg,AT,Austria,school_holiday,School,Pentecost Holidays,2026-05-23,2026-05-25,1,1,3,7,true,false,false
2026-05-24,65ce3d86-9eda-49d1-bef1-4c7816c1dc38,AT-TI,Tyrol,AT,Austria,school_holiday,School,Pentecost Holidays,2026-05-23,2026-05-25,1,1,3,7,true,false,false
2026-05-25,64af6bc9-4b84-4dd5-9b34-71ffefd8fc1c,AT-SB,Salzburg,AT,Austria,public_holiday,Public,Pentecost Monday,2026-05-25,2026-05-25,0,0,1,1,false,true,true
2026-05-25,65ce3d86-9eda-49d1-bef1-4c7816c1dc38,AT-SB,Salzburg,AT,Austria,school_holiday,School,Pentecost Holidays,2026-05-23,2026-05-25,2,0,3,1,false,false,true
2026-05-25,64af6bc9-4b84-4dd5-9b34-71ffefd8fc1c,AT-TI,Tyrol,AT,Austria,public_holiday,Public,Pentecost Monday,2026-05-25,2026-05-25,0,0,1,1,false,true,true
2026-05-25,65ce3d86-9eda-49d1-bef1-4c7816c1dc38,AT-TI,Tyrol,AT,Austria,school_holiday,School,Pentecost Holidays,2026-05-23,2026-05-25,2,0,3,1,false,false,true
2026-05-25,ce6dcd62-b512-4075-be98-73ffc3dee4db,DE-BY,Bavaria,DE,Germany,public_holiday,Public,Pentecost Monday,2026-05-25,2026-05-25,0,0,1,1,false,true,true
2026-05-26,1e06a1e6-bf8a-414c-aa04-8da95b84fb02,DE-BY,Bavaria,DE,Germany,school_holiday,School,Pentecost Holidays,2026-05-26,2026-06-05,0,10,11,2,false,true,false
2026-05-27,1e06a1e6-bf8a-414c-aa04-8da95b84fb02,DE-BY,Bavaria,DE,Germany,school_holiday,School,Pentecost Holidays,2026-05-26,2026-06-05,1,9,11,3,false,false,false
2026-05-28,1e06a1e6-bf8a-414c-aa04-8da95b84fb02,DE-BY,Bavaria,DE,Germany,school_holiday,School,Pentecost Holidays,2026-05-26,2026-06-05,2,8,11,4,false,false,false
2026-05-29,1e06a1e6-bf8a-414c-aa04-8da95b84fb02,DE-BY,Bavaria,DE,Germany,school_holiday,School,Pentecost Holidays,2026-05-26,2026-06-05,3,7,11,5,false,false,false
2026-05-30,1e06a1e6-bf8a-414c-aa04-8da95b84fb02,DE-BY,Bavaria,DE,Germany,school_holiday,School,Pentecost Holidays,2026-05-26,2026-06-05,4,6,11,6,true,false,false
2026-05-31,1e06a1e6-bf8a-414c-aa04-8da95b84fb02,DE-BY,Bavaria,DE,Germany,school_holiday,School,Pentecost Holidays,2026-05-26,2026-06-05,5,5,11,7,true,false,false
2026-06-01,1e06a1e6-bf8a-414c-aa04-8da95b84fb02,DE-BY,Bavaria,DE,Germany,school_holiday,School,Pentecost Holidays,2026-05-26,2026-06-05,6,4,11,1,false,false,false
2026-06-02,1e06a1e6-bf8a-414c-aa04-8da95b84fb02,DE-BY,Bavaria,DE,Germany,school_holiday,School,Pentecost Holidays,2026-05-26,2026-06-05,7,3,11,2,false,false,false
2026-06-03,1e06a1e6-bf8a-414c-aa04-8da95b84fb02,DE-BY,Bavaria,DE,Germany,school_holiday,School,Pentecost Holidays,2026-05-26,2026-06-05,8,2,11,3,false,false,false
2026-06-04,8cf41544-6f99-4aa3-8cda-46f7482d787f,AT-SB,Salzburg,AT,Austria,public_holiday,Public,Corpus Christi,2026-06-04,2026-06-04,0,0,1,4,false,true,true
2026-06-04,8cf41544-6f99-4aa3-8cda-46f7482d787f,AT-TI,Tyrol,AT,Austria,public_holiday,Public,Corpus Christi,2026-06-04,2026-06-04,0,0,1,4,false,true,true
2026-06-04,4030dfd3-7e29-4334-b637-42a9097be309,DE-BY,Bavaria,DE,Germany,public_holiday,Public,Corpus Christi,2026-06-04,2026-06-04,0,0,1,4,false,true,true
2026-06-04,1e06a1e6-bf8a-414c-aa04-8da95b84fb02,DE-BY,Bavaria,DE,Germany,school_holiday,School,Pentecost Holidays,2026-05-26,2026-06-05,9,1,11,4,false,false,false
2026-06-05,1e06a1e6-bf8a-414c-aa04-8da95b84fb02,DE-BY,Bavaria,DE,Germany,school_holiday,School,Pentecost Holidays,2026-05-26,2026-06-05,10,0,11,5,false,false,true
2026-07-11,4414a62a-ea15-44ab-8105-1bb0db49187d,AT-SB,Salzburg,AT,Austria,school_holiday,School,Summer Holidays,2026-07-11,2026-09-13,0,64,65,6,true,true,false
2026-07-11,4414a62a-ea15-44ab-8105-1bb0db49187d,AT-TI,Tyrol,AT,Austria,school_holiday,School,Summer Holidays,2026-07-11,2026-09-13,0,64,65,6,true,true,false
2026-07-12,4414a62a-ea15-44ab-8105-1bb0db49187d,AT-SB,Salzburg,AT,Austria,school_holiday,School,Summer Holidays,2026-07-11,2026-09-13,1,63,65,7,true,false,false
2026-07-12,4414a62a-ea15-44ab-8105-1bb0db49187d,AT-TI,Tyrol,AT,Austria,school_holiday,School,Summer Holidays,2026-07-11,2026-09-13,1,63,65,7,true,false,false
2026-07-13,4414a62a-ea15-44ab-8105-1bb0db49187d,AT-SB,Salzburg,AT,Austria,school_holiday,School,Summer Holidays,2026-07-11,2026-09-13,2,62,65,1,false,false,false
2026-07-13,4414a62a-ea15-44ab-8105-1bb0db49187d,AT-TI,Tyrol,AT,Austria,school_holiday,School,Summer Holidays,2026-07-11,2026-09-13,2,62,65,1,false,false,false
2026-07-14,4414a62a-ea15-44ab-8105-1bb0db49187d,AT-SB,Salzburg,AT,Austria,school_holiday,School,Summer Holidays,2026-07-11,2026-09-13,3,61,65,2,false,false,false
2026-07-14,4414a62a-ea15-44ab-8105-1bb0db49187d,AT-TI,Tyrol,AT,Austria,school_holiday,School,Summer Holidays,2026-07-11,2026-09-13,3,61,65,2,false,false,false
2026-07-15,4414a62a-ea15-44ab-8105-1bb0db49187d,AT-SB,Salzburg,AT,Austria,school_holiday,School,Summer Holidays,2026-07-11,2026-09-13,4,60,65,3,false,false,false
2026-07-15,4414a62a-ea15-44ab-8105-1bb0db49187d,AT-TI,Tyrol,AT,Austria,school_holiday,School,Summer Holidays,2026-07-11,2026-09-13,4,60,65,3,false,false,false
2026-07-16,4414a62a-ea15-44ab-8105-1bb0db49187d,AT-SB,Salzburg,AT,Austria,school_holiday,School,Summer Holidays,2026-07-11,2026-09-13,5,59,65,4,false,false,false
2026-07-16,4414a62a-ea15-44ab-8105-1bb0db49187d,AT-TI,Tyrol,AT,Austria,school_holiday,School,Summer Holidays,2026-07-11,2026-09-13,5,59,65,4,false,false,false
2026-07-17,4414a62a-ea15-44ab-8105-1bb0db49187d,AT-SB,Salzburg,AT,Austria,school_holiday,School,Summer Holidays,2026-07-11,2026-09-13,6,58,65,5,false,false,false
2026-07-17,4414a62a-ea15-44ab-8105-1bb0db49187d,AT-TI,Tyrol,AT,Austria,school_holiday,School,Summer Holidays,2026-07-11,2026-09-13,6,58,65,5,false,false,false
2026-07-18,4414a62a-ea15-44ab-8105-1bb0db49187d,AT-SB,Salzburg,AT,Austria,school_holiday,School,Summer Holidays,2026-07-11,2026-09-13,7,57,65,6,true,false,false
2026-07-18,4414a62a-ea15-44ab-8105-1bb0db49187d,AT-TI,Tyrol,AT,Austria,school_holiday,School,Summer Holidays,2026-07-11,2026-09-13,7,57,65,6,true,false,false
2026-07-19,4414a62a-ea15-44ab-8105-1bb0db49187d,AT-SB,Salzburg,AT,Austria,school_holiday,School,Summer Holidays,2026-07-11,2026-09-13,8,56,65,7,true,false,false
2026-07-19,4414a62a-ea15-44ab-8105-1bb0db49187d,AT-TI,Tyrol,AT,Austria,school_holiday,School,Summer Holidays,2026-07-11,2026-09-13,8,56,65,7,true,false,false
2026-07-20,4414a62a-ea15-44ab-8105-1bb0db49187d,AT-SB,Salzburg,AT,Austria,school_holiday,School,Summer Holidays,2026-07-11,2026-09-13,9,55,65,1,false,false,false
2026-07-20,4414a62a-ea15-44ab-8105-1bb0db49187d,AT-TI,Tyrol,AT,Austria,school_holiday,School,Summer Holidays,2026-07-11,2026-09-13,9,55,65,1,false,false,false
2026-07-21,4414a62a-ea15-44ab-8105-1bb0db49187d,AT-SB,Salzburg,AT,Austria,school_holiday,School,Summer Holidays,2026-07-11,2026-09-13,10,54,65,2,false,false,false
2026-07-21,4414a62a-ea15-44ab-8105-1bb0db49187d,AT-TI,Tyrol,AT,Austria,school_holiday,School,Summer Holidays,2026-07-11,2026-09-13,10,54,65,2,false,false,false
2026-07-22,4414a62a-ea15-44ab-8105-1bb0db49187d,AT-SB,Salzburg,AT,Austria,school_holiday,School,Summer Holidays,2026-07-11,2026-09-13,11,53,65,3,false,false,false
2026-07-22,4414a62a-ea15-44ab-8105-1bb0db49187d,AT-TI,Tyrol,AT,Austria,school_holiday,School,Summer Holidays,2026-07-11,2026-09-13,11,53,65,3,false,false,false
2026-07-23,4414a62a-ea15-44ab-8105-1bb0db49187d,AT-SB,Salzburg,AT,Austria,school_holiday,School,Summer Holidays,2026-07-11,2026-09-13,12,52,65,4,false,false,false
2026-07-23,4414a62a-ea15-44ab-8105-1bb0db49187d,AT-TI,Tyrol,AT,Austria,school_holiday,School,Summer Holidays,2026-07-11,2026-09-13,12,52,65,4,false,false,false
2026-07-24,4414a62a-ea15-44ab-8105-1bb0db49187d,AT-SB,Salzburg,AT,Austria,school_holiday,School,Summer Holidays,2026-07-11,2026-09-13,13,51,65,5,false,false,false
2026-07-24,4414a62a-ea15-44ab-8105-1bb0db49187d,AT-TI,Tyrol,AT,Austria,school_holiday,School,Summer Holidays,2026-07-11,2026-09-13,13,51,65,5,false,false,false
2026-07-25,4414a62a-ea15-44ab-8105-1bb0db49187d,AT-SB,Salzburg,AT,Austria,school_holiday,School,Summer Holidays,2026-07-11,2026-09-13,14,50,65,6,true,false,false
2026-07-25,4414a62a-ea15-44ab-8105-1bb0db49187d,AT-TI,Tyrol,AT,Austria,school_holiday,School,Summer Holidays,2026-07-11,2026-09-13,14,50,65,6,true,false,false
2026-07-26,4414a62a-ea15-44ab-8105-1bb0db49187d,AT-SB,Salzburg,AT,Austria,school_holiday,School,Summer Holidays,2026-07-11,2026-09-13,15,49,65,7,true,false,false
2026-07-26,4414a62a-ea15-44ab-8105-1bb0db49187d,AT-TI,Tyrol,AT,Austria,school_holiday,School,Summer Holidays,2026-07-11,2026-09-13,15,49,65,7,true,false,false
2026-07-27,4414a62a-ea15-44ab-8105-1bb0db49187d,AT-SB,Salzburg,AT,Austria,school_holiday,School,Summer Holidays,2026-07-11,2026-09-13,16,48,65,1,false,false,false
2026-07-27,4414a62a-ea15-44ab-8105-1bb0db49187d,AT-TI,Tyrol,AT,Austria,school_holiday,School,Summer Holidays,2026-07-11,2026-09-13,16,48,65,1,false,false,false
2026-07-28,4414a62a-ea15-44ab-8105-1bb0db49187d,AT-SB,Salzburg,AT,Austria,school_holiday,School,Summer Holidays,2026-07-11,2026-09-13,17,47,65,2,false,false,false
2026-07-28,4414a62a-ea15-44ab-8105-1bb0db49187d,AT-TI,Tyrol,AT,Austria,school_holiday,School,Summer Holidays,2026-07-11,2026-09-13,17,47,65,2,false,false,false
2026-07-29,4414a62a-ea15-44ab-8105-1bb0db49187d,AT-SB,Salzburg,AT,Austria,school_holiday,School,Summer Holidays,2026-07-11,2026-09-13,18,46,65,3,false,false,false
2026-07-29,4414a62a-ea15-44ab-8105-1bb0db49187d,AT-TI,Tyrol,AT,Austria,school_holiday,School,Summer Holidays,2026-07-11,2026-09-13,18,46,65,3,false,false,false
2026-07-30,4414a62a-ea15-44ab-8105-1bb0db49187d,AT-SB,Salzburg,AT,Austria,school_holiday,School,Summer Holidays,2026-07-11,2026-09-13,19,45,65,4,false,false,false
2026-07-30,4414a62a-ea15-44ab-8105-1bb0db49187d,AT-TI,Tyrol,AT,Austria,school_holiday,School,Summer Holidays,2026-07-11,2026-09-13,19,45,65,4,false,false,false
2026-07-31,4414a62a-ea15-44ab-8105-1bb0db49187d,AT-SB,Salzburg,AT,Austria,school_holiday,School,Summer Holidays,2026-07-11,2026-09-13,20,44,65,5,false,false,false
2026-07-31,4414a62a-ea15-44ab-8105-1bb0db49187d,AT-TI,Tyrol,AT,Austria,school_holiday,School,Summer Holidays,2026-07-11,2026-09-13,20,44,65,5,false,false,false
2026-08-01,4414a62a-ea15-44ab-8105-1bb0db49187d,AT-SB,Salzburg,AT,Austria,school_holiday,School,Summer Holidays,2026-07-11,2026-09-13,21,43,65,6,true,false,false
2026-08-01,4414a62a-ea15-44ab-8105-1bb0db49187d,AT-TI,Tyrol,AT,Austria,school_holiday,School,Summer Holidays,2026-07-11,2026-09-13,21,43,65,6,true,false,false
2026-08-02,4414a62a-ea15-44ab-8105-1bb0db49187d,AT-SB,Salzburg,AT,Austria,school_holiday,School,Summer Holidays,2026-07-11,2026-09-13,22,42,65,7,true,false,false
2026-08-02,4414a62a-ea15-44ab-8105-1bb0db49187d,AT-TI,Tyrol,AT,Austria,school_holiday,School,Summer Holidays,2026-07-11,2026-09-13,22,42,65,7,true,false,false
2026-08-03,4414a62a-ea15-44ab-8105-1bb0db49187d,AT-SB,Salzburg,AT,Austria,school_holiday,School,Summer Holidays,2026-07-11,2026-09-13,23,41,65,1,false,false,false
2026-08-03,4414a62a-ea15-44ab-8105-1bb0db49187d,AT-TI,Tyrol,AT,Austria,school_holiday,School,Summer Holidays,2026-07-11,2026-09-13,23,41,65,1,false,false,false
2026-08-03,7451c518-92c2-4d26-9381-6d5745865a54,DE-BY,Bavaria,DE,Germany,school_holiday,School,Summer Holidays,2026-08-03,2026-09-14,0,42,43,1,false,true,false
2026-08-04,4414a62a-ea15-44ab-8105-1bb0db49187d,AT-SB,Salzburg,AT,Austria,school_holiday,School,Summer Holidays,2026-07-11,2026-09-13,24,40,65,2,false,false,false
2026-08-04,4414a62a-ea15-44ab-8105-1bb0db49187d,AT-TI,Tyrol,AT,Austria,school_holiday,School,Summer Holidays,2026-07-11,2026-09-13,24,40,65,2,false,false,false
2026-08-04,7451c518-92c2-4d26-9381-6d5745865a54,DE-BY,Bavaria,DE,Germany,school_holiday,School,Summer Holidays,2026-08-03,2026-09-14,1,41,43,2,false,false,false
2026-08-05,4414a62a-ea15-44ab-8105-1bb0db49187d,AT-SB,Salzburg,AT,Austria,school_holiday,School,Summer Holidays,2026-07-11,2026-09-13,25,39,65,3,false,false,false
2026-08-05,4414a62a-ea15-44ab-8105-1bb0db49187d,AT-TI,Tyrol,AT,Austria,school_holiday,School,Summer Holidays,2026-07-11,2026-09-13,25,39,65,3,false,false,false
2026-08-05,7451c518-92c2-4d26-9381-6d5745865a54,DE-BY,Bavaria,DE,Germany,school_holiday,School,Summer Holidays,2026-08-03,2026-09-14,2,40,43,3,false,false,false
2026-08-06,4414a62a-ea15-44ab-8105-1bb0db49187d,AT-SB,Salzburg,AT,Austria,school_holiday,School,Summer Holidays,2026-07-11,2026-09-13,26,38,65,4,false,false,false
2026-08-06,4414a62a-ea15-44ab-8105-1bb0db49187d,AT-TI,Tyrol,AT,Austria,school_holiday,School,Summer Holidays,2026-07-11,2026-09-13,26,38,65,4,false,false,false
2026-08-06,7451c518-92c2-4d26-9381-6d5745865a54,DE-BY,Bavaria,DE,Germany,school_holiday,School,Summer Holidays,2026-08-03,2026-09-14,3,39,43,4,false,false,false
2026-08-07,4414a62a-ea15-44ab-8105-1bb0db49187d,AT-SB,Salzburg,AT,Austria,school_holiday,School,Summer Holidays,2026-07-11,2026-09-13,27,37,65,5,false,false,false
2026-08-07,4414a62a-ea15-44ab-8105-1bb0db49187d,AT-TI,Tyrol,AT,Austria,school_holiday,School,Summer Holidays,2026-07-11,2026-09-13,27,37,65,5,false,false,false
2026-08-07,7451c518-92c2-4d26-9381-6d5745865a54,DE-BY,Bavaria,DE,Germany,school_holiday,School,Summer Holidays,2026-08-03,2026-09-14,4,38,43,5,false,false,false
2026-08-08,4414a62a-ea15-44ab-8105-1bb0db49187d,AT-SB,Salzburg,AT,Austria,school_holiday,School,Summer Holidays,2026-07-11,2026-09-13,28,36,65,6,true,false,false
2026-08-08,4414a62a-ea15-44ab-8105-1bb0db49187d,AT-TI,Tyrol,AT,Austria,school_holiday,School,Summer Holidays,2026-07-11,2026-09-13,28,36,65,6,true,false,false
2026-08-08,7451c518-92c2-4d26-9381-6d5745865a54,DE-BY,Bavaria,DE,Germany,school_holiday,School,Summer Holidays,2026-08-03,2026-09-14,5,37,43,6,true,false,false
2026-08-09,4414a62a-ea15-44ab-8105-1bb0db49187d,AT-SB,Salzburg,AT,Austria,school_holiday,School,Summer Holidays,2026-07-11,2026-09-13,29,35,65,7,true,false,false
2026-08-09,4414a62a-ea15-44ab-8105-1bb0db49187d,AT-TI,Tyrol,AT,Austria,school_holiday,School,Summer Holidays,2026-07-11,2026-09-13,29,35,65,7,true,false,false
2026-08-09,7451c518-92c2-4d26-9381-6d5745865a54,DE-BY,Bavaria,DE,Germany,school_holiday,School,Summer Holidays,2026-08-03,2026-09-14,6,36,43,7,true,false,false
2026-08-10,4414a62a-ea15-44ab-8105-1bb0db49187d,AT-SB,Salzburg,AT,Austria,school_holiday,School,Summer Holidays,2026-07-11,2026-09-13,30,34,65,1,false,false,false
2026-08-10,4414a62a-ea15-44ab-8105-1bb0db49187d,AT-TI,Tyrol,AT,Austria,school_holiday,School,Summer Holidays,2026-07-11,2026-09-13,30,34,65,1,false,false,false
2026-08-10,7451c518-92c2-4d26-9381-6d5745865a54,DE-BY,Bavaria,DE,Germany,school_holiday,School,Summer Holidays,2026-08-03,2026-09-14,7,35,43,1,false,false,false
2026-08-11,4414a62a-ea15-44ab-8105-1bb0db49187d,AT-SB,Salzburg,AT,Austria,school_holiday,School,Summer Holidays,2026-07-11,2026-09-13,31,33,65,2,false,false,false
2026-08-11,4414a62a-ea15-44ab-8105-1bb0db49187d,AT-TI,Tyrol,AT,Austria,school_holiday,School,Summer Holidays,2026-07-11,2026-09-13,31,33,65,2,false,false,false
2026-08-11,7451c518-92c2-4d26-9381-6d5745865a54,DE-BY,Bavaria,DE,Germany,school_holiday,School,Summer Holidays,2026-08-03,2026-09-14,8,34,43,2,false,false,false
2026-08-12,4414a62a-ea15-44ab-8105-1bb0db49187d,AT-SB,Salzburg,AT,Austria,school_holiday,School,Summer Holidays,2026-07-11,2026-09-13,32,32,65,3,false,false,false
2026-08-12,4414a62a-ea15-44ab-8105-1bb0db49187d,AT-TI,Tyrol,AT,Austria,school_holiday,School,Summer Holidays,2026-07-11,2026-09-13,32,32,65,3,false,false,false
2026-08-12,7451c518-92c2-4d26-9381-6d5745865a54,DE-BY,Bavaria,DE,Germany,school_holiday,School,Summer Holidays,2026-08-03,2026-09-14,9,33,43,3,false,false,false
2026-08-13,4414a62a-ea15-44ab-8105-1bb0db49187d,AT-SB,Salzburg,AT,Austria,school_holiday,School,Summer Holidays,2026-07-11,2026-09-13,33,31,65,4,false,false,false
2026-08-13,4414a62a-ea15-44ab-8105-1bb0db49187d,AT-TI,Tyrol,AT,Austria,school_holiday,School,Summer Holidays,2026-07-11,2026-09-13,33,31,65,4,false,false,false
2026-08-13,7451c518-92c2-4d26-9381-6d5745865a54,DE-BY,Bavaria,DE,Germany,school_holiday,School,Summer Holidays,2026-08-03,2026-09-14,10,32,43,4,false,false,false
2026-08-14,4414a62a-ea15-44ab-8105-1bb0db49187d,AT-SB,Salzburg,AT,Austria,school_holiday,School,Summer Holidays,2026-07-11,2026-09-13,34,30,65,5,false,false,false
2026-08-14,4414a62a-ea15-44ab-8105-1bb0db49187d,AT-TI,Tyrol,AT,Austria,school_holiday,School,Summer Holidays,2026-07-11,2026-09-13,34,30,65,5,false,false,false
2026-08-14,7451c518-92c2-4d26-9381-6d5745865a54,DE-BY,Bavaria,DE,Germany,school_holiday,School,Summer Holidays,2026-08-03,2026-09-14,11,31,43,5,false,false,false
2026-08-15,56d36bde-6797-44b6-8ae5-bc88976a777d,AT-SB,Salzburg,AT,Austria,public_holiday,Public,Assumption Day,2026-08-15,2026-08-15,0,0,1,6,true,true,true
2026-08-15,4414a62a-ea15-44ab-8105-1bb0db49187d,AT-SB,Salzburg,AT,Austria,school_holiday,School,Summer Holidays,2026-07-11,2026-09-13,35,29,65,6,true,false,false
2026-08-15,56d36bde-6797-44b6-8ae5-bc88976a777d,AT-TI,Tyrol,AT,Austria,public_holiday,Public,Assumption Day,2026-08-15,2026-08-15,0,0,1,6,true,true,true
2026-08-15,4414a62a-ea15-44ab-8105-1bb0db49187d,AT-TI,Tyrol,AT,Austria,school_holiday,School,Summer Holidays,2026-07-11,2026-09-13,35,29,65,6,true,false,false
2026-08-15,31eed1b5-9a4f-4e22-8e6d-2687d42dfed7,DE-BY,Bavaria,DE,Germany,public_holiday,Public,Assumption Day,2026-08-15,2026-08-15,0,0,1,6,true,true,true
2026-08-15,7451c518-92c2-4d26-9381-6d5745865a54,DE-BY,Bavaria,DE,Germany,school_holiday,School,Summer Holidays,2026-08-03,2026-09-14,12,30,43,6,true,false,false
2026-08-16,4414a62a-ea15-44ab-8105-1bb0db49187d,AT-SB,Salzburg,AT,Austria,school_holiday,School,Summer Holidays,2026-07-11,2026-09-13,36,28,65,7,true,false,false
2026-08-16,4414a62a-ea15-44ab-8105-1bb0db49187d,AT-TI,Tyrol,AT,Austria,school_holiday,School,Summer Holidays,2026-07-11,2026-09-13,36,28,65,7,true,false,false
2026-08-16,7451c518-92c2-4d26-9381-6d5745865a54,DE-BY,Bavaria,DE,Germany,school_holiday,School,Summer Holidays,2026-08-03,2026-09-14,13,29,43,7,true,false,false
2026-08-17,4414a62a-ea15-44ab-8105-1bb0db49187d,AT-SB,Salzburg,AT,Austria,school_holiday,School,Summer Holidays,2026-07-11,2026-09-13,37,27,65,1,false,false,false
2026-08-17,4414a62a-ea15-44ab-8105-1bb0db49187d,AT-TI,Tyrol,AT,Austria,school_holiday,School,Summer Holidays,2026-07-11,2026-09-13,37,27,65,1,false,false,false
2026-08-17,7451c518-92c2-4d26-9381-6d5745865a54,DE-BY,Bavaria,DE,Germany,school_holiday,School,Summer Holidays,2026-08-03,2026-09-14,14,28,43,1,false,false,false
2026-08-18,4414a62a-ea15-44ab-8105-1bb0db49187d,AT-SB,Salzburg,AT,Austria,school_holiday,School,Summer Holidays,2026-07-11,2026-09-13,38,26,65,2,false,false,false
2026-08-18,4414a62a-ea15-44ab-8105-1bb0db49187d,AT-TI,Tyrol,AT,Austria,school_holiday,School,Summer Holidays,2026-07-11,2026-09-13,38,26,65,2,false,false,false
2026-08-18,7451c518-92c2-4d26-9381-6d5745865a54,DE-BY,Bavaria,DE,Germany,school_holiday,School,Summer Holidays,2026-08-03,2026-09-14,15,27,43,2,false,false,false
2026-08-19,4414a62a-ea15-44ab-8105-1bb0db49187d,AT-SB,Salzburg,AT,Austria,school_holiday,School,Summer Holidays,2026-07-11,2026-09-13,39,25,65,3,false,false,false
2026-08-19,4414a62a-ea15-44ab-8105-1bb0db49187d,AT-TI,Tyrol,AT,Austria,school_holiday,School,Summer Holidays,2026-07-11,2026-09-13,39,25,65,3,false,false,false
2026-08-19,7451c518-92c2-4d26-9381-6d5745865a54,DE-BY,Bavaria,DE,Germany,school_holiday,School,Summer Holidays,2026-08-03,2026-09-14,16,26,43,3,false,false,false
2026-08-20,4414a62a-ea15-44ab-8105-1bb0db49187d,AT-SB,Salzburg,AT,Austria,school_holiday,School,Summer Holidays,2026-07-11,2026-09-13,40,24,65,4,false,false,false
2026-08-20,4414a62a-ea15-44ab-8105-1bb0db49187d,AT-TI,Tyrol,AT,Austria,school_holiday,School,Summer Holidays,2026-07-11,2026-09-13,40,24,65,4,false,false,false
2026-08-20,7451c518-92c2-4d26-9381-6d5745865a54,DE-BY,Bavaria,DE,Germany,school_holiday,School,Summer Holidays,2026-08-03,2026-09-14,17,25,43,4,false,false,false
2026-08-21,4414a62a-ea15-44ab-8105-1bb0db49187d,AT-SB,Salzburg,AT,Austria,school_holiday,School,Summer Holidays,2026-07-11,2026-09-13,41,23,65,5,false,false,false
2026-08-21,4414a62a-ea15-44ab-8105-1bb0db49187d,AT-TI,Tyrol,AT,Austria,school_holiday,School,Summer Holidays,2026-07-11,2026-09-13,41,23,65,5,false,false,false
2026-08-21,7451c518-92c2-4d26-9381-6d5745865a54,DE-BY,Bavaria,DE,Germany,school_holiday,School,Summer Holidays,2026-08-03,2026-09-14,18,24,43,5,false,false,false
2026-08-22,4414a62a-ea15-44ab-8105-1bb0db49187d,AT-SB,Salzburg,AT,Austria,school_holiday,School,Summer Holidays,2026-07-11,2026-09-13,42,22,65,6,true,false,false
2026-08-22,4414a62a-ea15-44ab-8105-1bb0db49187d,AT-TI,Tyrol,AT,Austria,school_holiday,School,Summer Holidays,2026-07-11,2026-09-13,42,22,65,6,true,false,false
2026-08-22,7451c518-92c2-4d26-9381-6d5745865a54,DE-BY,Bavaria,DE,Germany,school_holiday,School,Summer Holidays,2026-08-03,2026-09-14,19,23,43,6,true,false,false
2026-08-23,4414a62a-ea15-44ab-8105-1bb0db49187d,AT-SB,Salzburg,AT,Austria,school_holiday,School,Summer Holidays,2026-07-11,2026-09-13,43,21,65,7,true,false,false
2026-08-23,4414a62a-ea15-44ab-8105-1bb0db49187d,AT-TI,Tyrol,AT,Austria,school_holiday,School,Summer Holidays,2026-07-11,2026-09-13,43,21,65,7,true,false,false
2026-08-23,7451c518-92c2-4d26-9381-6d5745865a54,DE-BY,Bavaria,DE,Germany,school_holiday,School,Summer Holidays,2026-08-03,2026-09-14,20,22,43,7,true,false,false
2026-08-24,4414a62a-ea15-44ab-8105-1bb0db49187d,AT-SB,Salzburg,AT,Austria,school_holiday,School,Summer Holidays,2026-07-11,2026-09-13,44,20,65,1,false,false,false
2026-08-24,4414a62a-ea15-44ab-8105-1bb0db49187d,AT-TI,Tyrol,AT,Austria,school_holiday,School,Summer Holidays,2026-07-11,2026-09-13,44,20,65,1,false,false,false
2026-08-24,7451c518-92c2-4d26-9381-6d5745865a54,DE-BY,Bavaria,DE,Germany,school_holiday,School,Summer Holidays,2026-08-03,2026-09-14,21,21,43,1,false,false,false
2026-08-25,4414a62a-ea15-44ab-8105-1bb0db49187d,AT-SB,Salzburg,AT,Austria,school_holiday,School,Summer Holidays,2026-07-11,2026-09-13,45,19,65,2,false,false,false
2026-08-25,4414a62a-ea15-44ab-8105-1bb0db49187d,AT-TI,Tyrol,AT,Austria,school_holiday,School,Summer Holidays,2026-07-11,2026-09-13,45,19,65,2,false,false,false
2026-08-25,7451c518-92c2-4d26-9381-6d5745865a54,DE-BY,Bavaria,DE,Germany,school_holiday,School,Summer Holidays,2026-08-03,2026-09-14,22,20,43,2,false,false,false
2026-08-26,4414a62a-ea15-44ab-8105-1bb0db49187d,AT-SB,Salzburg,AT,Austria,school_holiday,School,Summer Holidays,2026-07-11,2026-09-13,46,18,65,3,false,false,false
2026-08-26,4414a62a-ea15-44ab-8105-1bb0db49187d,AT-TI,Tyrol,AT,Austria,school_holiday,School,Summer Holidays,2026-07-11,2026-09-13,46,18,65,3,false,false,false
2026-08-26,7451c518-92c2-4d26-9381-6d5745865a54,DE-BY,Bavaria,DE,Germany,school_holiday,School,Summer Holidays,2026-08-03,2026-09-14,23,19,43,3,false,false,false
2026-08-27,4414a62a-ea15-44ab-8105-1bb0db49187d,AT-SB,Salzburg,AT,Austria,school_holiday,School,Summer Holidays,2026-07-11,2026-09-13,47,17,65,4,false,false,false
2026-08-27,4414a62a-ea15-44ab-8105-1bb0db49187d,AT-TI,Tyrol,AT,Austria,school_holiday,School,Summer Holidays,2026-07-11,2026-09-13,47,17,65,4,false,false,false
2026-08-27,7451c518-92c2-4d26-9381-6d5745865a54,DE-BY,Bavaria,DE,Germany,school_holiday,School,Summer Holidays,2026-08-03,2026-09-14,24,18,43,4,false,false,false
2026-08-28,4414a62a-ea15-44ab-8105-1bb0db49187d,AT-SB,Salzburg,AT,Austria,school_holiday,School,Summer Holidays,2026-07-11,2026-09-13,48,16,65,5,false,false,false
2026-08-28,4414a62a-ea15-44ab-8105-1bb0db49187d,AT-TI,Tyrol,AT,Austria,school_holiday,School,Summer Holidays,2026-07-11,2026-09-13,48,16,65,5,false,false,false
2026-08-28,7451c518-92c2-4d26-9381-6d5745865a54,DE-BY,Bavaria,DE,Germany,school_holiday,School,Summer Holidays,2026-08-03,2026-09-14,25,17,43,5,false,false,false
2026-08-29,4414a62a-ea15-44ab-8105-1bb0db49187d,AT-SB,Salzburg,AT,Austria,school_holiday,School,Summer Holidays,2026-07-11,2026-09-13,49,15,65,6,true,false,false
2026-08-29,4414a62a-ea15-44ab-8105-1bb0db49187d,AT-TI,Tyrol,AT,Austria,school_holiday,School,Summer Holidays,2026-07-11,2026-09-13,49,15,65,6,true,false,false
2026-08-29,7451c518-92c2-4d26-9381-6d5745865a54,DE-BY,Bavaria,DE,Germany,school_holiday,School,Summer Holidays,2026-08-03,2026-09-14,26,16,43,6,true,false,false
2026-08-30,4414a62a-ea15-44ab-8105-1bb0db49187d,AT-SB,Salzburg,AT,Austria,school_holiday,School,Summer Holidays,2026-07-11,2026-09-13,50,14,65,7,true,false,false
2026-08-30,4414a62a-ea15-44ab-8105-1bb0db49187d,AT-TI,Tyrol,AT,Austria,school_holiday,School,Summer Holidays,2026-07-11,2026-09-13,50,14,65,7,true,false,false
2026-08-30,7451c518-92c2-4d26-9381-6d5745865a54,DE-BY,Bavaria,DE,Germany,school_holiday,School,Summer Holidays,2026-08-03,2026-09-14,27,15,43,7,true,false,false
2026-08-31,4414a62a-ea15-44ab-8105-1bb0db49187d,AT-SB,Salzburg,AT,Austria,school_holiday,School,Summer Holidays,2026-07-11,2026-09-13,51,13,65,1,false,false,false
2026-08-31,4414a62a-ea15-44ab-8105-1bb0db49187d,AT-TI,Tyrol,AT,Austria,school_holiday,School,Summer Holidays,2026-07-11,2026-09-13,51,13,65,1,false,false,false
2026-08-31,7451c518-92c2-4d26-9381-6d5745865a54,DE-BY,Bavaria,DE,Germany,school_holiday,School,Summer Holidays,2026-08-03,2026-09-14,28,14,43,1,false,false,false
2026-09-01,4414a62a-ea15-44ab-8105-1bb0db49187d,AT-SB,Salzburg,AT,Austria,school_holiday,School,Summer Holidays,2026-07-11,2026-09-13,52,12,65,2,false,false,false
2026-09-01,4414a62a-ea15-44ab-8105-1bb0db49187d,AT-TI,Tyrol,AT,Austria,school_holiday,School,Summer Holidays,2026-07-11,2026-09-13,52,12,65,2,false,false,false
2026-09-01,7451c518-92c2-4d26-9381-6d5745865a54,DE-BY,Bavaria,DE,Germany,school_holiday,School,Summer Holidays,2026-08-03,2026-09-14,29,13,43,2,false,false,false
2026-09-02,4414a62a-ea15-44ab-8105-1bb0db49187d,AT-SB,Salzburg,AT,Austria,school_holiday,School,Summer Holidays,2026-07-11,2026-09-13,53,11,65,3,false,false,false
2026-09-02,4414a62a-ea15-44ab-8105-1bb0db49187d,AT-TI,Tyrol,AT,Austria,school_holiday,School,Summer Holidays,2026-07-11,2026-09-13,53,11,65,3,false,false,false
2026-09-02,7451c518-92c2-4d26-9381-6d5745865a54,DE-BY,Bavaria,DE,Germany,school_holiday,School,Summer Holidays,2026-08-03,2026-09-14,30,12,43,3,false,false,false
2026-09-03,4414a62a-ea15-44ab-8105-1bb0db49187d,AT-SB,Salzburg,AT,Austria,school_holiday,School,Summer Holidays,2026-07-11,2026-09-13,54,10,65,4,false,false,false
2026-09-03,4414a62a-ea15-44ab-8105-1bb0db49187d,AT-TI,Tyrol,AT,Austria,school_holiday,School,Summer Holidays,2026-07-11,2026-09-13,54,10,65,4,false,false,false
2026-09-03,7451c518-92c2-4d26-9381-6d5745865a54,DE-BY,Bavaria,DE,Germany,school_holiday,School,Summer Holidays,2026-08-03,2026-09-14,31,11,43,4,false,false,false
2026-09-04,4414a62a-ea15-44ab-8105-1bb0db49187d,AT-SB,Salzburg,AT,Austria,school_holiday,School,Summer Holidays,2026-07-11,2026-09-13,55,9,65,5,false,false,false
2026-09-04,4414a62a-ea15-44ab-8105-1bb0db49187d,AT-TI,Tyrol,AT,Austria,school_holiday,School,Summer Holidays,2026-07-11,2026-09-13,55,9,65,5,false,false,false
2026-09-04,7451c518-92c2-4d26-9381-6d5745865a54,DE-BY,Bavaria,DE,Germany,school_holiday,School,Summer Holidays,2026-08-03,2026-09-14,32,10,43,5,false,false,false
2026-09-05,4414a62a-ea15-44ab-8105-1bb0db49187d,AT-SB,Salzburg,AT,Austria,school_holiday,School,Summer Holidays,2026-07-11,2026-09-13,56,8,65,6,true,false,false
2026-09-05,4414a62a-ea15-44ab-8105-1bb0db49187d,AT-TI,Tyrol,AT,Austria,school_holiday,School,Summer Holidays,2026-07-11,2026-09-13,56,8,65,6,true,false,false
2026-09-05,7451c518-92c2-4d26-9381-6d5745865a54,DE-BY,Bavaria,DE,Germany,school_holiday,School,Summer Holidays,2026-08-03,2026-09-14,33,9,43,6,true,false,false
2026-09-06,4414a62a-ea15-44ab-8105-1bb0db49187d,AT-SB,Salzburg,AT,Austria,school_holiday,School,Summer Holidays,2026-07-11,2026-09-13,57,7,65,7,true,false,false
2026-09-06,4414a62a-ea15-44ab-8105-1bb0db49187d,AT-TI,Tyrol,AT,Austria,school_holiday,School,Summer Holidays,2026-07-11,2026-09-13,57,7,65,7,true,false,false
2026-09-06,7451c518-92c2-4d26-9381-6d5745865a54,DE-BY,Bavaria,DE,Germany,school_holiday,School,Summer Holidays,2026-08-03,2026-09-14,34,8,43,7,true,false,false
2026-09-07,4414a62a-ea15-44ab-8105-1bb0db49187d,AT-SB,Salzburg,AT,Austria,school_holiday,School,Summer Holidays,2026-07-11,2026-09-13,58,6,65,1,false,false,false
2026-09-07,4414a62a-ea15-44ab-8105-1bb0db49187d,AT-TI,Tyrol,AT,Austria,school_holiday,School,Summer Holidays,2026-07-11,2026-09-13,58,6,65,1,false,false,false
2026-09-07,7451c518-92c2-4d26-9381-6d5745865a54,DE-BY,Bavaria,DE,Germany,school_holiday,School,Summer Holidays,2026-08-03,2026-09-14,35,7,43,1,false,false,false
2026-09-08,4414a62a-ea15-44ab-8105-1bb0db49187d,AT-SB,Salzburg,AT,Austria,school_holiday,School,Summer Holidays,2026-07-11,2026-09-13,59,5,65,2,false,false,false
2026-09-08,4414a62a-ea15-44ab-8105-1bb0db49187d,AT-TI,Tyrol,AT,Austria,school_holiday,School,Summer Holidays,2026-07-11,2026-09-13,59,5,65,2,false,false,false
2026-09-08,7451c518-92c2-4d26-9381-6d5745865a54,DE-BY,Bavaria,DE,Germany,school_holiday,School,Summer Holidays,2026-08-03,2026-09-14,36,6,43,2,false,false,false
2026-09-09,4414a62a-ea15-44ab-8105-1bb0db49187d,AT-SB,Salzburg,AT,Austria,school_holiday,School,Summer Holidays,2026-07-11,2026-09-13,60,4,65,3,false,false,false
2026-09-09,4414a62a-ea15-44ab-8105-1bb0db49187d,AT-TI,Tyrol,AT,Austria,school_holiday,School,Summer Holidays,2026-07-11,2026-09-13,60,4,65,3,false,false,false
2026-09-09,7451c518-92c2-4d26-9381-6d5745865a54,DE-BY,Bavaria,DE,Germany,school_holiday,School,Summer Holidays,2026-08-03,2026-09-14,37,5,43,3,false,false,false
2026-09-10,4414a62a-ea15-44ab-8105-1bb0db49187d,AT-SB,Salzburg,AT,Austria,school_holiday,School,Summer Holidays,2026-07-11,2026-09-13,61,3,65,4,false,false,false
2026-09-10,4414a62a-ea15-44ab-8105-1bb0db49187d,AT-TI,Tyrol,AT,Austria,school_holiday,School,Summer Holidays,2026-07-11,2026-09-13,61,3,65,4,false,false,false
2026-09-10,7451c518-92c2-4d26-9381-6d5745865a54,DE-BY,Bavaria,DE,Germany,school_holiday,School,Summer Holidays,2026-08-03,2026-09-14,38,4,43,4,false,false,false
2026-09-11,4414a62a-ea15-44ab-8105-1bb0db49187d,AT-SB,Salzburg,AT,Austria,school_holiday,School,Summer Holidays,2026-07-11,2026-09-13,62,2,65,5,false,false,false
2026-09-11,4414a62a-ea15-44ab-8105-1bb0db49187d,AT-TI,Tyrol,AT,Austria,school_holiday,School,Summer Holidays,2026-07-11,2026-09-13,62,2,65,5,false,false,false
2026-09-11,7451c518-92c2-4d26-9381-6d5745865a54,DE-BY,Bavaria,DE,Germany,school_holiday,School,Summer Holidays,2026-08-03,2026-09-14,39,3,43,5,false,false,false
2026-09-12,4414a62a-ea15-44ab-8105-1bb0db49187d,AT-SB,Salzburg,AT,Austria,school_holiday,School,Summer Holidays,2026-07-11,2026-09-13,63,1,65,6,true,false,false
2026-09-12,4414a62a-ea15-44ab-8105-1bb0db49187d,AT-TI,Tyrol,AT,Austria,school_holiday,School,Summer Holidays,2026-07-11,2026-09-13,63,1,65,6,true,false,false
2026-09-12,7451c518-92c2-4d26-9381-6d5745865a54,DE-BY,Bavaria,DE,Germany,school_holiday,School,Summer Holidays,2026-08-03,2026-09-14,40,2,43,6,true,false,false
2026-09-13,4414a62a-ea15-44ab-8105-1bb0db49187d,AT-SB,Salzburg,AT,Austria,school_holiday,School,Summer Holidays,2026-07-11,2026-09-13,64,0,65,7,true,false,true
2026-09-13,4414a62a-ea15-44ab-8105-1bb0db49187d,AT-TI,Tyrol,AT,Austria,school_holiday,School,Summer Holidays,2026-07-11,2026-09-13,64,0,65,7,true,false,true
2026-09-13,7451c518-92c2-4d26-9381-6d5745865a54,DE-BY,Bavaria,DE,Germany,school_holiday,School,Summer Holidays,2026-08-03,2026-09-14,41,1,43,7,true,false,false
2026-09-14,7451c518-92c2-4d26-9381-6d5745865a54,DE-BY,Bavaria,DE,Germany,school_holiday,School,Summer Holidays,2026-08-03,2026-09-14,42,0,43,1,false,false,true
2026-10-03,555eaa64-b8f6-44ce-850b-6af0d75555e9,DE-BY,Bavaria,DE,Germany,public_holiday,Public,Day of German Unity,2026-10-03,2026-10-03,0,0,1,6,true,true,true
2026-10-26,51bc60e0-0af3-4472-8914-b91e523f2fde,AT-SB,Salzburg,AT,Austria,public_holiday,Public,National Day,2026-10-26,2026-10-26,0,0,1,1,false,true,true
2026-10-26,51bc60e0-0af3-4472-8914-b91e523f2fde,AT-TI,Tyrol,AT,Austria,public_holiday,Public,National Day,2026-10-26,2026-10-26,0,0,1,1,false,true,true
2026-10-27,e4a58f13-ebe2-4b16-b09d-8c2cb5c487b7,AT-SB,Salzburg,AT,Austria,school_holiday,School,Autumn Holidays,2026-10-27,2026-10-31,0,4,5,2,false,true,false
2026-10-27,e4a58f13-ebe2-4b16-b09d-8c2cb5c487b7,AT-TI,Tyrol,AT,Austria,school_holiday,School,Autumn Holidays,2026-10-27,2026-10-31,0,4,5,2,false,true,false
2026-10-28,e4a58f13-ebe2-4b16-b09d-8c2cb5c487b7,AT-SB,Salzburg,AT,Austria,school_holiday,School,Autumn Holidays,2026-10-27,2026-10-31,1,3,5,3,false,false,false
2026-10-28,e4a58f13-ebe2-4b16-b09d-8c2cb5c487b7,AT-TI,Tyrol,AT,Austria,school_holiday,School,Autumn Holidays,2026-10-27,2026-10-31,1,3,5,3,false,false,false
2026-10-29,e4a58f13-ebe2-4b16-b09d-8c2cb5c487b7,AT-SB,Salzburg,AT,Austria,school_holiday,School,Autumn Holidays,2026-10-27,2026-10-31,2,2,5,4,false,false,false
2026-10-29,e4a58f13-ebe2-4b16-b09d-8c2cb5c487b7,AT-TI,Tyrol,AT,Austria,school_holiday,School,Autumn Holidays,2026-10-27,2026-10-31,2,2,5,4,false,false,false
2026-10-30,e4a58f13-ebe2-4b16-b09d-8c2cb5c487b7,AT-SB,Salzburg,AT,Austria,school_holiday,School,Autumn Holidays,2026-10-27,2026-10-31,3,1,5,5,false,false,false
2026-10-30,e4a58f13-ebe2-4b16-b09d-8c2cb5c487b7,AT-TI,Tyrol,AT,Austria,school_holiday,School,Autumn Holidays,2026-10-27,2026-10-31,3,1,5,5,false,false,false
2026-10-31,e4a58f13-ebe2-4b16-b09d-8c2cb5c487b7,AT-SB,Salzburg,AT,Austria,school_holiday,School,Autumn Holidays,2026-10-27,2026-10-31,4,0,5,6,true,false,true
2026-10-31,e4a58f13-ebe2-4b16-b09d-8c2cb5c487b7,AT-TI,Tyrol,AT,Austria,school_holiday,School,Autumn Holidays,2026-10-27,2026-10-31,4,0,5,6,true,false,true
2026-11-01,7ac1b0bc-b055-4ab2-8475-bb7372df3209,AT-SB,Salzburg,AT,Austria,public_holiday,Public,All Saints' Day,2026-11-01,2026-11-01,0,0,1,7,true,true,true
2026-11-01,7ac1b0bc-b055-4ab2-8475-bb7372df3209,AT-TI,Tyrol,AT,Austria,public_holiday,Public,All Saints' Day,2026-11-01,2026-11-01,0,0,1,7,true,true,true
2026-11-01,c359d742-f458-4962-8bf1-44e5d504f6d0,DE-BY,Bavaria,DE,Germany,public_holiday,Public,All Saints' Day,2026-11-01,2026-11-01,0,0,1,7,true,true,true
2026-11-02,36ab14ad-27be-45f6-9f5e-ec47a76b04f6,AT-SB,Salzburg,AT,Austria,school_holiday,School,All Souls' Day,2026-11-02,2026-11-02,0,0,1,1,false,true,true
2026-11-02,36ab14ad-27be-45f6-9f5e-ec47a76b04f6,AT-TI,Tyrol,AT,Austria,school_holiday,School,All Souls' Day,2026-11-02,2026-11-02,0,0,1,1,false,true,true
2026-11-02,b5045dcf-6618-41e7-b649-c3d6d135a611,DE-BY,Bavaria,DE,Germany,school_holiday,School,Autumn Holidays,2026-11-02,2026-11-06,0,4,5,1,false,true,false
2026-11-03,b5045dcf-6618-41e7-b649-c3d6d135a611,DE-BY,Bavaria,DE,Germany,school_holiday,School,Autumn Holidays,2026-11-02,2026-11-06,1,3,5,2,false,false,false
2026-11-04,b5045dcf-6618-41e7-b649-c3d6d135a611,DE-BY,Bavaria,DE,Germany,school_holiday,School,Autumn Holidays,2026-11-02,2026-11-06,2,2,5,3,false,false,false
2026-11-05,b5045dcf-6618-41e7-b649-c3d6d135a611,DE-BY,Bavaria,DE,Germany,school_holiday,School,Autumn Holidays,2026-11-02,2026-11-06,3,1,5,4,false,false,false
2026-11-06,b5045dcf-6618-41e7-b649-c3d6d135a611,DE-BY,Bavaria,DE,Germany,school_holiday,School,Autumn Holidays,2026-11-02,2026-11-06,4,0,5,5,false,false,true
2026-11-18,76149977-58f0-455c-b74a-89937a90c200,DE-BY,Bavaria,DE,Germany,school_holiday,School,Repentance Day,2026-11-18,2026-11-18,0,0,1,3,false,true,true
2026-12-08,013361c4-75d8-44e8-87d6-557aa7cd789f,AT-SB,Salzburg,AT,Austria,public_holiday,Public,Immaculate Conception,2026-12-08,2026-12-08,0,0,1,2,false,true,true
2026-12-08,013361c4-75d8-44e8-87d6-557aa7cd789f,AT-TI,Tyrol,AT,Austria,public_holiday,Public,Immaculate Conception,2026-12-08,2026-12-08,0,0,1,2,false,true,true
2026-12-24,38c3ddb0-251c-499e-b75a-aaeee7658080,AT-SB,Salzburg,AT,Austria,school_holiday,School,Christmas Holidays,2026-12-24,2027-01-06,0,13,14,4,false,true,false
2026-12-24,38c3ddb0-251c-499e-b75a-aaeee7658080,AT-TI,Tyrol,AT,Austria,school_holiday,School,Christmas Holidays,2026-12-24,2027-01-06,0,13,14,4,false,true,false
2026-12-24,c38a3f7c-04e7-4acf-ae55-1063a077bf9b,DE-BY,Bavaria,DE,Germany,school_holiday,School,Christmas Holidays,2026-12-24,2027-01-08,0,15,16,4,false,true,false
2026-12-25,c2d59f2d-d1bf-42b5-bb2b-6fb9ed915025,AT-SB,Salzburg,AT,Austria,public_holiday,Public,Christmas Day,2026-12-25,2026-12-25,0,0,1,5,false,true,true
2026-12-25,38c3ddb0-251c-499e-b75a-aaeee7658080,AT-SB,Salzburg,AT,Austria,school_holiday,School,Christmas Holidays,2026-12-24,2027-01-06,1,12,14,5,false,false,false
2026-12-25,c2d59f2d-d1bf-42b5-bb2b-6fb9ed915025,AT-TI,Tyrol,AT,Austria,public_holiday,Public,Christmas Day,2026-12-25,2026-12-25,0,0,1,5,false,true,true
2026-12-25,38c3ddb0-251c-499e-b75a-aaeee7658080,AT-TI,Tyrol,AT,Austria,school_holiday,School,Christmas Holidays,2026-12-24,2027-01-06,1,12,14,5,false,false,false
2026-12-25,b37c8536-925e-455c-9e61-8e2b984a74d1,DE-BY,Bavaria,DE,Germany,public_holiday,Public,Christmas Day,2026-12-25,2026-12-25,0,0,1,5,false,true,true
2026-12-25,c38a3f7c-04e7-4acf-ae55-1063a077bf9b,DE-BY,Bavaria,DE,Germany,school_holiday,School,Christmas Holidays,2026-12-24,2027-01-08,1,14,16,5,false,false,false
2026-12-26,f4d2c08f-98f5-42fc-b538-1197f90d2291,AT-SB,Salzburg,AT,Austria,public_holiday,Public,St Stephen's Day,2026-12-26,2026-12-26,0,0,1,6,true,true,true
2026-12-26,38c3ddb0-251c-499e-b75a-aaeee7658080,AT-SB,Salzburg,AT,Austria,school_holiday,School,Christmas Holidays,2026-12-24,2027-01-06,2,11,14,6,true,false,false
2026-12-26,f4d2c08f-98f5-42fc-b538-1197f90d2291,AT-TI,Tyrol,AT,Austria,public_holiday,Public,St Stephen's Day,2026-12-26,2026-12-26,0,0,1,6,true,true,true
2026-12-26,38c3ddb0-251c-499e-b75a-aaeee7658080,AT-TI,Tyrol,AT,Austria,school_holiday,School,Christmas Holidays,2026-12-24,2027-01-06,2,11,14,6,true,false,false
2026-12-26,fafc28cf-c8fc-4290-97b0-99904f920d4f,DE-BY,Bavaria,DE,Germany,public_holiday,Public,2nd Day of Christmas,2026-12-26,2026-12-26,0,0,1,6,true,true,true
2026-12-26,c38a3f7c-04e7-4acf-ae55-1063a077bf9b,DE-BY,Bavaria,DE,Germany,school_holiday,School,Christmas Holidays,2026-12-24,2027-01-08,2,13,16,6,true,false,false
2026-12-27,38c3ddb0-251c-499e-b75a-aaeee7658080,AT-SB,Salzburg,AT,Austria,school_holiday,School,Christmas Holidays,2026-12-24,2027-01-06,3,10,14,7,true,false,false
2026-12-27,38c3ddb0-251c-499e-b75a-aaeee7658080,AT-TI,Tyrol,AT,Austria,school_holiday,School,Christmas Holidays,2026-12-24,2027-01-06,3,10,14,7,true,false,false
2026-12-27,c38a3f7c-04e7-4acf-ae55-1063a077bf9b,DE-BY,Bavaria,DE,Germany,school_holiday,School,Christmas Holidays,2026-12-24,2027-01-08,3,12,16,7,true,false,false
2026-12-28,38c3ddb0-251c-499e-b75a-aaeee7658080,AT-SB,Salzburg,AT,Austria,school_holiday,School,Christmas Holidays,2026-12-24,2027-01-06,4,9,14,1,false,false,false
2026-12-28,38c3ddb0-251c-499e-b75a-aaeee7658080,AT-TI,Tyrol,AT,Austria,school_holiday,School,Christmas Holidays,2026-12-24,2027-01-06,4,9,14,1,false,false,false
2026-12-28,c38a3f7c-04e7-4acf-ae55-1063a077bf9b,DE-BY,Bavaria,DE,Germany,school_holiday,School,Christmas Holidays,2026-12-24,2027-01-08,4,11,16,1,false,false,false
2026-12-29,38c3ddb0-251c-499e-b75a-aaeee7658080,AT-SB,Salzburg,AT,Austria,school_holiday,School,Christmas Holidays,2026-12-24,2027-01-06,5,8,14,2,false,false,false
2026-12-29,38c3ddb0-251c-499e-b75a-aaeee7658080,AT-TI,Tyrol,AT,Austria,school_holiday,School,Christmas Holidays,2026-12-24,2027-01-06,5,8,14,2,false,false,false
2026-12-29,c38a3f7c-04e7-4acf-ae55-1063a077bf9b,DE-BY,Bavaria,DE,Germany,school_holiday,School,Christmas Holidays,2026-12-24,2027-01-08,5,10,16,2,false,false,false
2026-12-30,38c3ddb0-251c-499e-b75a-aaeee7658080,AT-SB,Salzburg,AT,Austria,school_holiday,School,Christmas Holidays,2026-12-24,2027-01-06,6,7,14,3,false,false,false
2026-12-30,38c3ddb0-251c-499e-b75a-aaeee7658080,AT-TI,Tyrol,AT,Austria,school_holiday,School,Christmas Holidays,2026-12-24,2027-01-06,6,7,14,3,false,false,false
2026-12-30,c38a3f7c-04e7-4acf-ae55-1063a077bf9b,DE-BY,Bavaria,DE,Germany,school_holiday,School,Christmas Holidays,2026-12-24,2027-01-08,6,9,16,3,false,false,false
2026-12-31,38c3ddb0-251c-499e-b75a-aaeee7658080,AT-SB,Salzburg,AT,Austria,school_holiday,School,Christmas Holidays,2026-12-24,2027-01-06,7,6,14,4,false,false,false
2026-12-31,38c3ddb0-251c-499e-b75a-aaeee7658080,AT-TI,Tyrol,AT,Austria,school_holiday,School,Christmas Holidays,2026-12-24,2027-01-06,7,6,14,4,false,false,false
2026-12-31,c38a3f7c-04e7-4acf-ae55-1063a077bf9b,DE-BY,Bavaria,DE,Germany,school_holiday,School,Christmas Holidays,2026-12-24,2027-01-08,7,8,16,4,false,false,false
2027-01-01,a8827fbc-587a-48b6-8fc9-25a1c9cf2f25,AT-SB,Salzburg,AT,Austria,public_holiday,Public,New Year's Day,2027-01-01,2027-01-01,0,0,1,5,false,true,true
2027-01-01,38c3ddb0-251c-499e-b75a-aaeee7658080,AT-SB,Salzburg,AT,Austria,school_holiday,School,Christmas Holidays,2026-12-24,2027-01-06,8,5,14,5,false,false,false
2027-01-01,a8827fbc-587a-48b6-8fc9-25a1c9cf2f25,AT-TI,Tyrol,AT,Austria,public_holiday,Public,New Year's Day,2027-01-01,2027-01-01,0,0,1,5,false,true,true
2027-01-01,38c3ddb0-251c-499e-b75a-aaeee7658080,AT-TI,Tyrol,AT,Austria,school_holiday,School,Christmas Holidays,2026-12-24,2027-01-06,8,5,14,5,false,false,false
2027-01-01,a9951b88-fbfa-4634-8b80-39c60abb2a0c,DE-BY,Bavaria,DE,Germany,public_holiday,Public,New Year's Day,2027-01-01,2027-01-01,0,0,1,5,false,true,true
2027-01-01,c38a3f7c-04e7-4acf-ae55-1063a077bf9b,DE-BY,Bavaria,DE,Germany,school_holiday,School,Christmas Holidays,2026-12-24,2027-01-08,8,7,16,5,false,false,false
2027-01-02,38c3ddb0-251c-499e-b75a-aaeee7658080,AT-SB,Salzburg,AT,Austria,school_holiday,School,Christmas Holidays,2026-12-24,2027-01-06,9,4,14,6,true,false,false
2027-01-02,38c3ddb0-251c-499e-b75a-aaeee7658080,AT-TI,Tyrol,AT,Austria,school_holiday,School,Christmas Holidays,2026-12-24,2027-01-06,9,4,14,6,true,false,false
2027-01-02,c38a3f7c-04e7-4acf-ae55-1063a077bf9b,DE-BY,Bavaria,DE,Germany,school_holiday,School,Christmas Holidays,2026-12-24,2027-01-08,9,6,16,6,true,false,false
2027-01-03,38c3ddb0-251c-499e-b75a-aaeee7658080,AT-SB,Salzburg,AT,Austria,school_holiday,School,Christmas Holidays,2026-12-24,2027-01-06,10,3,14,7,true,false,false
2027-01-03,38c3ddb0-251c-499e-b75a-aaeee7658080,AT-TI,Tyrol,AT,Austria,school_holiday,School,Christmas Holidays,2026-12-24,2027-01-06,10,3,14,7,true,false,false
2027-01-03,c38a3f7c-04e7-4acf-ae55-1063a077bf9b,DE-BY,Bavaria,DE,Germany,school_holiday,School,Christmas Holidays,2026-12-24,2027-01-08,10,5,16,7,true,false,false
2027-01-04,38c3ddb0-251c-499e-b75a-aaeee7658080,AT-SB,Salzburg,AT,Austria,school_holiday,School,Christmas Holidays,2026-12-24,2027-01-06,11,2,14,1,false,false,false
2027-01-04,38c3ddb0-251c-499e-b75a-aaeee7658080,AT-TI,Tyrol,AT,Austria,school_holiday,School,Christmas Holidays,2026-12-24,2027-01-06,11,2,14,1,false,false,false
2027-01-04,c38a3f7c-04e7-4acf-ae55-1063a077bf9b,DE-BY,Bavaria,DE,Germany,school_holiday,School,Christmas Holidays,2026-12-24,2027-01-08,11,4,16,1,false,false,false
2027-01-05,38c3ddb0-251c-499e-b75a-aaeee7658080,AT-SB,Salzburg,AT,Austria,school_holiday,School,Christmas Holidays,2026-12-24,2027-01-06,12,1,14,2,false,false,false
2027-01-05,38c3ddb0-251c-499e-b75a-aaeee7658080,AT-TI,Tyrol,AT,Austria,school_holiday,School,Christmas Holidays,2026-12-24,2027-01-06,12,1,14,2,false,false,false
2027-01-05,c38a3f7c-04e7-4acf-ae55-1063a077bf9b,DE-BY,Bavaria,DE,Germany,school_holiday,School,Christmas Holidays,2026-12-24,2027-01-08,12,3,16,2,false,false,false
2027-01-06,886497b4-fac6-4ba5-a125-5dc21722866c,AT-SB,Salzburg,AT,Austria,public_holiday,Public,Epiphany,2027-01-06,2027-01-06,0,0,1,3,false,true,true
2027-01-06,38c3ddb0-251c-499e-b75a-aaeee7658080,AT-SB,Salzburg,AT,Austria,school_holiday,School,Christmas Holidays,2026-12-24,2027-01-06,13,0,14,3,false,false,true
2027-01-06,886497b4-fac6-4ba5-a125-5dc21722866c,AT-TI,Tyrol,AT,Austria,public_holiday,Public,Epiphany,2027-01-06,2027-01-06,0,0,1,3,false,true,true
2027-01-06,38c3ddb0-251c-499e-b75a-aaeee7658080,AT-TI,Tyrol,AT,Austria,school_holiday,School,Christmas Holidays,2026-12-24,2027-01-06,13,0,14,3,false,false,true
2027-01-06,341c9738-8063-4e1b-99d3-336174cf42de,DE-BY,Bavaria,DE,Germany,public_holiday,Public,Epiphany,2027-01-06,2027-01-06,0,0,1,3,false,true,true
2027-01-06,c38a3f7c-04e7-4acf-ae55-1063a077bf9b,DE-BY,Bavaria,DE,Germany,school_holiday,School,Christmas Holidays,2026-12-24,2027-01-08,13,2,16,3,false,false,false
2027-01-07,c38a3f7c-04e7-4acf-ae55-1063a077bf9b,DE-BY,Bavaria,DE,Germany,school_holiday,School,Christmas Holidays,2026-12-24,2027-01-08,14,1,16,4,false,false,false
2027-01-08,c38a3f7c-04e7-4acf-ae55-1063a077bf9b,DE-BY,Bavaria,DE,Germany,school_holiday,School,Christmas Holidays,2026-12-24,2027-01-08,15,0,16,5,false,false,true
2027-02-08,fea5a95a-86f3-4fda-a997-167e905a412f,AT-SB,Salzburg,AT,Austria,school_holiday,School,Semester Holidays,2027-02-08,2027-02-13,0,5,6,1,false,true,false
2027-02-08,fea5a95a-86f3-4fda-a997-167e905a412f,AT-TI,Tyrol,AT,Austria,school_holiday,School,Semester Holidays,2027-02-08,2027-02-13,0,5,6,1,false,true,false
2027-02-08,37821c22-3fa7-46f9-9cb2-9b7812ae859a,DE-BY,Bavaria,DE,Germany,school_holiday,School,Spring Holidays,2027-02-08,2027-02-12,0,4,5,1,false,true,false
2027-02-09,fea5a95a-86f3-4fda-a997-167e905a412f,AT-SB,Salzburg,AT,Austria,school_holiday,School,Semester Holidays,2027-02-08,2027-02-13,1,4,6,2,false,false,false
2027-02-09,fea5a95a-86f3-4fda-a997-167e905a412f,AT-TI,Tyrol,AT,Austria,school_holiday,School,Semester Holidays,2027-02-08,2027-02-13,1,4,6,2,false,false,false
2027-02-09,37821c22-3fa7-46f9-9cb2-9b7812ae859a,DE-BY,Bavaria,DE,Germany,school_holiday,School,Spring Holidays,2027-02-08,2027-02-12,1,3,5,2,false,false,false
2027-02-10,fea5a95a-86f3-4fda-a997-167e905a412f,AT-SB,Salzburg,AT,Austria,school_holiday,School,Semester Holidays,2027-02-08,2027-02-13,2,3,6,3,false,false,false
2027-02-10,fea5a95a-86f3-4fda-a997-167e905a412f,AT-TI,Tyrol,AT,Austria,school_holiday,School,Semester Holidays,2027-02-08,2027-02-13,2,3,6,3,false,false,false
2027-02-10,37821c22-3fa7-46f9-9cb2-9b7812ae859a,DE-BY,Bavaria,DE,Germany,school_holiday,School,Spring Holidays,2027-02-08,2027-02-12,2,2,5,3,false,false,false
2027-02-11,fea5a95a-86f3-4fda-a997-167e905a412f,AT-SB,Salzburg,AT,Austria,school_holiday,School,Semester Holidays,2027-02-08,2027-02-13,3,2,6,4,false,false,false
2027-02-11,fea5a95a-86f3-4fda-a997-167e905a412f,AT-TI,Tyrol,AT,Austria,school_holiday,School,Semester Holidays,2027-02-08,2027-02-13,3,2,6,4,false,false,false
2027-02-11,37821c22-3fa7-46f9-9cb2-9b7812ae859a,DE-BY,Bavaria,DE,Germany,school_holiday,School,Spring Holidays,2027-02-08,2027-02-12,3,1,5,4,false,false,false
2027-02-12,fea5a95a-86f3-4fda-a997-167e905a412f,AT-SB,Salzburg,AT,Austria,school_holiday,School,Semester Holidays,2027-02-08,2027-02-13,4,1,6,5,false,false,false
2027-02-12,fea5a95a-86f3-4fda-a997-167e905a412f,AT-TI,Tyrol,AT,Austria,school_holiday,School,Semester Holidays,2027-02-08,2027-02-13,4,1,6,5,false,false,false
2027-02-12,37821c22-3fa7-46f9-9cb2-9b7812ae859a,DE-BY,Bavaria,DE,Germany,school_holiday,School,Spring Holidays,2027-02-08,2027-02-12,4,0,5,5,false,false,true
2027-02-13,fea5a95a-86f3-4fda-a997-167e905a412f,AT-SB,Salzburg,AT,Austria,school_holiday,School,Semester Holidays,2027-02-08,2027-02-13,5,0,6,6,true,false,true
2027-02-13,fea5a95a-86f3-4fda-a997-167e905a412f,AT-TI,Tyrol,AT,Austria,school_holiday,School,Semester Holidays,2027-02-08,2027-02-13,5,0,6,6,true,false,true
2027-03-19,cfc36b9c-a13e-42fd-a848-ccd940b54c97,AT-TI,Tyrol,AT,Austria,school_holiday,School,Saint Joseph's Day,2027-03-19,2027-03-19,0,0,1,5,false,true,true
2027-03-20,1362d499-5a0d-415b-a139-7d7b1949b408,AT-SB,Salzburg,AT,Austria,school_holiday,School,Easter Holidays,2027-03-20,2027-03-29,0,9,10,6,true,true,false
2027-03-20,1362d499-5a0d-415b-a139-7d7b1949b408,AT-TI,Tyrol,AT,Austria,school_holiday,School,Easter Holidays,2027-03-20,2027-03-29,0,9,10,6,true,true,false
2027-03-21,1362d499-5a0d-415b-a139-7d7b1949b408,AT-SB,Salzburg,AT,Austria,school_holiday,School,Easter Holidays,2027-03-20,2027-03-29,1,8,10,7,true,false,false
2027-03-21,1362d499-5a0d-415b-a139-7d7b1949b408,AT-TI,Tyrol,AT,Austria,school_holiday,School,Easter Holidays,2027-03-20,2027-03-29,1,8,10,7,true,false,false
2027-03-22,1362d499-5a0d-415b-a139-7d7b1949b408,AT-SB,Salzburg,AT,Austria,school_holiday,School,Easter Holidays,2027-03-20,2027-03-29,2,7,10,1,false,false,false
2027-03-22,1362d499-5a0d-415b-a139-7d7b1949b408,AT-TI,Tyrol,AT,Austria,school_holiday,School,Easter Holidays,2027-03-20,2027-03-29,2,7,10,1,false,false,false
2027-03-22,843e9ad1-beac-4553-ae45-32f9f41a007e,DE-BY,Bavaria,DE,Germany,school_holiday,School,Easter Holidays,2027-03-22,2027-04-02,0,11,12,1,false,true,false
2027-03-23,1362d499-5a0d-415b-a139-7d7b1949b408,AT-SB,Salzburg,AT,Austria,school_holiday,School,Easter Holidays,2027-03-20,2027-03-29,3,6,10,2,false,false,false
2027-03-23,1362d499-5a0d-415b-a139-7d7b1949b408,AT-TI,Tyrol,AT,Austria,school_holiday,School,Easter Holidays,2027-03-20,2027-03-29,3,6,10,2,false,false,false
2027-03-23,843e9ad1-beac-4553-ae45-32f9f41a007e,DE-BY,Bavaria,DE,Germany,school_holiday,School,Easter Holidays,2027-03-22,2027-04-02,1,10,12,2,false,false,false
2027-03-24,1362d499-5a0d-415b-a139-7d7b1949b408,AT-SB,Salzburg,AT,Austria,school_holiday,School,Easter Holidays,2027-03-20,2027-03-29,4,5,10,3,false,false,false
2027-03-24,1362d499-5a0d-415b-a139-7d7b1949b408,AT-TI,Tyrol,AT,Austria,school_holiday,School,Easter Holidays,2027-03-20,2027-03-29,4,5,10,3,false,false,false
2027-03-24,843e9ad1-beac-4553-ae45-32f9f41a007e,DE-BY,Bavaria,DE,Germany,school_holiday,School,Easter Holidays,2027-03-22,2027-04-02,2,9,12,3,false,false,false
2027-03-25,1362d499-5a0d-415b-a139-7d7b1949b408,AT-SB,Salzburg,AT,Austria,school_holiday,School,Easter Holidays,2027-03-20,2027-03-29,5,4,10,4,false,false,false
2027-03-25,1362d499-5a0d-415b-a139-7d7b1949b408,AT-TI,Tyrol,AT,Austria,school_holiday,School,Easter Holidays,2027-03-20,2027-03-29,5,4,10,4,false,false,false
2027-03-25,843e9ad1-beac-4553-ae45-32f9f41a007e,DE-BY,Bavaria,DE,Germany,school_holiday,School,Easter Holidays,2027-03-22,2027-04-02,3,8,12,4,false,false,false
2027-03-26,1362d499-5a0d-415b-a139-7d7b1949b408,AT-SB,Salzburg,AT,Austria,school_holiday,School,Easter Holidays,2027-03-20,2027-03-29,6,3,10,5,false,false,false
2027-03-26,1362d499-5a0d-415b-a139-7d7b1949b408,AT-TI,Tyrol,AT,Austria,school_holiday,School,Easter Holidays,2027-03-20,2027-03-29,6,3,10,5,false,false,false
2027-03-26,f5967e35-9fbb-4cd9-ae3d-622f6cf90028,DE-BY,Bavaria,DE,Germany,public_holiday,Public,Good Friday,2027-03-26,2027-03-26,0,0,1,5,false,true,true
2027-03-26,843e9ad1-beac-4553-ae45-32f9f41a007e,DE-BY,Bavaria,DE,Germany,school_holiday,School,Easter Holidays,2027-03-22,2027-04-02,4,7,12,5,false,false,false
2027-03-27,1362d499-5a0d-415b-a139-7d7b1949b408,AT-SB,Salzburg,AT,Austria,school_holiday,School,Easter Holidays,2027-03-20,2027-03-29,7,2,10,6,true,false,false
2027-03-27,1362d499-5a0d-415b-a139-7d7b1949b408,AT-TI,Tyrol,AT,Austria,school_holiday,School,Easter Holidays,2027-03-20,2027-03-29,7,2,10,6,true,false,false
2027-03-27,843e9ad1-beac-4553-ae45-32f9f41a007e,DE-BY,Bavaria,DE,Germany,school_holiday,School,Easter Holidays,2027-03-22,2027-04-02,5,6,12,6,true,false,false
2027-03-28,1362d499-5a0d-415b-a139-7d7b1949b408,AT-SB,Salzburg,AT,Austria,school_holiday,School,Easter Holidays,2027-03-20,2027-03-29,8,1,10,7,true,false,false
2027-03-28,1362d499-5a0d-415b-a139-7d7b1949b408,AT-TI,Tyrol,AT,Austria,school_holiday,School,Easter Holidays,2027-03-20,2027-03-29,8,1,10,7,true,false,false
2027-03-28,843e9ad1-beac-4553-ae45-32f9f41a007e,DE-BY,Bavaria,DE,Germany,school_holiday,School,Easter Holidays,2027-03-22,2027-04-02,6,5,12,7,true,false,false
2027-03-29,24aeeb53-cf6c-4dff-a037-a9e1b8e1dd17,AT-SB,Salzburg,AT,Austria,public_holiday,Public,Easter Monday,2027-03-29,2027-03-29,0,0,1,1,false,true,true
2027-03-29,1362d499-5a0d-415b-a139-7d7b1949b408,AT-SB,Salzburg,AT,Austria,school_holiday,School,Easter Holidays,2027-03-20,2027-03-29,9,0,10,1,false,false,true
2027-03-29,24aeeb53-cf6c-4dff-a037-a9e1b8e1dd17,AT-TI,Tyrol,AT,Austria,public_holiday,Public,Easter Monday,2027-03-29,2027-03-29,0,0,1,1,false,true,true
2027-03-29,1362d499-5a0d-415b-a139-7d7b1949b408,AT-TI,Tyrol,AT,Austria,school_holiday,School,Easter Holidays,2027-03-20,2027-03-29,9,0,10,1,false,false,true
2027-03-29,fcd0558e-3e01-4902-b785-d8bd45baba24,DE-BY,Bavaria,DE,Germany,public_holiday,Public,Easter Monday,2027-03-29,2027-03-29,0,0,1,1,false,true,true
2027-03-29,843e9ad1-beac-4553-ae45-32f9f41a007e,DE-BY,Bavaria,DE,Germany,school_holiday,School,Easter Holidays,2027-03-22,2027-04-02,7,4,12,1,false,false,false
2027-03-30,843e9ad1-beac-4553-ae45-32f9f41a007e,DE-BY,Bavaria,DE,Germany,school_holiday,School,Easter Holidays,2027-03-22,2027-04-02,8,3,12,2,false,false,false
2027-03-31,843e9ad1-beac-4553-ae45-32f9f41a007e,DE-BY,Bavaria,DE,Germany,school_holiday,School,Easter Holidays,2027-03-22,2027-04-02,9,2,12,3,false,false,false
2027-04-01,843e9ad1-beac-4553-ae45-32f9f41a007e,DE-BY,Bavaria,DE,Germany,school_holiday,School,Easter Holidays,2027-03-22,2027-04-02,10,1,12,4,false,false,false
2027-04-02,843e9ad1-beac-4553-ae45-32f9f41a007e,DE-BY,Bavaria,DE,Germany,school_holiday,School,Easter Holidays,2027-03-22,2027-04-02,11,0,12,5,false,false,true
2027-05-01,36b1b0be-724d-48d6-859a-38a172d6d2d4,AT-SB,Salzburg,AT,Austria,public_holiday,Public,Labour Day,2027-05-01,2027-05-01,0,0,1,6,true,true,true
2027-05-01,36b1b0be-724d-48d6-859a-38a172d6d2d4,AT-TI,Tyrol,AT,Austria,public_holiday,Public,Labour Day,2027-05-01,2027-05-01,0,0,1,6,true,true,true
2027-05-01,5dce4648-d6e6-400a-936e-b85edbf85622,DE-BY,Bavaria,DE,Germany,public_holiday,Public,Labour Day,2027-05-01,2027-05-01,0,0,1,6,true,true,true
2027-05-06,ac4284ad-3206-48cb-8210-3cabf0066c80,AT-SB,Salzburg,AT,Austria,public_holiday,Public,Ascension Day,2027-05-06,2027-05-06,0,0,1,4,false,true,true
2027-05-06,ac4284ad-3206-48cb-8210-3cabf0066c80,AT-TI,Tyrol,AT,Austria,public_holiday,Public,Ascension Day,2027-05-06,2027-05-06,0,0,1,4,false,true,true
2027-05-06,889b46cc-0934-44a1-9468-d88f880acc94,DE-BY,Bavaria,DE,Germany,public_holiday,Public,Ascension Day,2027-05-06,2027-05-06,0,0,1,4,false,true,true
2027-05-15,8cfd7234-afa1-4569-93e0-0069a03b1bc0,AT-SB,Salzburg,AT,Austria,school_holiday,School,Pentecost Holidays,2027-05-15,2027-05-17,0,2,3,6,true,true,false
2027-05-15,8cfd7234-afa1-4569-93e0-0069a03b1bc0,AT-TI,Tyrol,AT,Austria,school_holiday,School,Pentecost Holidays,2027-05-15,2027-05-17,0,2,3,6,true,true,false
2027-05-16,8cfd7234-afa1-4569-93e0-0069a03b1bc0,AT-SB,Salzburg,AT,Austria,school_holiday,School,Pentecost Holidays,2027-05-15,2027-05-17,1,1,3,7,true,false,false
2027-05-16,8cfd7234-afa1-4569-93e0-0069a03b1bc0,AT-TI,Tyrol,AT,Austria,school_holiday,School,Pentecost Holidays,2027-05-15,2027-05-17,1,1,3,7,true,false,false
2027-05-17,7330c90c-2d91-4890-bdd8-9e629123a078,AT-SB,Salzburg,AT,Austria,public_holiday,Public,Pentecost Monday,2027-05-17,2027-05-17,0,0,1,1,false,true,true
2027-05-17,8cfd7234-afa1-4569-93e0-0069a03b1bc0,AT-SB,Salzburg,AT,Austria,school_holiday,School,Pentecost Holidays,2027-05-15,2027-05-17,2,0,3,1,false,false,true
2027-05-17,7330c90c-2d91-4890-bdd8-9e629123a078,AT-TI,Tyrol,AT,Austria,public_holiday,Public,Pentecost Monday,2027-05-17,2027-05-17,0,0,1,1,false,true,true
2027-05-17,8cfd7234-afa1-4569-93e0-0069a03b1bc0,AT-TI,Tyrol,AT,Austria,school_holiday,School,Pentecost Holidays,2027-05-15,2027-05-17,2,0,3,1,false,false,true
2027-05-17,689daf70-cc0e-44d6-a501-8a17d4a551dc,DE-BY,Bavaria,DE,Germany,public_holiday,Public,Pentecost Monday,2027-05-17,2027-05-17,0,0,1,1,false,true,true
2027-05-18,1e397cac-c9a1-427b-b60d-89be682c8ab4,DE-BY,Bavaria,DE,Germany,school_holiday,School,Pentecost Holidays,2027-05-18,2027-05-28,0,10,11,2,false,true,false
2027-05-19,1e397cac-c9a1-427b-b60d-89be682c8ab4,DE-BY,Bavaria,DE,Germany,school_holiday,School,Pentecost Holidays,2027-05-18,2027-05-28,1,9,11,3,false,false,false
2027-05-20,1e397cac-c9a1-427b-b60d-89be682c8ab4,DE-BY,Bavaria,DE,Germany,school_holiday,School,Pentecost Holidays,2027-05-18,2027-05-28,2,8,11,4,false,false,false
2027-05-21,1e397cac-c9a1-427b-b60d-89be682c8ab4,DE-BY,Bavaria,DE,Germany,school_holiday,School,Pentecost Holidays,2027-05-18,2027-05-28,3,7,11,5,false,false,false
2027-05-22,1e397cac-c9a1-427b-b60d-89be682c8ab4,DE-BY,Bavaria,DE,Germany,school_holiday,School,Pentecost Holidays,2027-05-18,2027-05-28,4,6,11,6,true,false,false
2027-05-23,1e397cac-c9a1-427b-b60d-89be682c8ab4,DE-BY,Bavaria,DE,Germany,school_holiday,School,Pentecost Holidays,2027-05-18,2027-05-28,5,5,11,7,true,false,false
2027-05-24,1e397cac-c9a1-427b-b60d-89be682c8ab4,DE-BY,Bavaria,DE,Germany,school_holiday,School,Pentecost Holidays,2027-05-18,2027-05-28,6,4,11,1,false,false,false
2027-05-25,1e397cac-c9a1-427b-b60d-89be682c8ab4,DE-BY,Bavaria,DE,Germany,school_holiday,School,Pentecost Holidays,2027-05-18,2027-05-28,7,3,11,2,false,false,false
2027-05-26,1e397cac-c9a1-427b-b60d-89be682c8ab4,DE-BY,Bavaria,DE,Germany,school_holiday,School,Pentecost Holidays,2027-05-18,2027-05-28,8,2,11,3,false,false,false
2027-05-27,fffe381b-c3e8-49a7-8f4e-7e82f66e4542,AT-SB,Salzburg,AT,Austria,public_holiday,Public,Corpus Christi,2027-05-27,2027-05-27,0,0,1,4,false,true,true
2027-05-27,fffe381b-c3e8-49a7-8f4e-7e82f66e4542,AT-TI,Tyrol,AT,Austria,public_holiday,Public,Corpus Christi,2027-05-27,2027-05-27,0,0,1,4,false,true,true
2027-05-27,c1b5e914-3c7d-426d-90b4-1d8a889b02a2,DE-BY,Bavaria,DE,Germany,public_holiday,Public,Corpus Christi,2027-05-27,2027-05-27,0,0,1,4,false,true,true
2027-05-27,1e397cac-c9a1-427b-b60d-89be682c8ab4,DE-BY,Bavaria,DE,Germany,school_holiday,School,Pentecost Holidays,2027-05-18,2027-05-28,9,1,11,4,false,false,false
2027-05-28,1e397cac-c9a1-427b-b60d-89be682c8ab4,DE-BY,Bavaria,DE,Germany,school_holiday,School,Pentecost Holidays,2027-05-18,2027-05-28,10,0,11,5,false,false,true
2027-07-10,0dfd134f-4394-4ba0-af7a-5c658b9599aa,AT-SB,Salzburg,AT,Austria,school_holiday,School,Summer Holidays,2027-07-10,2027-09-12,0,64,65,6,true,true,false
2027-07-10,0dfd134f-4394-4ba0-af7a-5c658b9599aa,AT-TI,Tyrol,AT,Austria,school_holiday,School,Summer Holidays,2027-07-10,2027-09-12,0,64,65,6,true,true,false
2027-07-11,0dfd134f-4394-4ba0-af7a-5c658b9599aa,AT-SB,Salzburg,AT,Austria,school_holiday,School,Summer Holidays,2027-07-10,2027-09-12,1,63,65,7,true,false,false
2027-07-11,0dfd134f-4394-4ba0-af7a-5c658b9599aa,AT-TI,Tyrol,AT,Austria,school_holiday,School,Summer Holidays,2027-07-10,2027-09-12,1,63,65,7,true,false,false
2027-07-12,0dfd134f-4394-4ba0-af7a-5c658b9599aa,AT-SB,Salzburg,AT,Austria,school_holiday,School,Summer Holidays,2027-07-10,2027-09-12,2,62,65,1,false,false,false
2027-07-12,0dfd134f-4394-4ba0-af7a-5c658b9599aa,AT-TI,Tyrol,AT,Austria,school_holiday,School,Summer Holidays,2027-07-10,2027-09-12,2,62,65,1,false,false,false
2027-07-13,0dfd134f-4394-4ba0-af7a-5c658b9599aa,AT-SB,Salzburg,AT,Austria,school_holiday,School,Summer Holidays,2027-07-10,2027-09-12,3,61,65,2,false,false,false
2027-07-13,0dfd134f-4394-4ba0-af7a-5c658b9599aa,AT-TI,Tyrol,AT,Austria,school_holiday,School,Summer Holidays,2027-07-10,2027-09-12,3,61,65,2,false,false,false
2027-07-14,0dfd134f-4394-4ba0-af7a-5c658b9599aa,AT-SB,Salzburg,AT,Austria,school_holiday,School,Summer Holidays,2027-07-10,2027-09-12,4,60,65,3,false,false,false
2027-07-14,0dfd134f-4394-4ba0-af7a-5c658b9599aa,AT-TI,Tyrol,AT,Austria,school_holiday,School,Summer Holidays,2027-07-10,2027-09-12,4,60,65,3,false,false,false
2027-07-15,0dfd134f-4394-4ba0-af7a-5c658b9599aa,AT-SB,Salzburg,AT,Austria,school_holiday,School,Summer Holidays,2027-07-10,2027-09-12,5,59,65,4,false,false,false
2027-07-15,0dfd134f-4394-4ba0-af7a-5c658b9599aa,AT-TI,Tyrol,AT,Austria,school_holiday,School,Summer Holidays,2027-07-10,2027-09-12,5,59,65,4,false,false,false
2027-07-16,0dfd134f-4394-4ba0-af7a-5c658b9599aa,AT-SB,Salzburg,AT,Austria,school_holiday,School,Summer Holidays,2027-07-10,2027-09-12,6,58,65,5,false,false,false
2027-07-16,0dfd134f-4394-4ba0-af7a-5c658b9599aa,AT-TI,Tyrol,AT,Austria,school_holiday,School,Summer Holidays,2027-07-10,2027-09-12,6,58,65,5,false,false,false
2027-07-17,0dfd134f-4394-4ba0-af7a-5c658b9599aa,AT-SB,Salzburg,AT,Austria,school_holiday,School,Summer Holidays,2027-07-10,2027-09-12,7,57,65,6,true,false,false
2027-07-17,0dfd134f-4394-4ba0-af7a-5c658b9599aa,AT-TI,Tyrol,AT,Austria,school_holiday,School,Summer Holidays,2027-07-10,2027-09-12,7,57,65,6,true,false,false
2027-07-18,0dfd134f-4394-4ba0-af7a-5c658b9599aa,AT-SB,Salzburg,AT,Austria,school_holiday,School,Summer Holidays,2027-07-10,2027-09-12,8,56,65,7,true,false,false
2027-07-18,0dfd134f-4394-4ba0-af7a-5c658b9599aa,AT-TI,Tyrol,AT,Austria,school_holiday,School,Summer Holidays,2027-07-10,2027-09-12,8,56,65,7,true,false,false
2027-07-19,0dfd134f-4394-4ba0-af7a-5c658b9599aa,AT-SB,Salzburg,AT,Austria,school_holiday,School,Summer Holidays,2027-07-10,2027-09-12,9,55,65,1,false,false,false
2027-07-19,0dfd134f-4394-4ba0-af7a-5c658b9599aa,AT-TI,Tyrol,AT,Austria,school_holiday,School,Summer Holidays,2027-07-10,2027-09-12,9,55,65,1,false,false,false
2027-07-20,0dfd134f-4394-4ba0-af7a-5c658b9599aa,AT-SB,Salzburg,AT,Austria,school_holiday,School,Summer Holidays,2027-07-10,2027-09-12,10,54,65,2,false,false,false
2027-07-20,0dfd134f-4394-4ba0-af7a-5c658b9599aa,AT-TI,Tyrol,AT,Austria,school_holiday,School,Summer Holidays,2027-07-10,2027-09-12,10,54,65,2,false,false,false
2027-07-21,0dfd134f-4394-4ba0-af7a-5c658b9599aa,AT-SB,Salzburg,AT,Austria,school_holiday,School,Summer Holidays,2027-07-10,2027-09-12,11,53,65,3,false,false,false
2027-07-21,0dfd134f-4394-4ba0-af7a-5c658b9599aa,AT-TI,Tyrol,AT,Austria,school_holiday,School,Summer Holidays,2027-07-10,2027-09-12,11,53,65,3,false,false,false
2027-07-22,0dfd134f-4394-4ba0-af7a-5c658b9599aa,AT-SB,Salzburg,AT,Austria,school_holiday,School,Summer Holidays,2027-07-10,2027-09-12,12,52,65,4,false,false,false
2027-07-22,0dfd134f-4394-4ba0-af7a-5c658b9599aa,AT-TI,Tyrol,AT,Austria,school_holiday,School,Summer Holidays,2027-07-10,2027-09-12,12,52,65,4,false,false,false
2027-07-23,0dfd134f-4394-4ba0-af7a-5c658b9599aa,AT-SB,Salzburg,AT,Austria,school_holiday,School,Summer Holidays,2027-07-10,2027-09-12,13,51,65,5,false,false,false
2027-07-23,0dfd134f-4394-4ba0-af7a-5c658b9599aa,AT-TI,Tyrol,AT,Austria,school_holiday,School,Summer Holidays,2027-07-10,2027-09-12,13,51,65,5,false,false,false
2027-07-24,0dfd134f-4394-4ba0-af7a-5c658b9599aa,AT-SB,Salzburg,AT,Austria,school_holiday,School,Summer Holidays,2027-07-10,2027-09-12,14,50,65,6,true,false,false
2027-07-24,0dfd134f-4394-4ba0-af7a-5c658b9599aa,AT-TI,Tyrol,AT,Austria,school_holiday,School,Summer Holidays,2027-07-10,2027-09-12,14,50,65,6,true,false,false
2027-07-25,0dfd134f-4394-4ba0-af7a-5c658b9599aa,AT-SB,Salzburg,AT,Austria,school_holiday,School,Summer Holidays,2027-07-10,2027-09-12,15,49,65,7,true,false,false
2027-07-25,0dfd134f-4394-4ba0-af7a-5c658b9599aa,AT-TI,Tyrol,AT,Austria,school_holiday,School,Summer Holidays,2027-07-10,2027-09-12,15,49,65,7,true,false,false
2027-07-26,0dfd134f-4394-4ba0-af7a-5c658b9599aa,AT-SB,Salzburg,AT,Austria,school_holiday,School,Summer Holidays,2027-07-10,2027-09-12,16,48,65,1,false,false,false
2027-07-26,0dfd134f-4394-4ba0-af7a-5c658b9599aa,AT-TI,Tyrol,AT,Austria,school_holiday,School,Summer Holidays,2027-07-10,2027-09-12,16,48,65,1,false,false,false
2027-07-27,0dfd134f-4394-4ba0-af7a-5c658b9599aa,AT-SB,Salzburg,AT,Austria,school_holiday,School,Summer Holidays,2027-07-10,2027-09-12,17,47,65,2,false,false,false
2027-07-27,0dfd134f-4394-4ba0-af7a-5c658b9599aa,AT-TI,Tyrol,AT,Austria,school_holiday,School,Summer Holidays,2027-07-10,2027-09-12,17,47,65,2,false,false,false
2027-07-28,0dfd134f-4394-4ba0-af7a-5c658b9599aa,AT-SB,Salzburg,AT,Austria,school_holiday,School,Summer Holidays,2027-07-10,2027-09-12,18,46,65,3,false,false,false
2027-07-28,0dfd134f-4394-4ba0-af7a-5c658b9599aa,AT-TI,Tyrol,AT,Austria,school_holiday,School,Summer Holidays,2027-07-10,2027-09-12,18,46,65,3,false,false,false
2027-07-29,0dfd134f-4394-4ba0-af7a-5c658b9599aa,AT-SB,Salzburg,AT,Austria,school_holiday,School,Summer Holidays,2027-07-10,2027-09-12,19,45,65,4,false,false,false
2027-07-29,0dfd134f-4394-4ba0-af7a-5c658b9599aa,AT-TI,Tyrol,AT,Austria,school_holiday,School,Summer Holidays,2027-07-10,2027-09-12,19,45,65,4,false,false,false
2027-07-30,0dfd134f-4394-4ba0-af7a-5c658b9599aa,AT-SB,Salzburg,AT,Austria,school_holiday,School,Summer Holidays,2027-07-10,2027-09-12,20,44,65,5,false,false,false
2027-07-30,0dfd134f-4394-4ba0-af7a-5c658b9599aa,AT-TI,Tyrol,AT,Austria,school_holiday,School,Summer Holidays,2027-07-10,2027-09-12,20,44,65,5,false,false,false
2027-07-31,0dfd134f-4394-4ba0-af7a-5c658b9599aa,AT-SB,Salzburg,AT,Austria,school_holiday,School,Summer Holidays,2027-07-10,2027-09-12,21,43,65,6,true,false,false
2027-07-31,0dfd134f-4394-4ba0-af7a-5c658b9599aa,AT-TI,Tyrol,AT,Austria,school_holiday,School,Summer Holidays,2027-07-10,2027-09-12,21,43,65,6,true,false,false
2027-08-01,0dfd134f-4394-4ba0-af7a-5c658b9599aa,AT-SB,Salzburg,AT,Austria,school_holiday,School,Summer Holidays,2027-07-10,2027-09-12,22,42,65,7,true,false,false
2027-08-01,0dfd134f-4394-4ba0-af7a-5c658b9599aa,AT-TI,Tyrol,AT,Austria,school_holiday,School,Summer Holidays,2027-07-10,2027-09-12,22,42,65,7,true,false,false
2027-08-02,0dfd134f-4394-4ba0-af7a-5c658b9599aa,AT-SB,Salzburg,AT,Austria,school_holiday,School,Summer Holidays,2027-07-10,2027-09-12,23,41,65,1,false,false,false
2027-08-02,0dfd134f-4394-4ba0-af7a-5c658b9599aa,AT-TI,Tyrol,AT,Austria,school_holiday,School,Summer Holidays,2027-07-10,2027-09-12,23,41,65,1,false,false,false
2027-08-02,f89e2b94-62aa-4a95-98be-972bc1144988,DE-BY,Bavaria,DE,Germany,school_holiday,School,Summer Holidays,2027-08-02,2027-09-13,0,42,43,1,false,true,false
2027-08-03,0dfd134f-4394-4ba0-af7a-5c658b9599aa,AT-SB,Salzburg,AT,Austria,school_holiday,School,Summer Holidays,2027-07-10,2027-09-12,24,40,65,2,false,false,false
2027-08-03,0dfd134f-4394-4ba0-af7a-5c658b9599aa,AT-TI,Tyrol,AT,Austria,school_holiday,School,Summer Holidays,2027-07-10,2027-09-12,24,40,65,2,false,false,false
2027-08-03,f89e2b94-62aa-4a95-98be-972bc1144988,DE-BY,Bavaria,DE,Germany,school_holiday,School,Summer Holidays,2027-08-02,2027-09-13,1,41,43,2,false,false,false
2027-08-04,0dfd134f-4394-4ba0-af7a-5c658b9599aa,AT-SB,Salzburg,AT,Austria,school_holiday,School,Summer Holidays,2027-07-10,2027-09-12,25,39,65,3,false,false,false
2027-08-04,0dfd134f-4394-4ba0-af7a-5c658b9599aa,AT-TI,Tyrol,AT,Austria,school_holiday,School,Summer Holidays,2027-07-10,2027-09-12,25,39,65,3,false,false,false
2027-08-04,f89e2b94-62aa-4a95-98be-972bc1144988,DE-BY,Bavaria,DE,Germany,school_holiday,School,Summer Holidays,2027-08-02,2027-09-13,2,40,43,3,false,false,false
2027-08-05,0dfd134f-4394-4ba0-af7a-5c658b9599aa,AT-SB,Salzburg,AT,Austria,school_holiday,School,Summer Holidays,2027-07-10,2027-09-12,26,38,65,4,false,false,false
2027-08-05,0dfd134f-4394-4ba0-af7a-5c658b9599aa,AT-TI,Tyrol,AT,Austria,school_holiday,School,Summer Holidays,2027-07-10,2027-09-12,26,38,65,4,false,false,false
2027-08-05,f89e2b94-62aa-4a95-98be-972bc1144988,DE-BY,Bavaria,DE,Germany,school_holiday,School,Summer Holidays,2027-08-02,2027-09-13,3,39,43,4,false,false,false
2027-08-06,0dfd134f-4394-4ba0-af7a-5c658b9599aa,AT-SB,Salzburg,AT,Austria,school_holiday,School,Summer Holidays,2027-07-10,2027-09-12,27,37,65,5,false,false,false
2027-08-06,0dfd134f-4394-4ba0-af7a-5c658b9599aa,AT-TI,Tyrol,AT,Austria,school_holiday,School,Summer Holidays,2027-07-10,2027-09-12,27,37,65,5,false,false,false
2027-08-06,f89e2b94-62aa-4a95-98be-972bc1144988,DE-BY,Bavaria,DE,Germany,school_holiday,School,Summer Holidays,2027-08-02,2027-09-13,4,38,43,5,false,false,false
2027-08-07,0dfd134f-4394-4ba0-af7a-5c658b9599aa,AT-SB,Salzburg,AT,Austria,school_holiday,School,Summer Holidays,2027-07-10,2027-09-12,28,36,65,6,true,false,false
2027-08-07,0dfd134f-4394-4ba0-af7a-5c658b9599aa,AT-TI,Tyrol,AT,Austria,school_holiday,School,Summer Holidays,2027-07-10,2027-09-12,28,36,65,6,true,false,false
2027-08-07,f89e2b94-62aa-4a95-98be-972bc1144988,DE-BY,Bavaria,DE,Germany,school_holiday,School,Summer Holidays,2027-08-02,2027-09-13,5,37,43,6,true,false,false
2027-08-08,0dfd134f-4394-4ba0-af7a-5c658b9599aa,AT-SB,Salzburg,AT,Austria,school_holiday,School,Summer Holidays,2027-07-10,2027-09-12,29,35,65,7,true,false,false
2027-08-08,0dfd134f-4394-4ba0-af7a-5c658b9599aa,AT-TI,Tyrol,AT,Austria,school_holiday,School,Summer Holidays,2027-07-10,2027-09-12,29,35,65,7,true,false,false
2027-08-08,f89e2b94-62aa-4a95-98be-972bc1144988,DE-BY,Bavaria,DE,Germany,school_holiday,School,Summer Holidays,2027-08-02,2027-09-13,6,36,43,7,true,false,false
2027-08-09,0dfd134f-4394-4ba0-af7a-5c658b9599aa,AT-SB,Salzburg,AT,Austria,school_holiday,School,Summer Holidays,2027-07-10,2027-09-12,30,34,65,1,false,false,false
2027-08-09,0dfd134f-4394-4ba0-af7a-5c658b9599aa,AT-TI,Tyrol,AT,Austria,school_holiday,School,Summer Holidays,2027-07-10,2027-09-12,30,34,65,1,false,false,false
2027-08-09,f89e2b94-62aa-4a95-98be-972bc1144988,DE-BY,Bavaria,DE,Germany,school_holiday,School,Summer Holidays,2027-08-02,2027-09-13,7,35,43,1,false,false,false
2027-08-10,0dfd134f-4394-4ba0-af7a-5c658b9599aa,AT-SB,Salzburg,AT,Austria,school_holiday,School,Summer Holidays,2027-07-10,2027-09-12,31,33,65,2,false,false,false
2027-08-10,0dfd134f-4394-4ba0-af7a-5c658b9599aa,AT-TI,Tyrol,AT,Austria,school_holiday,School,Summer Holidays,2027-07-10,2027-09-12,31,33,65,2,false,false,false
2027-08-10,f89e2b94-62aa-4a95-98be-972bc1144988,DE-BY,Bavaria,DE,Germany,school_holiday,School,Summer Holidays,2027-08-02,2027-09-13,8,34,43,2,false,false,false
2027-08-11,0dfd134f-4394-4ba0-af7a-5c658b9599aa,AT-SB,Salzburg,AT,Austria,school_holiday,School,Summer Holidays,2027-07-10,2027-09-12,32,32,65,3,false,false,false
2027-08-11,0dfd134f-4394-4ba0-af7a-5c658b9599aa,AT-TI,Tyrol,AT,Austria,school_holiday,School,Summer Holidays,2027-07-10,2027-09-12,32,32,65,3,false,false,false
2027-08-11,f89e2b94-62aa-4a95-98be-972bc1144988,DE-BY,Bavaria,DE,Germany,school_holiday,School,Summer Holidays,2027-08-02,2027-09-13,9,33,43,3,false,false,false
2027-08-12,0dfd134f-4394-4ba0-af7a-5c658b9599aa,AT-SB,Salzburg,AT,Austria,school_holiday,School,Summer Holidays,2027-07-10,2027-09-12,33,31,65,4,false,false,false
2027-08-12,0dfd134f-4394-4ba0-af7a-5c658b9599aa,AT-TI,Tyrol,AT,Austria,school_holiday,School,Summer Holidays,2027-07-10,2027-09-12,33,31,65,4,false,false,false
2027-08-12,f89e2b94-62aa-4a95-98be-972bc1144988,DE-BY,Bavaria,DE,Germany,school_holiday,School,Summer Holidays,2027-08-02,2027-09-13,10,32,43,4,false,false,false
2027-08-13,0dfd134f-4394-4ba0-af7a-5c658b9599aa,AT-SB,Salzburg,AT,Austria,school_holiday,School,Summer Holidays,2027-07-10,2027-09-12,34,30,65,5,false,false,false
2027-08-13,0dfd134f-4394-4ba0-af7a-5c658b9599aa,AT-TI,Tyrol,AT,Austria,school_holiday,School,Summer Holidays,2027-07-10,2027-09-12,34,30,65,5,false,false,false
2027-08-13,f89e2b94-62aa-4a95-98be-972bc1144988,DE-BY,Bavaria,DE,Germany,school_holiday,School,Summer Holidays,2027-08-02,2027-09-13,11,31,43,5,false,false,false
2027-08-14,0dfd134f-4394-4ba0-af7a-5c658b9599aa,AT-SB,Salzburg,AT,Austria,school_holiday,School,Summer Holidays,2027-07-10,2027-09-12,35,29,65,6,true,false,false
2027-08-14,0dfd134f-4394-4ba0-af7a-5c658b9599aa,AT-TI,Tyrol,AT,Austria,school_holiday,School,Summer Holidays,2027-07-10,2027-09-12,35,29,65,6,true,false,false
2027-08-14,f89e2b94-62aa-4a95-98be-972bc1144988,DE-BY,Bavaria,DE,Germany,school_holiday,School,Summer Holidays,2027-08-02,2027-09-13,12,30,43,6,true,false,false
2027-08-15,bbcfd76e-2f2a-4242-a8e9-45dc605f560c,AT-SB,Salzburg,AT,Austria,public_holiday,Public,Assumption Day,2027-08-15,2027-08-15,0,0,1,7,true,true,true
2027-08-15,0dfd134f-4394-4ba0-af7a-5c658b9599aa,AT-SB,Salzburg,AT,Austria,school_holiday,School,Summer Holidays,2027-07-10,2027-09-12,36,28,65,7,true,false,false
2027-08-15,bbcfd76e-2f2a-4242-a8e9-45dc605f560c,AT-TI,Tyrol,AT,Austria,public_holiday,Public,Assumption Day,2027-08-15,2027-08-15,0,0,1,7,true,true,true
2027-08-15,0dfd134f-4394-4ba0-af7a-5c658b9599aa,AT-TI,Tyrol,AT,Austria,school_holiday,School,Summer Holidays,2027-07-10,2027-09-12,36,28,65,7,true,false,false
2027-08-15,5773654b-86ef-458c-8ae1-1e59aba3123b,DE-BY,Bavaria,DE,Germany,public_holiday,Public,Assumption Day,2027-08-15,2027-08-15,0,0,1,7,true,true,true
2027-08-15,f89e2b94-62aa-4a95-98be-972bc1144988,DE-BY,Bavaria,DE,Germany,school_holiday,School,Summer Holidays,2027-08-02,2027-09-13,13,29,43,7,true,false,false
2027-08-16,0dfd134f-4394-4ba0-af7a-5c658b9599aa,AT-SB,Salzburg,AT,Austria,school_holiday,School,Summer Holidays,2027-07-10,2027-09-12,37,27,65,1,false,false,false
2027-08-16,0dfd134f-4394-4ba0-af7a-5c658b9599aa,AT-TI,Tyrol,AT,Austria,school_holiday,School,Summer Holidays,2027-07-10,2027-09-12,37,27,65,1,false,false,false
2027-08-16,f89e2b94-62aa-4a95-98be-972bc1144988,DE-BY,Bavaria,DE,Germany,school_holiday,School,Summer Holidays,2027-08-02,2027-09-13,14,28,43,1,false,false,false
2027-08-17,0dfd134f-4394-4ba0-af7a-5c658b9599aa,AT-SB,Salzburg,AT,Austria,school_holiday,School,Summer Holidays,2027-07-10,2027-09-12,38,26,65,2,false,false,false
2027-08-17,0dfd134f-4394-4ba0-af7a-5c658b9599aa,AT-TI,Tyrol,AT,Austria,school_holiday,School,Summer Holidays,2027-07-10,2027-09-12,38,26,65,2,false,false,false
2027-08-17,f89e2b94-62aa-4a95-98be-972bc1144988,DE-BY,Bavaria,DE,Germany,school_holiday,School,Summer Holidays,2027-08-02,2027-09-13,15,27,43,2,false,false,false
2027-08-18,0dfd134f-4394-4ba0-af7a-5c658b9599aa,AT-SB,Salzburg,AT,Austria,school_holiday,School,Summer Holidays,2027-07-10,2027-09-12,39,25,65,3,false,false,false
2027-08-18,0dfd134f-4394-4ba0-af7a-5c658b9599aa,AT-TI,Tyrol,AT,Austria,school_holiday,School,Summer Holidays,2027-07-10,2027-09-12,39,25,65,3,false,false,false
2027-08-18,f89e2b94-62aa-4a95-98be-972bc1144988,DE-BY,Bavaria,DE,Germany,school_holiday,School,Summer Holidays,2027-08-02,2027-09-13,16,26,43,3,false,false,false
2027-08-19,0dfd134f-4394-4ba0-af7a-5c658b9599aa,AT-SB,Salzburg,AT,Austria,school_holiday,School,Summer Holidays,2027-07-10,2027-09-12,40,24,65,4,false,false,false
2027-08-19,0dfd134f-4394-4ba0-af7a-5c658b9599aa,AT-TI,Tyrol,AT,Austria,school_holiday,School,Summer Holidays,2027-07-10,2027-09-12,40,24,65,4,false,false,false
2027-08-19,f89e2b94-62aa-4a95-98be-972bc1144988,DE-BY,Bavaria,DE,Germany,school_holiday,School,Summer Holidays,2027-08-02,2027-09-13,17,25,43,4,false,false,false
2027-08-20,0dfd134f-4394-4ba0-af7a-5c658b9599aa,AT-SB,Salzburg,AT,Austria,school_holiday,School,Summer Holidays,2027-07-10,2027-09-12,41,23,65,5,false,false,false
2027-08-20,0dfd134f-4394-4ba0-af7a-5c658b9599aa,AT-TI,Tyrol,AT,Austria,school_holiday,School,Summer Holidays,2027-07-10,2027-09-12,41,23,65,5,false,false,false
2027-08-20,f89e2b94-62aa-4a95-98be-972bc1144988,DE-BY,Bavaria,DE,Germany,school_holiday,School,Summer Holidays,2027-08-02,2027-09-13,18,24,43,5,false,false,false
2027-08-21,0dfd134f-4394-4ba0-af7a-5c658b9599aa,AT-SB,Salzburg,AT,Austria,school_holiday,School,Summer Holidays,2027-07-10,2027-09-12,42,22,65,6,true,false,false
2027-08-21,0dfd134f-4394-4ba0-af7a-5c658b9599aa,AT-TI,Tyrol,AT,Austria,school_holiday,School,Summer Holidays,2027-07-10,2027-09-12,42,22,65,6,true,false,false
2027-08-21,f89e2b94-62aa-4a95-98be-972bc1144988,DE-BY,Bavaria,DE,Germany,school_holiday,School,Summer Holidays,2027-08-02,2027-09-13,19,23,43,6,true,false,false
2027-08-22,0dfd134f-4394-4ba0-af7a-5c658b9599aa,AT-SB,Salzburg,AT,Austria,school_holiday,School,Summer Holidays,2027-07-10,2027-09-12,43,21,65,7,true,false,false
2027-08-22,0dfd134f-4394-4ba0-af7a-5c658b9599aa,AT-TI,Tyrol,AT,Austria,school_holiday,School,Summer Holidays,2027-07-10,2027-09-12,43,21,65,7,true,false,false
2027-08-22,f89e2b94-62aa-4a95-98be-972bc1144988,DE-BY,Bavaria,DE,Germany,school_holiday,School,Summer Holidays,2027-08-02,2027-09-13,20,22,43,7,true,false,false
2027-08-23,0dfd134f-4394-4ba0-af7a-5c658b9599aa,AT-SB,Salzburg,AT,Austria,school_holiday,School,Summer Holidays,2027-07-10,2027-09-12,44,20,65,1,false,false,false
2027-08-23,0dfd134f-4394-4ba0-af7a-5c658b9599aa,AT-TI,Tyrol,AT,Austria,school_holiday,School,Summer Holidays,2027-07-10,2027-09-12,44,20,65,1,false,false,false
2027-08-23,f89e2b94-62aa-4a95-98be-972bc1144988,DE-BY,Bavaria,DE,Germany,school_holiday,School,Summer Holidays,2027-08-02,2027-09-13,21,21,43,1,false,false,false
2027-08-24,0dfd134f-4394-4ba0-af7a-5c658b9599aa,AT-SB,Salzburg,AT,Austria,school_holiday,School,Summer Holidays,2027-07-10,2027-09-12,45,19,65,2,false,false,false
2027-08-24,0dfd134f-4394-4ba0-af7a-5c658b9599aa,AT-TI,Tyrol,AT,Austria,school_holiday,School,Summer Holidays,2027-07-10,2027-09-12,45,19,65,2,false,false,false
2027-08-24,f89e2b94-62aa-4a95-98be-972bc1144988,DE-BY,Bavaria,DE,Germany,school_holiday,School,Summer Holidays,2027-08-02,2027-09-13,22,20,43,2,false,false,false
2027-08-25,0dfd134f-4394-4ba0-af7a-5c658b9599aa,AT-SB,Salzburg,AT,Austria,school_holiday,School,Summer Holidays,2027-07-10,2027-09-12,46,18,65,3,false,false,false
2027-08-25,0dfd134f-4394-4ba0-af7a-5c658b9599aa,AT-TI,Tyrol,AT,Austria,school_holiday,School,Summer Holidays,2027-07-10,2027-09-12,46,18,65,3,false,false,false
2027-08-25,f89e2b94-62aa-4a95-98be-972bc1144988,DE-BY,Bavaria,DE,Germany,school_holiday,School,Summer Holidays,2027-08-02,2027-09-13,23,19,43,3,false,false,false
2027-08-26,0dfd134f-4394-4ba0-af7a-5c658b9599aa,AT-SB,Salzburg,AT,Austria,school_holiday,School,Summer Holidays,2027-07-10,2027-09-12,47,17,65,4,false,false,false
2027-08-26,0dfd134f-4394-4ba0-af7a-5c658b9599aa,AT-TI,Tyrol,AT,Austria,school_holiday,School,Summer Holidays,2027-07-10,2027-09-12,47,17,65,4,false,false,false
2027-08-26,f89e2b94-62aa-4a95-98be-972bc1144988,DE-BY,Bavaria,DE,Germany,school_holiday,School,Summer Holidays,2027-08-02,2027-09-13,24,18,43,4,false,false,false
2027-08-27,0dfd134f-4394-4ba0-af7a-5c658b9599aa,AT-SB,Salzburg,AT,Austria,school_holiday,School,Summer Holidays,2027-07-10,2027-09-12,48,16,65,5,false,false,false
2027-08-27,0dfd134f-4394-4ba0-af7a-5c658b9599aa,AT-TI,Tyrol,AT,Austria,school_holiday,School,Summer Holidays,2027-07-10,2027-09-12,48,16,65,5,false,false,false
2027-08-27,f89e2b94-62aa-4a95-98be-972bc1144988,DE-BY,Bavaria,DE,Germany,school_holiday,School,Summer Holidays,2027-08-02,2027-09-13,25,17,43,5,false,false,false
2027-08-28,0dfd134f-4394-4ba0-af7a-5c658b9599aa,AT-SB,Salzburg,AT,Austria,school_holiday,School,Summer Holidays,2027-07-10,2027-09-12,49,15,65,6,true,false,false
2027-08-28,0dfd134f-4394-4ba0-af7a-5c658b9599aa,AT-TI,Tyrol,AT,Austria,school_holiday,School,Summer Holidays,2027-07-10,2027-09-12,49,15,65,6,true,false,false
2027-08-28,f89e2b94-62aa-4a95-98be-972bc1144988,DE-BY,Bavaria,DE,Germany,school_holiday,School,Summer Holidays,2027-08-02,2027-09-13,26,16,43,6,true,false,false
2027-08-29,0dfd134f-4394-4ba0-af7a-5c658b9599aa,AT-SB,Salzburg,AT,Austria,school_holiday,School,Summer Holidays,2027-07-10,2027-09-12,50,14,65,7,true,false,false
2027-08-29,0dfd134f-4394-4ba0-af7a-5c658b9599aa,AT-TI,Tyrol,AT,Austria,school_holiday,School,Summer Holidays,2027-07-10,2027-09-12,50,14,65,7,true,false,false
2027-08-29,f89e2b94-62aa-4a95-98be-972bc1144988,DE-BY,Bavaria,DE,Germany,school_holiday,School,Summer Holidays,2027-08-02,2027-09-13,27,15,43,7,true,false,false
2027-08-30,0dfd134f-4394-4ba0-af7a-5c658b9599aa,AT-SB,Salzburg,AT,Austria,school_holiday,School,Summer Holidays,2027-07-10,2027-09-12,51,13,65,1,false,false,false
2027-08-30,0dfd134f-4394-4ba0-af7a-5c658b9599aa,AT-TI,Tyrol,AT,Austria,school_holiday,School,Summer Holidays,2027-07-10,2027-09-12,51,13,65,1,false,false,false
2027-08-30,f89e2b94-62aa-4a95-98be-972bc1144988,DE-BY,Bavaria,DE,Germany,school_holiday,School,Summer Holidays,2027-08-02,2027-09-13,28,14,43,1,false,false,false
2027-08-31,0dfd134f-4394-4ba0-af7a-5c658b9599aa,AT-SB,Salzburg,AT,Austria,school_holiday,School,Summer Holidays,2027-07-10,2027-09-12,52,12,65,2,false,false,false
2027-08-31,0dfd134f-4394-4ba0-af7a-5c658b9599aa,AT-TI,Tyrol,AT,Austria,school_holiday,School,Summer Holidays,2027-07-10,2027-09-12,52,12,65,2,false,false,false
2027-08-31,f89e2b94-62aa-4a95-98be-972bc1144988,DE-BY,Bavaria,DE,Germany,school_holiday,School,Summer Holidays,2027-08-02,2027-09-13,29,13,43,2,false,false,false
2027-09-01,0dfd134f-4394-4ba0-af7a-5c658b9599aa,AT-SB,Salzburg,AT,Austria,school_holiday,School,Summer Holidays,2027-07-10,2027-09-12,53,11,65,3,false,false,false
2027-09-01,0dfd134f-4394-4ba0-af7a-5c658b9599aa,AT-TI,Tyrol,AT,Austria,school_holiday,School,Summer Holidays,2027-07-10,2027-09-12,53,11,65,3,false,false,false
2027-09-01,f89e2b94-62aa-4a95-98be-972bc1144988,DE-BY,Bavaria,DE,Germany,school_holiday,School,Summer Holidays,2027-08-02,2027-09-13,30,12,43,3,false,false,false
2027-09-02,0dfd134f-4394-4ba0-af7a-5c658b9599aa,AT-SB,Salzburg,AT,Austria,school_holiday,School,Summer Holidays,2027-07-10,2027-09-12,54,10,65,4,false,false,false
2027-09-02,0dfd134f-4394-4ba0-af7a-5c658b9599aa,AT-TI,Tyrol,AT,Austria,school_holiday,School,Summer Holidays,2027-07-10,2027-09-12,54,10,65,4,false,false,false
2027-09-02,f89e2b94-62aa-4a95-98be-972bc1144988,DE-BY,Bavaria,DE,Germany,school_holiday,School,Summer Holidays,2027-08-02,2027-09-13,31,11,43,4,false,false,false
2027-09-03,0dfd134f-4394-4ba0-af7a-5c658b9599aa,AT-SB,Salzburg,AT,Austria,school_holiday,School,Summer Holidays,2027-07-10,2027-09-12,55,9,65,5,false,false,false
2027-09-03,0dfd134f-4394-4ba0-af7a-5c658b9599aa,AT-TI,Tyrol,AT,Austria,school_holiday,School,Summer Holidays,2027-07-10,2027-09-12,55,9,65,5,false,false,false
2027-09-03,f89e2b94-62aa-4a95-98be-972bc1144988,DE-BY,Bavaria,DE,Germany,school_holiday,School,Summer Holidays,2027-08-02,2027-09-13,32,10,43,5,false,false,false
2027-09-04,0dfd134f-4394-4ba0-af7a-5c658b9599aa,AT-SB,Salzburg,AT,Austria,school_holiday,School,Summer Holidays,2027-07-10,2027-09-12,56,8,65,6,true,false,false
2027-09-04,0dfd134f-4394-4ba0-af7a-5c658b9599aa,AT-TI,Tyrol,AT,Austria,school_holiday,School,Summer Holidays,2027-07-10,2027-09-12,56,8,65,6,true,false,false
2027-09-04,f89e2b94-62aa-4a95-98be-972bc1144988,DE-BY,Bavaria,DE,Germany,school_holiday,School,Summer Holidays,2027-08-02,2027-09-13,33,9,43,6,true,false,false
2027-09-05,0dfd134f-4394-4ba0-af7a-5c658b9599aa,AT-SB,Salzburg,AT,Austria,school_holiday,School,Summer Holidays,2027-07-10,2027-09-12,57,7,65,7,true,false,false
2027-09-05,0dfd134f-4394-4ba0-af7a-5c658b9599aa,AT-TI,Tyrol,AT,Austria,school_holiday,School,Summer Holidays,2027-07-10,2027-09-12,57,7,65,7,true,false,false
2027-09-05,f89e2b94-62aa-4a95-98be-972bc1144988,DE-BY,Bavaria,DE,Germany,school_holiday,School,Summer Holidays,2027-08-02,2027-09-13,34,8,43,7,true,false,false
2027-09-06,0dfd134f-4394-4ba0-af7a-5c658b9599aa,AT-SB,Salzburg,AT,Austria,school_holiday,School,Summer Holidays,2027-07-10,2027-09-12,58,6,65,1,false,false,false
2027-09-06,0dfd134f-4394-4ba0-af7a-5c658b9599aa,AT-TI,Tyrol,AT,Austria,school_holiday,School,Summer Holidays,2027-07-10,2027-09-12,58,6,65,1,false,false,false
2027-09-06,f89e2b94-62aa-4a95-98be-972bc1144988,DE-BY,Bavaria,DE,Germany,school_holiday,School,Summer Holidays,2027-08-02,2027-09-13,35,7,43,1,false,false,false
2027-09-07,0dfd134f-4394-4ba0-af7a-5c658b9599aa,AT-SB,Salzburg,AT,Austria,school_holiday,School,Summer Holidays,2027-07-10,2027-09-12,59,5,65,2,false,false,false
2027-09-07,0dfd134f-4394-4ba0-af7a-5c658b9599aa,AT-TI,Tyrol,AT,Austria,school_holiday,School,Summer Holidays,2027-07-10,2027-09-12,59,5,65,2,false,false,false
2027-09-07,f89e2b94-62aa-4a95-98be-972bc1144988,DE-BY,Bavaria,DE,Germany,school_holiday,School,Summer Holidays,2027-08-02,2027-09-13,36,6,43,2,false,false,false
2027-09-08,0dfd134f-4394-4ba0-af7a-5c658b9599aa,AT-SB,Salzburg,AT,Austria,school_holiday,School,Summer Holidays,2027-07-10,2027-09-12,60,4,65,3,false,false,false
2027-09-08,0dfd134f-4394-4ba0-af7a-5c658b9599aa,AT-TI,Tyrol,AT,Austria,school_holiday,School,Summer Holidays,2027-07-10,2027-09-12,60,4,65,3,false,false,false
2027-09-08,f89e2b94-62aa-4a95-98be-972bc1144988,DE-BY,Bavaria,DE,Germany,school_holiday,School,Summer Holidays,2027-08-02,2027-09-13,37,5,43,3,false,false,false
2027-09-09,0dfd134f-4394-4ba0-af7a-5c658b9599aa,AT-SB,Salzburg,AT,Austria,school_holiday,School,Summer Holidays,2027-07-10,2027-09-12,61,3,65,4,false,false,false
2027-09-09,0dfd134f-4394-4ba0-af7a-5c658b9599aa,AT-TI,Tyrol,AT,Austria,school_holiday,School,Summer Holidays,2027-07-10,2027-09-12,61,3,65,4,false,false,false
2027-09-09,f89e2b94-62aa-4a95-98be-972bc1144988,DE-BY,Bavaria,DE,Germany,school_holiday,School,Summer Holidays,2027-08-02,2027-09-13,38,4,43,4,false,false,false
2027-09-10,0dfd134f-4394-4ba0-af7a-5c658b9599aa,AT-SB,Salzburg,AT,Austria,school_holiday,School,Summer Holidays,2027-07-10,2027-09-12,62,2,65,5,false,false,false
2027-09-10,0dfd134f-4394-4ba0-af7a-5c658b9599aa,AT-TI,Tyrol,AT,Austria,school_holiday,School,Summer Holidays,2027-07-10,2027-09-12,62,2,65,5,false,false,false
2027-09-10,f89e2b94-62aa-4a95-98be-972bc1144988,DE-BY,Bavaria,DE,Germany,school_holiday,School,Summer Holidays,2027-08-02,2027-09-13,39,3,43,5,false,false,false
2027-09-11,0dfd134f-4394-4ba0-af7a-5c658b9599aa,AT-SB,Salzburg,AT,Austria,school_holiday,School,Summer Holidays,2027-07-10,2027-09-12,63,1,65,6,true,false,false
2027-09-11,0dfd134f-4394-4ba0-af7a-5c658b9599aa,AT-TI,Tyrol,AT,Austria,school_holiday,School,Summer Holidays,2027-07-10,2027-09-12,63,1,65,6,true,false,false
2027-09-11,f89e2b94-62aa-4a95-98be-972bc1144988,DE-BY,Bavaria,DE,Germany,school_holiday,School,Summer Holidays,2027-08-02,2027-09-13,40,2,43,6,true,false,false
2027-09-12,0dfd134f-4394-4ba0-af7a-5c658b9599aa,AT-SB,Salzburg,AT,Austria,school_holiday,School,Summer Holidays,2027-07-10,2027-09-12,64,0,65,7,true,false,true
2027-09-12,0dfd134f-4394-4ba0-af7a-5c658b9599aa,AT-TI,Tyrol,AT,Austria,school_holiday,School,Summer Holidays,2027-07-10,2027-09-12,64,0,65,7,true,false,true
2027-09-12,f89e2b94-62aa-4a95-98be-972bc1144988,DE-BY,Bavaria,DE,Germany,school_holiday,School,Summer Holidays,2027-08-02,2027-09-13,41,1,43,7,true,false,false
2027-09-13,f89e2b94-62aa-4a95-98be-972bc1144988,DE-BY,Bavaria,DE,Germany,school_holiday,School,Summer Holidays,2027-08-02,2027-09-13,42,0,43,1,false,false,true
2027-09-24,e9435852-aca8-4498-9cfe-700674ae403e,AT-SB,Salzburg,AT,Austria,school_holiday,School,Saint Rupert's Day,2027-09-24,2027-09-24,0,0,1,5,false,true,true
2027-10-03,3e88b5c4-993a-4bd1-9f9a-149545598bc6,DE-BY,Bavaria,DE,Germany,public_holiday,Public,Day of German Unity,2027-10-03,2027-10-03,0,0,1,7,true,true,true
2027-10-26,4a4acee4-50a5-4922-88ed-96b061dcadbe,AT-SB,Salzburg,AT,Austria,public_holiday,Public,National Day,2027-10-26,2027-10-26,0,0,1,2,false,true,true
2027-10-26,4a4acee4-50a5-4922-88ed-96b061dcadbe,AT-TI,Tyrol,AT,Austria,public_holiday,Public,National Day,2027-10-26,2027-10-26,0,0,1,2,false,true,true
2027-10-27,e01b8cae-db57-4a67-9d80-d578589ab6a2,AT-SB,Salzburg,AT,Austria,school_holiday,School,Autumn Holidays,2027-10-27,2027-10-31,0,4,5,3,false,true,false
2027-10-27,e01b8cae-db57-4a67-9d80-d578589ab6a2,AT-TI,Tyrol,AT,Austria,school_holiday,School,Autumn Holidays,2027-10-27,2027-10-31,0,4,5,3,false,true,false
2027-10-28,e01b8cae-db57-4a67-9d80-d578589ab6a2,AT-SB,Salzburg,AT,Austria,school_holiday,School,Autumn Holidays,2027-10-27,2027-10-31,1,3,5,4,false,false,false
2027-10-28,e01b8cae-db57-4a67-9d80-d578589ab6a2,AT-TI,Tyrol,AT,Austria,school_holiday,School,Autumn Holidays,2027-10-27,2027-10-31,1,3,5,4,false,false,false
2027-10-29,e01b8cae-db57-4a67-9d80-d578589ab6a2,AT-SB,Salzburg,AT,Austria,school_holiday,School,Autumn Holidays,2027-10-27,2027-10-31,2,2,5,5,false,false,false
2027-10-29,e01b8cae-db57-4a67-9d80-d578589ab6a2,AT-TI,Tyrol,AT,Austria,school_holiday,School,Autumn Holidays,2027-10-27,2027-10-31,2,2,5,5,false,false,false
2027-10-30,e01b8cae-db57-4a67-9d80-d578589ab6a2,AT-SB,Salzburg,AT,Austria,school_holiday,School,Autumn Holidays,2027-10-27,2027-10-31,3,1,5,6,true,false,false
2027-10-30,e01b8cae-db57-4a67-9d80-d578589ab6a2,AT-TI,Tyrol,AT,Austria,school_holiday,School,Autumn Holidays,2027-10-27,2027-10-31,3,1,5,6,true,false,false
2027-10-31,e01b8cae-db57-4a67-9d80-d578589ab6a2,AT-SB,Salzburg,AT,Austria,school_holiday,School,Autumn Holidays,2027-10-27,2027-10-31,4,0,5,7,true,false,true
2027-10-31,e01b8cae-db57-4a67-9d80-d578589ab6a2,AT-TI,Tyrol,AT,Austria,school_holiday,School,Autumn Holidays,2027-10-27,2027-10-31,4,0,5,7,true,false,true
2027-11-01,4ec3e240-f7ee-45ac-a5d0-72150dce4f0d,AT-SB,Salzburg,AT,Austria,public_holiday,Public,All Saints' Day,2027-11-01,2027-11-01,0,0,1,1,false,true,true
2027-11-01,4ec3e240-f7ee-45ac-a5d0-72150dce4f0d,AT-TI,Tyrol,AT,Austria,public_holiday,Public,All Saints' Day,2027-11-01,2027-11-01,0,0,1,1,false,true,true
2027-11-01,506df8ed-e54d-4af6-9939-e8dca991c153,DE-BY,Bavaria,DE,Germany,public_holiday,Public,All Saints' Day,2027-11-01,2027-11-01,0,0,1,1,false,true,true
2027-11-02,42d63b0f-b1b5-468f-b142-c496a14a106f,AT-SB,Salzburg,AT,Austria,school_holiday,School,All Souls' Day,2027-11-02,2027-11-02,0,0,1,2,false,true,true
2027-11-02,42d63b0f-b1b5-468f-b142-c496a14a106f,AT-TI,Tyrol,AT,Austria,school_holiday,School,All Souls' Day,2027-11-02,2027-11-02,0,0,1,2,false,true,true
2027-11-02,b64a2f1e-2886-4510-9c14-0d5ba6fa91b5,DE-BY,Bavaria,DE,Germany,school_holiday,School,Autumn Holidays,2027-11-02,2027-11-05,0,3,4,2,false,true,false
2027-11-03,b64a2f1e-2886-4510-9c14-0d5ba6fa91b5,DE-BY,Bavaria,DE,Germany,school_holiday,School,Autumn Holidays,2027-11-02,2027-11-05,1,2,4,3,false,false,false
2027-11-04,b64a2f1e-2886-4510-9c14-0d5ba6fa91b5,DE-BY,Bavaria,DE,Germany,school_holiday,School,Autumn Holidays,2027-11-02,2027-11-05,2,1,4,4,false,false,false
2027-11-05,b64a2f1e-2886-4510-9c14-0d5ba6fa91b5,DE-BY,Bavaria,DE,Germany,school_holiday,School,Autumn Holidays,2027-11-02,2027-11-05,3,0,4,5,false,false,true
2027-11-17,99499e30-3ed5-4f69-a7cb-139b7c3fbc66,DE-BY,Bavaria,DE,Germany,school_holiday,School,Repentance Day,2027-11-17,2027-11-17,0,0,1,3,false,true,true
2027-12-08,99c0bb93-f225-4820-80b0-db7987075a11,AT-SB,Salzburg,AT,Austria,public_holiday,Public,Immaculate Conception,2027-12-08,2027-12-08,0,0,1,3,false,true,true
2027-12-08,99c0bb93-f225-4820-80b0-db7987075a11,AT-TI,Tyrol,AT,Austria,public_holiday,Public,Immaculate Conception,2027-12-08,2027-12-08,0,0,1,3,false,true,true
2027-12-24,4203faf1-4379-4194-a1e5-ac52506b3bc8,AT-SB,Salzburg,AT,Austria,school_holiday,School,Christmas Holidays,2027-12-24,2028-01-06,0,13,14,5,false,true,false
2027-12-24,4203faf1-4379-4194-a1e5-ac52506b3bc8,AT-TI,Tyrol,AT,Austria,school_holiday,School,Christmas Holidays,2027-12-24,2028-01-06,0,13,14,5,false,true,false
2027-12-24,8cf3dcbe-51c1-4125-a453-3e57e767f277,DE-BY,Bavaria,DE,Germany,school_holiday,School,Christmas Holidays,2027-12-24,2028-01-07,0,14,15,5,false,true,false
2027-12-25,8ceee611-65b7-44c5-b845-a53a6186c452,AT-SB,Salzburg,AT,Austria,public_holiday,Public,Christmas Day,2027-12-25,2027-12-25,0,0,1,6,true,true,true
2027-12-25,4203faf1-4379-4194-a1e5-ac52506b3bc8,AT-SB,Salzburg,AT,Austria,school_holiday,School,Christmas Holidays,2027-12-24,2028-01-06,1,12,14,6,true,false,false
2027-12-25,8ceee611-65b7-44c5-b845-a53a6186c452,AT-TI,Tyrol,AT,Austria,public_holiday,Public,Christmas Day,2027-12-25,2027-12-25,0,0,1,6,true,true,true
2027-12-25,4203faf1-4379-4194-a1e5-ac52506b3bc8,AT-TI,Tyrol,AT,Austria,school_holiday,School,Christmas Holidays,2027-12-24,2028-01-06,1,12,14,6,true,false,false
2027-12-25,ba7542be-fca8-427b-ac2d-797470860c62,DE-BY,Bavaria,DE,Germany,public_holiday,Public,Christmas Day,2027-12-25,2027-12-25,0,0,1,6,true,true,true
2027-12-25,8cf3dcbe-51c1-4125-a453-3e57e767f277,DE-BY,Bavaria,DE,Germany,school_holiday,School,Christmas Holidays,2027-12-24,2028-01-07,1,13,15,6,true,false,false
2027-12-26,4a0be396-7658-4848-bc48-fcd4eac80f1b,AT-SB,Salzburg,AT,Austria,public_holiday,Public,St Stephen's Day,2027-12-26,2027-12-26,0,0,1,7,true,true,true
2027-12-26,4203faf1-4379-4194-a1e5-ac52506b3bc8,AT-SB,Salzburg,AT,Austria,school_holiday,School,Christmas Holidays,2027-12-24,2028-01-06,2,11,14,7,true,false,false
2027-12-26,4a0be396-7658-4848-bc48-fcd4eac80f1b,AT-TI,Tyrol,AT,Austria,public_holiday,Public,St Stephen's Day,2027-12-26,2027-12-26,0,0,1,7,true,true,true
2027-12-26,4203faf1-4379-4194-a1e5-ac52506b3bc8,AT-TI,Tyrol,AT,Austria,school_holiday,School,Christmas Holidays,2027-12-24,2028-01-06,2,11,14,7,true,false,false
2027-12-26,ee8fc25d-db77-48d9-a74f-6374d74642fa,DE-BY,Bavaria,DE,Germany,public_holiday,Public,2nd Day of Christmas,2027-12-26,2027-12-26,0,0,1,7,true,true,true
2027-12-26,8cf3dcbe-51c1-4125-a453-3e57e767f277,DE-BY,Bavaria,DE,Germany,school_holiday,School,Christmas Holidays,2027-12-24,2028-01-07,2,12,15,7,true,false,false
2027-12-27,4203faf1-4379-4194-a1e5-ac52506b3bc8,AT-SB,Salzburg,AT,Austria,school_holiday,School,Christmas Holidays,2027-12-24,2028-01-06,3,10,14,1,false,false,false
2027-12-27,4203faf1-4379-4194-a1e5-ac52506b3bc8,AT-TI,Tyrol,AT,Austria,school_holiday,School,Christmas Holidays,2027-12-24,2028-01-06,3,10,14,1,false,false,false
2027-12-27,8cf3dcbe-51c1-4125-a453-3e57e767f277,DE-BY,Bavaria,DE,Germany,school_holiday,School,Christmas Holidays,2027-12-24,2028-01-07,3,11,15,1,false,false,false
2027-12-28,4203faf1-4379-4194-a1e5-ac52506b3bc8,AT-SB,Salzburg,AT,Austria,school_holiday,School,Christmas Holidays,2027-12-24,2028-01-06,4,9,14,2,false,false,false
2027-12-28,4203faf1-4379-4194-a1e5-ac52506b3bc8,AT-TI,Tyrol,AT,Austria,school_holiday,School,Christmas Holidays,2027-12-24,2028-01-06,4,9,14,2,false,false,false
2027-12-28,8cf3dcbe-51c1-4125-a453-3e57e767f277,DE-BY,Bavaria,DE,Germany,school_holiday,School,Christmas Holidays,2027-12-24,2028-01-07,4,10,15,2,false,false,false
2027-12-29,4203faf1-4379-4194-a1e5-ac52506b3bc8,AT-SB,Salzburg,AT,Austria,school_holiday,School,Christmas Holidays,2027-12-24,2028-01-06,5,8,14,3,false,false,false
2027-12-29,4203faf1-4379-4194-a1e5-ac52506b3bc8,AT-TI,Tyrol,AT,Austria,school_holiday,School,Christmas Holidays,2027-12-24,2028-01-06,5,8,14,3,false,false,false
2027-12-29,8cf3dcbe-51c1-4125-a453-3e57e767f277,DE-BY,Bavaria,DE,Germany,school_holiday,School,Christmas Holidays,2027-12-24,2028-01-07,5,9,15,3,false,false,false
2027-12-30,4203faf1-4379-4194-a1e5-ac52506b3bc8,AT-SB,Salzburg,AT,Austria,school_holiday,School,Christmas Holidays,2027-12-24,2028-01-06,6,7,14,4,false,false,false
2027-12-30,4203faf1-4379-4194-a1e5-ac52506b3bc8,AT-TI,Tyrol,AT,Austria,school_holiday,School,Christmas Holidays,2027-12-24,2028-01-06,6,7,14,4,false,false,false
2027-12-30,8cf3dcbe-51c1-4125-a453-3e57e767f277,DE-BY,Bavaria,DE,Germany,school_holiday,School,Christmas Holidays,2027-12-24,2028-01-07,6,8,15,4,false,false,false
2027-12-31,4203faf1-4379-4194-a1e5-ac52506b3bc8,AT-SB,Salzburg,AT,Austria,school_holiday,School,Christmas Holidays,2027-12-24,2028-01-06,7,6,14,5,false,false,false
2027-12-31,4203faf1-4379-4194-a1e5-ac52506b3bc8,AT-TI,Tyrol,AT,Austria,school_holiday,School,Christmas Holidays,2027-12-24,2028-01-06,7,6,14,5,false,false,false
2027-12-31,8cf3dcbe-51c1-4125-a453-3e57e767f277,DE-BY,Bavaria,DE,Germany,school_holiday,School,Christmas Holidays,2027-12-24,2028-01-07,7,7,15,5,false,false,false
2028-01-01,59758ad8-eb61-4599-bbc4-917b5c4bc2b5,AT-SB,Salzburg,AT,Austria,public_holiday,Public,New Year's Day,2028-01-01,2028-01-01,0,0,1,6,true,true,true
2028-01-01,4203faf1-4379-4194-a1e5-ac52506b3bc8,AT-SB,Salzburg,AT,Austria,school_holiday,School,Christmas Holidays,2027-12-24,2028-01-06,8,5,14,6,true,false,false
2028-01-01,59758ad8-eb61-4599-bbc4-917b5c4bc2b5,AT-TI,Tyrol,AT,Austria,public_holiday,Public,New Year's Day,2028-01-01,2028-01-01,0,0,1,6,true,true,true
2028-01-01,4203faf1-4379-4194-a1e5-ac52506b3bc8,AT-TI,Tyrol,AT,Austria,school_holiday,School,Christmas Holidays,2027-12-24,2028-01-06,8,5,14,6,true,false,false
2028-01-01,286433c6-b1ce-4835-b16a-95f6dbf28e11,DE-BY,Bavaria,DE,Germany,public_holiday,Public,New Year's Day,2028-01-01,2028-01-01,0,0,1,6,true,true,true
2028-01-01,8cf3dcbe-51c1-4125-a453-3e57e767f277,DE-BY,Bavaria,DE,Germany,school_holiday,School,Christmas Holidays,2027-12-24,2028-01-07,8,6,15,6,true,false,false
2028-01-02,4203faf1-4379-4194-a1e5-ac52506b3bc8,AT-SB,Salzburg,AT,Austria,school_holiday,School,Christmas Holidays,2027-12-24,2028-01-06,9,4,14,7,true,false,false
2028-01-02,4203faf1-4379-4194-a1e5-ac52506b3bc8,AT-TI,Tyrol,AT,Austria,school_holiday,School,Christmas Holidays,2027-12-24,2028-01-06,9,4,14,7,true,false,false
2028-01-02,8cf3dcbe-51c1-4125-a453-3e57e767f277,DE-BY,Bavaria,DE,Germany,school_holiday,School,Christmas Holidays,2027-12-24,2028-01-07,9,5,15,7,true,false,false
2028-01-03,4203faf1-4379-4194-a1e5-ac52506b3bc8,AT-SB,Salzburg,AT,Austria,school_holiday,School,Christmas Holidays,2027-12-24,2028-01-06,10,3,14,1,false,false,false
2028-01-03,4203faf1-4379-4194-a1e5-ac52506b3bc8,AT-TI,Tyrol,AT,Austria,school_holiday,School,Christmas Holidays,2027-12-24,2028-01-06,10,3,14,1,false,false,false
2028-01-03,8cf3dcbe-51c1-4125-a453-3e57e767f277,DE-BY,Bavaria,DE,Germany,school_holiday,School,Christmas Holidays,2027-12-24,2028-01-07,10,4,15,1,false,false,false
2028-01-04,4203faf1-4379-4194-a1e5-ac52506b3bc8,AT-SB,Salzburg,AT,Austria,school_holiday,School,Christmas Holidays,2027-12-24,2028-01-06,11,2,14,2,false,false,false
2028-01-04,4203faf1-4379-4194-a1e5-ac52506b3bc8,AT-TI,Tyrol,AT,Austria,school_holiday,School,Christmas Holidays,2027-12-24,2028-01-06,11,2,14,2,false,false,false
2028-01-04,8cf3dcbe-51c1-4125-a453-3e57e767f277,DE-BY,Bavaria,DE,Germany,school_holiday,School,Christmas Holidays,2027-12-24,2028-01-07,11,3,15,2,false,false,false
2028-01-05,4203faf1-4379-4194-a1e5-ac52506b3bc8,AT-SB,Salzburg,AT,Austria,school_holiday,School,Christmas Holidays,2027-12-24,2028-01-06,12,1,14,3,false,false,false
2028-01-05,4203faf1-4379-4194-a1e5-ac52506b3bc8,AT-TI,Tyrol,AT,Austria,school_holiday,School,Christmas Holidays,2027-12-24,2028-01-06,12,1,14,3,false,false,false
2028-01-05,8cf3dcbe-51c1-4125-a453-3e57e767f277,DE-BY,Bavaria,DE,Germany,school_holiday,School,Christmas Holidays,2027-12-24,2028-01-07,12,2,15,3,false,false,false
2028-01-06,ae3701d5-fb44-48c6-ad43-af11f6d7f28c,AT-SB,Salzburg,AT,Austria,public_holiday,Public,Epiphany,2028-01-06,2028-01-06,0,0,1,4,false,true,true
2028-01-06,4203faf1-4379-4194-a1e5-ac52506b3bc8,AT-SB,Salzburg,AT,Austria,school_holiday,School,Christmas Holidays,2027-12-24,2028-01-06,13,0,14,4,false,false,true
2028-01-06,ae3701d5-fb44-48c6-ad43-af11f6d7f28c,AT-TI,Tyrol,AT,Austria,public_holiday,Public,Epiphany,2028-01-06,2028-01-06,0,0,1,4,false,true,true
2028-01-06,4203faf1-4379-4194-a1e5-ac52506b3bc8,AT-TI,Tyrol,AT,Austria,school_holiday,School,Christmas Holidays,2027-12-24,2028-01-06,13,0,14,4,false,false,true
2028-01-06,b2eccb85-9d35-4f63-95aa-5d1d9954799e,DE-BY,Bavaria,DE,Germany,public_holiday,Public,Epiphany,2028-01-06,2028-01-06,0,0,1,4,false,true,true
2028-01-06,8cf3dcbe-51c1-4125-a453-3e57e767f277,DE-BY,Bavaria,DE,Germany,school_holiday,School,Christmas Holidays,2027-12-24,2028-01-07,13,1,15,4,false,false,false
2028-01-07,8cf3dcbe-51c1-4125-a453-3e57e767f277,DE-BY,Bavaria,DE,Germany,school_holiday,School,Christmas Holidays,2027-12-24,2028-01-07,14,0,15,5,false,false,true
2028-02-14,0edc227e-ce96-4132-bc2b-2b9c6542d2eb,AT-SB,Salzburg,AT,Austria,school_holiday,School,Semester Holidays,2028-02-14,2028-02-19,0,5,6,1,false,true,false
2028-02-14,0edc227e-ce96-4132-bc2b-2b9c6542d2eb,AT-TI,Tyrol,AT,Austria,school_holiday,School,Semester Holidays,2028-02-14,2028-02-19,0,5,6,1,false,true,false
2028-02-15,0edc227e-ce96-4132-bc2b-2b9c6542d2eb,AT-SB,Salzburg,AT,Austria,school_holiday,School,Semester Holidays,2028-02-14,2028-02-19,1,4,6,2,false,false,false
2028-02-15,0edc227e-ce96-4132-bc2b-2b9c6542d2eb,AT-TI,Tyrol,AT,Austria,school_holiday,School,Semester Holidays,2028-02-14,2028-02-19,1,4,6,2,false,false,false
2028-02-16,0edc227e-ce96-4132-bc2b-2b9c6542d2eb,AT-SB,Salzburg,AT,Austria,school_holiday,School,Semester Holidays,2028-02-14,2028-02-19,2,3,6,3,false,false,false
2028-02-16,0edc227e-ce96-4132-bc2b-2b9c6542d2eb,AT-TI,Tyrol,AT,Austria,school_holiday,School,Semester Holidays,2028-02-14,2028-02-19,2,3,6,3,false,false,false
2028-02-17,0edc227e-ce96-4132-bc2b-2b9c6542d2eb,AT-SB,Salzburg,AT,Austria,school_holiday,School,Semester Holidays,2028-02-14,2028-02-19,3,2,6,4,false,false,false
2028-02-17,0edc227e-ce96-4132-bc2b-2b9c6542d2eb,AT-TI,Tyrol,AT,Austria,school_holiday,School,Semester Holidays,2028-02-14,2028-02-19,3,2,6,4,false,false,false
2028-02-18,0edc227e-ce96-4132-bc2b-2b9c6542d2eb,AT-SB,Salzburg,AT,Austria,school_holiday,School,Semester Holidays,2028-02-14,2028-02-19,4,1,6,5,false,false,false
2028-02-18,0edc227e-ce96-4132-bc2b-2b9c6542d2eb,AT-TI,Tyrol,AT,Austria,school_holiday,School,Semester Holidays,2028-02-14,2028-02-19,4,1,6,5,false,false,false
2028-02-19,0edc227e-ce96-4132-bc2b-2b9c6542d2eb,AT-SB,Salzburg,AT,Austria,school_holiday,School,Semester Holidays,2028-02-14,2028-02-19,5,0,6,6,true,false,true
2028-02-19,0edc227e-ce96-4132-bc2b-2b9c6542d2eb,AT-TI,Tyrol,AT,Austria,school_holiday,School,Semester Holidays,2028-02-14,2028-02-19,5,0,6,6,true,false,true
2028-02-28,9696a58f-963a-4172-92ee-f17967130a4e,DE-BY,Bavaria,DE,Germany,school_holiday,School,Spring Holidays,2028-02-28,2028-03-03,0,4,5,1,false,true,false
2028-02-29,9696a58f-963a-4172-92ee-f17967130a4e,DE-BY,Bavaria,DE,Germany,school_holiday,School,Spring Holidays,2028-02-28,2028-03-03,1,3,5,2,false,false,false
2028-03-01,9696a58f-963a-4172-92ee-f17967130a4e,DE-BY,Bavaria,DE,Germany,school_holiday,School,Spring Holidays,2028-02-28,2028-03-03,2,2,5,3,false,false,false
2028-03-02,9696a58f-963a-4172-92ee-f17967130a4e,DE-BY,Bavaria,DE,Germany,school_holiday,School,Spring Holidays,2028-02-28,2028-03-03,3,1,5,4,false,false,false
2028-03-03,9696a58f-963a-4172-92ee-f17967130a4e,DE-BY,Bavaria,DE,Germany,school_holiday,School,Spring Holidays,2028-02-28,2028-03-03,4,0,5,5,false,false,true
2028-04-08,4119dc41-945d-494e-a389-e78d5d79b44d,AT-SB,Salzburg,AT,Austria,school_holiday,School,Easter Holidays,2028-04-08,2028-04-17,0,9,10,6,true,true,false
2028-04-08,4119dc41-945d-494e-a389-e78d5d79b44d,AT-TI,Tyrol,AT,Austria,school_holiday,School,Easter Holidays,2028-04-08,2028-04-17,0,9,10,6,true,true,false
2028-04-09,4119dc41-945d-494e-a389-e78d5d79b44d,AT-SB,Salzburg,AT,Austria,school_holiday,School,Easter Holidays,2028-04-08,2028-04-17,1,8,10,7,true,false,false
2028-04-09,4119dc41-945d-494e-a389-e78d5d79b44d,AT-TI,Tyrol,AT,Austria,school_holiday,School,Easter Holidays,2028-04-08,2028-04-17,1,8,10,7,true,false,false
2028-04-10,4119dc41-945d-494e-a389-e78d5d79b44d,AT-SB,Salzburg,AT,Austria,school_holiday,School,Easter Holidays,2028-04-08,2028-04-17,2,7,10,1,false,false,false
2028-04-10,4119dc41-945d-494e-a389-e78d5d79b44d,AT-TI,Tyrol,AT,Austria,school_holiday,School,Easter Holidays,2028-04-08,2028-04-17,2,7,10,1,false,false,false
2028-04-10,b3bd9115-a0ab-4ab5-a7e9-7f720278187c,DE-BY,Bavaria,DE,Germany,school_holiday,School,Easter Holidays,2028-04-10,2028-04-21,0,11,12,1,false,true,false
2028-04-11,4119dc41-945d-494e-a389-e78d5d79b44d,AT-SB,Salzburg,AT,Austria,school_holiday,School,Easter Holidays,2028-04-08,2028-04-17,3,6,10,2,false,false,false
2028-04-11,4119dc41-945d-494e-a389-e78d5d79b44d,AT-TI,Tyrol,AT,Austria,school_holiday,School,Easter Holidays,2028-04-08,2028-04-17,3,6,10,2,false,false,false
2028-04-11,b3bd9115-a0ab-4ab5-a7e9-7f720278187c,DE-BY,Bavaria,DE,Germany,school_holiday,School,Easter Holidays,2028-04-10,2028-04-21,1,10,12,2,false,false,false
2028-04-12,4119dc41-945d-494e-a389-e78d5d79b44d,AT-SB,Salzburg,AT,Austria,school_holiday,School,Easter Holidays,2028-04-08,2028-04-17,4,5,10,3,false,false,false
2028-04-12,4119dc41-945d-494e-a389-e78d5d79b44d,AT-TI,Tyrol,AT,Austria,school_holiday,School,Easter Holidays,2028-04-08,2028-04-17,4,5,10,3,false,false,false
2028-04-12,b3bd9115-a0ab-4ab5-a7e9-7f720278187c,DE-BY,Bavaria,DE,Germany,school_holiday,School,Easter Holidays,2028-04-10,2028-04-21,2,9,12,3,false,false,false
2028-04-13,4119dc41-945d-494e-a389-e78d5d79b44d,AT-SB,Salzburg,AT,Austria,school_holiday,School,Easter Holidays,2028-04-08,2028-04-17,5,4,10,4,false,false,false
2028-04-13,4119dc41-945d-494e-a389-e78d5d79b44d,AT-TI,Tyrol,AT,Austria,school_holiday,School,Easter Holidays,2028-04-08,2028-04-17,5,4,10,4,false,false,false
2028-04-13,b3bd9115-a0ab-4ab5-a7e9-7f720278187c,DE-BY,Bavaria,DE,Germany,school_holiday,School,Easter Holidays,2028-04-10,2028-04-21,3,8,12,4,false,false,false
2028-04-14,4119dc41-945d-494e-a389-e78d5d79b44d,AT-SB,Salzburg,AT,Austria,school_holiday,School,Easter Holidays,2028-04-08,2028-04-17,6,3,10,5,false,false,false
2028-04-14,4119dc41-945d-494e-a389-e78d5d79b44d,AT-TI,Tyrol,AT,Austria,school_holiday,School,Easter Holidays,2028-04-08,2028-04-17,6,3,10,5,false,false,false
2028-04-14,692e2b19-92e1-4186-a9e1-971602ddda85,DE-BY,Bavaria,DE,Germany,public_holiday,Public,Good Friday,2028-04-14,2028-04-14,0,0,1,5,false,true,true
2028-04-14,b3bd9115-a0ab-4ab5-a7e9-7f720278187c,DE-BY,Bavaria,DE,Germany,school_holiday,School,Easter Holidays,2028-04-10,2028-04-21,4,7,12,5,false,false,false
2028-04-15,4119dc41-945d-494e-a389-e78d5d79b44d,AT-SB,Salzburg,AT,Austria,school_holiday,School,Easter Holidays,2028-04-08,2028-04-17,7,2,10,6,true,false,false
2028-04-15,4119dc41-945d-494e-a389-e78d5d79b44d,AT-TI,Tyrol,AT,Austria,school_holiday,School,Easter Holidays,2028-04-08,2028-04-17,7,2,10,6,true,false,false
2028-04-15,b3bd9115-a0ab-4ab5-a7e9-7f720278187c,DE-BY,Bavaria,DE,Germany,school_holiday,School,Easter Holidays,2028-04-10,2028-04-21,5,6,12,6,true,false,false
2028-04-16,4119dc41-945d-494e-a389-e78d5d79b44d,AT-SB,Salzburg,AT,Austria,school_holiday,School,Easter Holidays,2028-04-08,2028-04-17,8,1,10,7,true,false,false
2028-04-16,4119dc41-945d-494e-a389-e78d5d79b44d,AT-TI,Tyrol,AT,Austria,school_holiday,School,Easter Holidays,2028-04-08,2028-04-17,8,1,10,7,true,false,false
2028-04-16,b3bd9115-a0ab-4ab5-a7e9-7f720278187c,DE-BY,Bavaria,DE,Germany,school_holiday,School,Easter Holidays,2028-04-10,2028-04-21,6,5,12,7,true,false,false
2028-04-17,cdf42f63-7d62-49bb-a9c7-87d66e5fb778,AT-SB,Salzburg,AT,Austria,public_holiday,Public,Easter Monday,2028-04-17,2028-04-17,0,0,1,1,false,true,true
2028-04-17,4119dc41-945d-494e-a389-e78d5d79b44d,AT-SB,Salzburg,AT,Austria,school_holiday,School,Easter Holidays,2028-04-08,2028-04-17,9,0,10,1,false,false,true
2028-04-17,cdf42f63-7d62-49bb-a9c7-87d66e5fb778,AT-TI,Tyrol,AT,Austria,public_holiday,Public,Easter Monday,2028-04-17,2028-04-17,0,0,1,1,false,true,true
2028-04-17,4119dc41-945d-494e-a389-e78d5d79b44d,AT-TI,Tyrol,AT,Austria,school_holiday,School,Easter Holidays,2028-04-08,2028-04-17,9,0,10,1,false,false,true
2028-04-17,b13ef7b6-b755-4be1-9b46-f267462513c0,DE-BY,Bavaria,DE,Germany,public_holiday,Public,Easter Monday,2028-04-17,2028-04-17,0,0,1,1,false,true,true
2028-04-17,b3bd9115-a0ab-4ab5-a7e9-7f720278187c,DE-BY,Bavaria,DE,Germany,school_holiday,School,Easter Holidays,2028-04-10,2028-04-21,7,4,12,1,false,false,false
2028-04-18,b3bd9115-a0ab-4ab5-a7e9-7f720278187c,DE-BY,Bavaria,DE,Germany,school_holiday,School,Easter Holidays,2028-04-10,2028-04-21,8,3,12,2,false,false,false
2028-04-19,b3bd9115-a0ab-4ab5-a7e9-7f720278187c,DE-BY,Bavaria,DE,Germany,school_holiday,School,Easter Holidays,2028-04-10,2028-04-21,9,2,12,3,false,false,false
2028-04-20,b3bd9115-a0ab-4ab5-a7e9-7f720278187c,DE-BY,Bavaria,DE,Germany,school_holiday,School,Easter Holidays,2028-04-10,2028-04-21,10,1,12,4,false,false,false
2028-04-21,b3bd9115-a0ab-4ab5-a7e9-7f720278187c,DE-BY,Bavaria,DE,Germany,school_holiday,School,Easter Holidays,2028-04-10,2028-04-21,11,0,12,5,false,false,true
2028-05-01,d755232c-843f-44e0-8cfd-959fe1bb2452,AT-SB,Salzburg,AT,Austria,public_holiday,Public,Labour Day,2028-05-01,2028-05-01,0,0,1,1,false,true,true
2028-05-01,d755232c-843f-44e0-8cfd-959fe1bb2452,AT-TI,Tyrol,AT,Austria,public_holiday,Public,Labour Day,2028-05-01,2028-05-01,0,0,1,1,false,true,true
2028-05-01,e153c1b9-ef86-4f43-a454-60ea0138ef1e,DE-BY,Bavaria,DE,Germany,public_holiday,Public,Labour Day,2028-05-01,2028-05-01,0,0,1,1,false,true,true
2028-05-25,85fc8798-0593-4c13-a393-49cac7297359,AT-SB,Salzburg,AT,Austria,public_holiday,Public,Ascension Day,2028-05-25,2028-05-25,0,0,1,4,false,true,true
2028-05-25,85fc8798-0593-4c13-a393-49cac7297359,AT-TI,Tyrol,AT,Austria,public_holiday,Public,Ascension Day,2028-05-25,2028-05-25,0,0,1,4,false,true,true
2028-05-25,ed0edf81-d59d-4406-9681-372e81b69abc,DE-BY,Bavaria,DE,Germany,public_holiday,Public,Ascension Day,2028-05-25,2028-05-25,0,0,1,4,false,true,true
2028-06-03,b8b7752b-7754-4db6-991e-a5207fa6c84b,AT-SB,Salzburg,AT,Austria,school_holiday,School,Pentecost Holidays,2028-06-03,2028-06-05,0,2,3,6,true,true,false
2028-06-03,b8b7752b-7754-4db6-991e-a5207fa6c84b,AT-TI,Tyrol,AT,Austria,school_holiday,School,Pentecost Holidays,2028-06-03,2028-06-05,0,2,3,6,true,true,false
2028-06-04,b8b7752b-7754-4db6-991e-a5207fa6c84b,AT-SB,Salzburg,AT,Austria,school_holiday,School,Pentecost Holidays,2028-06-03,2028-06-05,1,1,3,7,true,false,false
2028-06-04,b8b7752b-7754-4db6-991e-a5207fa6c84b,AT-TI,Tyrol,AT,Austria,school_holiday,School,Pentecost Holidays,2028-06-03,2028-06-05,1,1,3,7,true,false,false
2028-06-05,5b3c2676-b05d-4284-9897-6d55a47fc270,AT-SB,Salzburg,AT,Austria,public_holiday,Public,Pentecost Monday,2028-06-05,2028-06-05,0,0,1,1,false,true,true
2028-06-05,b8b7752b-7754-4db6-991e-a5207fa6c84b,AT-SB,Salzburg,AT,Austria,school_holiday,School,Pentecost Holidays,2028-06-03,2028-06-05,2,0,3,1,false,false,true
2028-06-05,5b3c2676-b05d-4284-9897-6d55a47fc270,AT-TI,Tyrol,AT,Austria,public_holiday,Public,Pentecost Monday,2028-06-05,2028-06-05,0,0,1,1,false,true,true
2028-06-05,b8b7752b-7754-4db6-991e-a5207fa6c84b,AT-TI,Tyrol,AT,Austria,school_holiday,School,Pentecost Holidays,2028-06-03,2028-06-05,2,0,3,1,false,false,true
2028-06-05,71df5df7-5477-4374-abc4-2afddcc1632a,DE-BY,Bavaria,DE,Germany,public_holiday,Public,Pentecost Monday,2028-06-05,2028-06-05,0,0,1,1,false,true,true
2028-06-06,d23c43ee-1edf-4a1c-8007-d56b25ef8f65,DE-BY,Bavaria,DE,Germany,school_holiday,School,Pentecost Holidays,2028-06-06,2028-06-16,0,10,11,2,false,true,false
2028-06-07,d23c43ee-1edf-4a1c-8007-d56b25ef8f65,DE-BY,Bavaria,DE,Germany,school_holiday,School,Pentecost Holidays,2028-06-06,2028-06-16,1,9,11,3,false,false,false
2028-06-08,d23c43ee-1edf-4a1c-8007-d56b25ef8f65,DE-BY,Bavaria,DE,Germany,school_holiday,School,Pentecost Holidays,2028-06-06,2028-06-16,2,8,11,4,false,false,false
2028-06-09,d23c43ee-1edf-4a1c-8007-d56b25ef8f65,DE-BY,Bavaria,DE,Germany,school_holiday,School,Pentecost Holidays,2028-06-06,2028-06-16,3,7,11,5,false,false,false
2028-06-10,d23c43ee-1edf-4a1c-8007-d56b25ef8f65,DE-BY,Bavaria,DE,Germany,school_holiday,School,Pentecost Holidays,2028-06-06,2028-06-16,4,6,11,6,true,false,false
2028-06-11,d23c43ee-1edf-4a1c-8007-d56b25ef8f65,DE-BY,Bavaria,DE,Germany,school_holiday,School,Pentecost Holidays,2028-06-06,2028-06-16,5,5,11,7,true,false,false
2028-06-12,d23c43ee-1edf-4a1c-8007-d56b25ef8f65,DE-BY,Bavaria,DE,Germany,school_holiday,School,Pentecost Holidays,2028-06-06,2028-06-16,6,4,11,1,false,false,false
2028-06-13,d23c43ee-1edf-4a1c-8007-d56b25ef8f65,DE-BY,Bavaria,DE,Germany,school_holiday,School,Pentecost Holidays,2028-06-06,2028-06-16,7,3,11,2,false,false,false
2028-06-14,d23c43ee-1edf-4a1c-8007-d56b25ef8f65,DE-BY,Bavaria,DE,Germany,school_holiday,School,Pentecost Holidays,2028-06-06,2028-06-16,8,2,11,3,false,false,false
2028-06-15,5301b9e6-d3e3-400d-912a-e3922e50fc34,AT-SB,Salzburg,AT,Austria,public_holiday,Public,Corpus Christi,2028-06-15,2028-06-15,0,0,1,4,false,true,true
2028-06-15,5301b9e6-d3e3-400d-912a-e3922e50fc34,AT-TI,Tyrol,AT,Austria,public_holiday,Public,Corpus Christi,2028-06-15,2028-06-15,0,0,1,4,false,true,true
2028-06-15,d2b970b8-57ef-4f06-a8bd-b6f6b3009688,DE-BY,Bavaria,DE,Germany,public_holiday,Public,Corpus Christi,2028-06-15,2028-06-15,0,0,1,4,false,true,true
2028-06-15,d23c43ee-1edf-4a1c-8007-d56b25ef8f65,DE-BY,Bavaria,DE,Germany,school_holiday,School,Pentecost Holidays,2028-06-06,2028-06-16,9,1,11,4,false,false,false
2028-06-16,d23c43ee-1edf-4a1c-8007-d56b25ef8f65,DE-BY,Bavaria,DE,Germany,school_holiday,School,Pentecost Holidays,2028-06-06,2028-06-16,10,0,11,5,false,false,true
2028-07-08,3cba7208-3dbe-4d3e-8732-e15aa249cab4,AT-SB,Salzburg,AT,Austria,school_holiday,School,Summer Holidays,2028-07-08,2028-09-10,0,64,65,6,true,true,false
2028-07-08,3cba7208-3dbe-4d3e-8732-e15aa249cab4,AT-TI,Tyrol,AT,Austria,school_holiday,School,Summer Holidays,2028-07-08,2028-09-10,0,64,65,6,true,true,false
2028-07-09,3cba7208-3dbe-4d3e-8732-e15aa249cab4,AT-SB,Salzburg,AT,Austria,school_holiday,School,Summer Holidays,2028-07-08,2028-09-10,1,63,65,7,true,false,false
2028-07-09,3cba7208-3dbe-4d3e-8732-e15aa249cab4,AT-TI,Tyrol,AT,Austria,school_holiday,School,Summer Holidays,2028-07-08,2028-09-10,1,63,65,7,true,false,false
2028-07-10,3cba7208-3dbe-4d3e-8732-e15aa249cab4,AT-SB,Salzburg,AT,Austria,school_holiday,School,Summer Holidays,2028-07-08,2028-09-10,2,62,65,1,false,false,false
2028-07-10,3cba7208-3dbe-4d3e-8732-e15aa249cab4,AT-TI,Tyrol,AT,Austria,school_holiday,School,Summer Holidays,2028-07-08,2028-09-10,2,62,65,1,false,false,false
2028-07-11,3cba7208-3dbe-4d3e-8732-e15aa249cab4,AT-SB,Salzburg,AT,Austria,school_holiday,School,Summer Holidays,2028-07-08,2028-09-10,3,61,65,2,false,false,false
2028-07-11,3cba7208-3dbe-4d3e-8732-e15aa249cab4,AT-TI,Tyrol,AT,Austria,school_holiday,School,Summer Holidays,2028-07-08,2028-09-10,3,61,65,2,false,false,false
2028-07-12,3cba7208-3dbe-4d3e-8732-e15aa249cab4,AT-SB,Salzburg,AT,Austria,school_holiday,School,Summer Holidays,2028-07-08,2028-09-10,4,60,65,3,false,false,false
2028-07-12,3cba7208-3dbe-4d3e-8732-e15aa249cab4,AT-TI,Tyrol,AT,Austria,school_holiday,School,Summer Holidays,2028-07-08,2028-09-10,4,60,65,3,false,false,false
2028-07-13,3cba7208-3dbe-4d3e-8732-e15aa249cab4,AT-SB,Salzburg,AT,Austria,school_holiday,School,Summer Holidays,2028-07-08,2028-09-10,5,59,65,4,false,false,false
2028-07-13,3cba7208-3dbe-4d3e-8732-e15aa249cab4,AT-TI,Tyrol,AT,Austria,school_holiday,School,Summer Holidays,2028-07-08,2028-09-10,5,59,65,4,false,false,false
2028-07-14,3cba7208-3dbe-4d3e-8732-e15aa249cab4,AT-SB,Salzburg,AT,Austria,school_holiday,School,Summer Holidays,2028-07-08,2028-09-10,6,58,65,5,false,false,false
2028-07-14,3cba7208-3dbe-4d3e-8732-e15aa249cab4,AT-TI,Tyrol,AT,Austria,school_holiday,School,Summer Holidays,2028-07-08,2028-09-10,6,58,65,5,false,false,false
2028-07-15,3cba7208-3dbe-4d3e-8732-e15aa249cab4,AT-SB,Salzburg,AT,Austria,school_holiday,School,Summer Holidays,2028-07-08,2028-09-10,7,57,65,6,true,false,false
2028-07-15,3cba7208-3dbe-4d3e-8732-e15aa249cab4,AT-TI,Tyrol,AT,Austria,school_holiday,School,Summer Holidays,2028-07-08,2028-09-10,7,57,65,6,true,false,false
2028-07-16,3cba7208-3dbe-4d3e-8732-e15aa249cab4,AT-SB,Salzburg,AT,Austria,school_holiday,School,Summer Holidays,2028-07-08,2028-09-10,8,56,65,7,true,false,false
2028-07-16,3cba7208-3dbe-4d3e-8732-e15aa249cab4,AT-TI,Tyrol,AT,Austria,school_holiday,School,Summer Holidays,2028-07-08,2028-09-10,8,56,65,7,true,false,false
2028-07-17,3cba7208-3dbe-4d3e-8732-e15aa249cab4,AT-SB,Salzburg,AT,Austria,school_holiday,School,Summer Holidays,2028-07-08,2028-09-10,9,55,65,1,false,false,false
2028-07-17,3cba7208-3dbe-4d3e-8732-e15aa249cab4,AT-TI,Tyrol,AT,Austria,school_holiday,School,Summer Holidays,2028-07-08,2028-09-10,9,55,65,1,false,false,false
2028-07-18,3cba7208-3dbe-4d3e-8732-e15aa249cab4,AT-SB,Salzburg,AT,Austria,school_holiday,School,Summer Holidays,2028-07-08,2028-09-10,10,54,65,2,false,false,false
2028-07-18,3cba7208-3dbe-4d3e-8732-e15aa249cab4,AT-TI,Tyrol,AT,Austria,school_holiday,School,Summer Holidays,2028-07-08,2028-09-10,10,54,65,2,false,false,false
2028-07-19,3cba7208-3dbe-4d3e-8732-e15aa249cab4,AT-SB,Salzburg,AT,Austria,school_holiday,School,Summer Holidays,2028-07-08,2028-09-10,11,53,65,3,false,false,false
2028-07-19,3cba7208-3dbe-4d3e-8732-e15aa249cab4,AT-TI,Tyrol,AT,Austria,school_holiday,School,Summer Holidays,2028-07-08,2028-09-10,11,53,65,3,false,false,false
2028-07-20,3cba7208-3dbe-4d3e-8732-e15aa249cab4,AT-SB,Salzburg,AT,Austria,school_holiday,School,Summer Holidays,2028-07-08,2028-09-10,12,52,65,4,false,false,false
2028-07-20,3cba7208-3dbe-4d3e-8732-e15aa249cab4,AT-TI,Tyrol,AT,Austria,school_holiday,School,Summer Holidays,2028-07-08,2028-09-10,12,52,65,4,false,false,false
2028-07-21,3cba7208-3dbe-4d3e-8732-e15aa249cab4,AT-SB,Salzburg,AT,Austria,school_holiday,School,Summer Holidays,2028-07-08,2028-09-10,13,51,65,5,false,false,false
2028-07-21,3cba7208-3dbe-4d3e-8732-e15aa249cab4,AT-TI,Tyrol,AT,Austria,school_holiday,School,Summer Holidays,2028-07-08,2028-09-10,13,51,65,5,false,false,false
2028-07-22,3cba7208-3dbe-4d3e-8732-e15aa249cab4,AT-SB,Salzburg,AT,Austria,school_holiday,School,Summer Holidays,2028-07-08,2028-09-10,14,50,65,6,true,false,false
2028-07-22,3cba7208-3dbe-4d3e-8732-e15aa249cab4,AT-TI,Tyrol,AT,Austria,school_holiday,School,Summer Holidays,2028-07-08,2028-09-10,14,50,65,6,true,false,false
2028-07-23,3cba7208-3dbe-4d3e-8732-e15aa249cab4,AT-SB,Salzburg,AT,Austria,school_holiday,School,Summer Holidays,2028-07-08,2028-09-10,15,49,65,7,true,false,false
2028-07-23,3cba7208-3dbe-4d3e-8732-e15aa249cab4,AT-TI,Tyrol,AT,Austria,school_holiday,School,Summer Holidays,2028-07-08,2028-09-10,15,49,65,7,true,false,false
2028-07-24,3cba7208-3dbe-4d3e-8732-e15aa249cab4,AT-SB,Salzburg,AT,Austria,school_holiday,School,Summer Holidays,2028-07-08,2028-09-10,16,48,65,1,false,false,false
2028-07-24,3cba7208-3dbe-4d3e-8732-e15aa249cab4,AT-TI,Tyrol,AT,Austria,school_holiday,School,Summer Holidays,2028-07-08,2028-09-10,16,48,65,1,false,false,false
2028-07-25,3cba7208-3dbe-4d3e-8732-e15aa249cab4,AT-SB,Salzburg,AT,Austria,school_holiday,School,Summer Holidays,2028-07-08,2028-09-10,17,47,65,2,false,false,false
2028-07-25,3cba7208-3dbe-4d3e-8732-e15aa249cab4,AT-TI,Tyrol,AT,Austria,school_holiday,School,Summer Holidays,2028-07-08,2028-09-10,17,47,65,2,false,false,false
2028-07-26,3cba7208-3dbe-4d3e-8732-e15aa249cab4,AT-SB,Salzburg,AT,Austria,school_holiday,School,Summer Holidays,2028-07-08,2028-09-10,18,46,65,3,false,false,false
2028-07-26,3cba7208-3dbe-4d3e-8732-e15aa249cab4,AT-TI,Tyrol,AT,Austria,school_holiday,School,Summer Holidays,2028-07-08,2028-09-10,18,46,65,3,false,false,false
2028-07-27,3cba7208-3dbe-4d3e-8732-e15aa249cab4,AT-SB,Salzburg,AT,Austria,school_holiday,School,Summer Holidays,2028-07-08,2028-09-10,19,45,65,4,false,false,false
2028-07-27,3cba7208-3dbe-4d3e-8732-e15aa249cab4,AT-TI,Tyrol,AT,Austria,school_holiday,School,Summer Holidays,2028-07-08,2028-09-10,19,45,65,4,false,false,false
2028-07-28,3cba7208-3dbe-4d3e-8732-e15aa249cab4,AT-SB,Salzburg,AT,Austria,school_holiday,School,Summer Holidays,2028-07-08,2028-09-10,20,44,65,5,false,false,false
2028-07-28,3cba7208-3dbe-4d3e-8732-e15aa249cab4,AT-TI,Tyrol,AT,Austria,school_holiday,School,Summer Holidays,2028-07-08,2028-09-10,20,44,65,5,false,false,false
2028-07-29,3cba7208-3dbe-4d3e-8732-e15aa249cab4,AT-SB,Salzburg,AT,Austria,school_holiday,School,Summer Holidays,2028-07-08,2028-09-10,21,43,65,6,true,false,false
2028-07-29,3cba7208-3dbe-4d3e-8732-e15aa249cab4,AT-TI,Tyrol,AT,Austria,school_holiday,School,Summer Holidays,2028-07-08,2028-09-10,21,43,65,6,true,false,false
2028-07-30,3cba7208-3dbe-4d3e-8732-e15aa249cab4,AT-SB,Salzburg,AT,Austria,school_holiday,School,Summer Holidays,2028-07-08,2028-09-10,22,42,65,7,true,false,false
2028-07-30,3cba7208-3dbe-4d3e-8732-e15aa249cab4,AT-TI,Tyrol,AT,Austria,school_holiday,School,Summer Holidays,2028-07-08,2028-09-10,22,42,65,7,true,false,false
2028-07-31,3cba7208-3dbe-4d3e-8732-e15aa249cab4,AT-SB,Salzburg,AT,Austria,school_holiday,School,Summer Holidays,2028-07-08,2028-09-10,23,41,65,1,false,false,false
2028-07-31,3cba7208-3dbe-4d3e-8732-e15aa249cab4,AT-TI,Tyrol,AT,Austria,school_holiday,School,Summer Holidays,2028-07-08,2028-09-10,23,41,65,1,false,false,false
2028-07-31,73ad9a8a-8063-4dd7-b548-008bf03c8a7b,DE-BY,Bavaria,DE,Germany,school_holiday,School,Summer Holidays,2028-07-31,2028-09-11,0,42,43,1,false,true,false
2028-08-01,3cba7208-3dbe-4d3e-8732-e15aa249cab4,AT-SB,Salzburg,AT,Austria,school_holiday,School,Summer Holidays,2028-07-08,2028-09-10,24,40,65,2,false,false,false
2028-08-01,3cba7208-3dbe-4d3e-8732-e15aa249cab4,AT-TI,Tyrol,AT,Austria,school_holiday,School,Summer Holidays,2028-07-08,2028-09-10,24,40,65,2,false,false,false
2028-08-01,73ad9a8a-8063-4dd7-b548-008bf03c8a7b,DE-BY,Bavaria,DE,Germany,school_holiday,School,Summer Holidays,2028-07-31,2028-09-11,1,41,43,2,false,false,false
2028-08-02,3cba7208-3dbe-4d3e-8732-e15aa249cab4,AT-SB,Salzburg,AT,Austria,school_holiday,School,Summer Holidays,2028-07-08,2028-09-10,25,39,65,3,false,false,false
2028-08-02,3cba7208-3dbe-4d3e-8732-e15aa249cab4,AT-TI,Tyrol,AT,Austria,school_holiday,School,Summer Holidays,2028-07-08,2028-09-10,25,39,65,3,false,false,false
2028-08-02,73ad9a8a-8063-4dd7-b548-008bf03c8a7b,DE-BY,Bavaria,DE,Germany,school_holiday,School,Summer Holidays,2028-07-31,2028-09-11,2,40,43,3,false,false,false
2028-08-03,3cba7208-3dbe-4d3e-8732-e15aa249cab4,AT-SB,Salzburg,AT,Austria,school_holiday,School,Summer Holidays,2028-07-08,2028-09-10,26,38,65,4,false,false,false
2028-08-03,3cba7208-3dbe-4d3e-8732-e15aa249cab4,AT-TI,Tyrol,AT,Austria,school_holiday,School,Summer Holidays,2028-07-08,2028-09-10,26,38,65,4,false,false,false
2028-08-03,73ad9a8a-8063-4dd7-b548-008bf03c8a7b,DE-BY,Bavaria,DE,Germany,school_holiday,School,Summer Holidays,2028-07-31,2028-09-11,3,39,43,4,false,false,false
2028-08-04,3cba7208-3dbe-4d3e-8732-e15aa249cab4,AT-SB,Salzburg,AT,Austria,school_holiday,School,Summer Holidays,2028-07-08,2028-09-10,27,37,65,5,false,false,false
2028-08-04,3cba7208-3dbe-4d3e-8732-e15aa249cab4,AT-TI,Tyrol,AT,Austria,school_holiday,School,Summer Holidays,2028-07-08,2028-09-10,27,37,65,5,false,false,false
2028-08-04,73ad9a8a-8063-4dd7-b548-008bf03c8a7b,DE-BY,Bavaria,DE,Germany,school_holiday,School,Summer Holidays,2028-07-31,2028-09-11,4,38,43,5,false,false,false
2028-08-05,3cba7208-3dbe-4d3e-8732-e15aa249cab4,AT-SB,Salzburg,AT,Austria,school_holiday,School,Summer Holidays,2028-07-08,2028-09-10,28,36,65,6,true,false,false
2028-08-05,3cba7208-3dbe-4d3e-8732-e15aa249cab4,AT-TI,Tyrol,AT,Austria,school_holiday,School,Summer Holidays,2028-07-08,2028-09-10,28,36,65,6,true,false,false
2028-08-05,73ad9a8a-8063-4dd7-b548-008bf03c8a7b,DE-BY,Bavaria,DE,Germany,school_holiday,School,Summer Holidays,2028-07-31,2028-09-11,5,37,43,6,true,false,false
2028-08-06,3cba7208-3dbe-4d3e-8732-e15aa249cab4,AT-SB,Salzburg,AT,Austria,school_holiday,School,Summer Holidays,2028-07-08,2028-09-10,29,35,65,7,true,false,false
2028-08-06,3cba7208-3dbe-4d3e-8732-e15aa249cab4,AT-TI,Tyrol,AT,Austria,school_holiday,School,Summer Holidays,2028-07-08,2028-09-10,29,35,65,7,true,false,false
2028-08-06,73ad9a8a-8063-4dd7-b548-008bf03c8a7b,DE-BY,Bavaria,DE,Germany,school_holiday,School,Summer Holidays,2028-07-31,2028-09-11,6,36,43,7,true,false,false
2028-08-07,3cba7208-3dbe-4d3e-8732-e15aa249cab4,AT-SB,Salzburg,AT,Austria,school_holiday,School,Summer Holidays,2028-07-08,2028-09-10,30,34,65,1,false,false,false
2028-08-07,3cba7208-3dbe-4d3e-8732-e15aa249cab4,AT-TI,Tyrol,AT,Austria,school_holiday,School,Summer Holidays,2028-07-08,2028-09-10,30,34,65,1,false,false,false
2028-08-07,73ad9a8a-8063-4dd7-b548-008bf03c8a7b,DE-BY,Bavaria,DE,Germany,school_holiday,School,Summer Holidays,2028-07-31,2028-09-11,7,35,43,1,false,false,false
2028-08-08,3cba7208-3dbe-4d3e-8732-e15aa249cab4,AT-SB,Salzburg,AT,Austria,school_holiday,School,Summer Holidays,2028-07-08,2028-09-10,31,33,65,2,false,false,false
2028-08-08,3cba7208-3dbe-4d3e-8732-e15aa249cab4,AT-TI,Tyrol,AT,Austria,school_holiday,School,Summer Holidays,2028-07-08,2028-09-10,31,33,65,2,false,false,false
2028-08-08,73ad9a8a-8063-4dd7-b548-008bf03c8a7b,DE-BY,Bavaria,DE,Germany,school_holiday,School,Summer Holidays,2028-07-31,2028-09-11,8,34,43,2,false,false,false
2028-08-09,3cba7208-3dbe-4d3e-8732-e15aa249cab4,AT-SB,Salzburg,AT,Austria,school_holiday,School,Summer Holidays,2028-07-08,2028-09-10,32,32,65,3,false,false,false
2028-08-09,3cba7208-3dbe-4d3e-8732-e15aa249cab4,AT-TI,Tyrol,AT,Austria,school_holiday,School,Summer Holidays,2028-07-08,2028-09-10,32,32,65,3,false,false,false
2028-08-09,73ad9a8a-8063-4dd7-b548-008bf03c8a7b,DE-BY,Bavaria,DE,Germany,school_holiday,School,Summer Holidays,2028-07-31,2028-09-11,9,33,43,3,false,false,false
2028-08-10,3cba7208-3dbe-4d3e-8732-e15aa249cab4,AT-SB,Salzburg,AT,Austria,school_holiday,School,Summer Holidays,2028-07-08,2028-09-10,33,31,65,4,false,false,false
2028-08-10,3cba7208-3dbe-4d3e-8732-e15aa249cab4,AT-TI,Tyrol,AT,Austria,school_holiday,School,Summer Holidays,2028-07-08,2028-09-10,33,31,65,4,false,false,false
2028-08-10,73ad9a8a-8063-4dd7-b548-008bf03c8a7b,DE-BY,Bavaria,DE,Germany,school_holiday,School,Summer Holidays,2028-07-31,2028-09-11,10,32,43,4,false,false,false
2028-08-11,3cba7208-3dbe-4d3e-8732-e15aa249cab4,AT-SB,Salzburg,AT,Austria,school_holiday,School,Summer Holidays,2028-07-08,2028-09-10,34,30,65,5,false,false,false
2028-08-11,3cba7208-3dbe-4d3e-8732-e15aa249cab4,AT-TI,Tyrol,AT,Austria,school_holiday,School,Summer Holidays,2028-07-08,2028-09-10,34,30,65,5,false,false,false
2028-08-11,73ad9a8a-8063-4dd7-b548-008bf03c8a7b,DE-BY,Bavaria,DE,Germany,school_holiday,School,Summer Holidays,2028-07-31,2028-09-11,11,31,43,5,false,false,false
2028-08-12,3cba7208-3dbe-4d3e-8732-e15aa249cab4,AT-SB,Salzburg,AT,Austria,school_holiday,School,Summer Holidays,2028-07-08,2028-09-10,35,29,65,6,true,false,false
2028-08-12,3cba7208-3dbe-4d3e-8732-e15aa249cab4,AT-TI,Tyrol,AT,Austria,school_holiday,School,Summer Holidays,2028-07-08,2028-09-10,35,29,65,6,true,false,false
2028-08-12,73ad9a8a-8063-4dd7-b548-008bf03c8a7b,DE-BY,Bavaria,DE,Germany,school_holiday,School,Summer Holidays,2028-07-31,2028-09-11,12,30,43,6,true,false,false
2028-08-13,3cba7208-3dbe-4d3e-8732-e15aa249cab4,AT-SB,Salzburg,AT,Austria,school_holiday,School,Summer Holidays,2028-07-08,2028-09-10,36,28,65,7,true,false,false
2028-08-13,3cba7208-3dbe-4d3e-8732-e15aa249cab4,AT-TI,Tyrol,AT,Austria,school_holiday,School,Summer Holidays,2028-07-08,2028-09-10,36,28,65,7,true,false,false
2028-08-13,73ad9a8a-8063-4dd7-b548-008bf03c8a7b,DE-BY,Bavaria,DE,Germany,school_holiday,School,Summer Holidays,2028-07-31,2028-09-11,13,29,43,7,true,false,false
2028-08-14,3cba7208-3dbe-4d3e-8732-e15aa249cab4,AT-SB,Salzburg,AT,Austria,school_holiday,School,Summer Holidays,2028-07-08,2028-09-10,37,27,65,1,false,false,false
2028-08-14,3cba7208-3dbe-4d3e-8732-e15aa249cab4,AT-TI,Tyrol,AT,Austria,school_holiday,School,Summer Holidays,2028-07-08,2028-09-10,37,27,65,1,false,false,false
2028-08-14,73ad9a8a-8063-4dd7-b548-008bf03c8a7b,DE-BY,Bavaria,DE,Germany,school_holiday,School,Summer Holidays,2028-07-31,2028-09-11,14,28,43,1,false,false,false
2028-08-15,ec561351-67c1-4c7e-a8fe-1e9754f37ae6,AT-SB,Salzburg,AT,Austria,public_holiday,Public,Assumption Day,2028-08-15,2028-08-15,0,0,1,2,false,true,true
2028-08-15,3cba7208-3dbe-4d3e-8732-e15aa249cab4,AT-SB,Salzburg,AT,Austria,school_holiday,School,Summer Holidays,2028-07-08,2028-09-10,38,26,65,2,false,false,false
2028-08-15,ec561351-67c1-4c7e-a8fe-1e9754f37ae6,AT-TI,Tyrol,AT,Austria,public_holiday,Public,Assumption Day,2028-08-15,2028-08-15,0,0,1,2,false,true,true
2028-08-15,3cba7208-3dbe-4d3e-8732-e15aa249cab4,AT-TI,Tyrol,AT,Austria,school_holiday,School,Summer Holidays,2028-07-08,2028-09-10,38,26,65,2,false,false,false
2028-08-15,a31e1f51-5d92-4a9f-a2e8-d2112c813be8,DE-BY,Bavaria,DE,Germany,public_holiday,Public,Assumption Day,2028-08-15,2028-08-15,0,0,1,2,false,true,true
2028-08-15,73ad9a8a-8063-4dd7-b548-008bf03c8a7b,DE-BY,Bavaria,DE,Germany,school_holiday,School,Summer Holidays,2028-07-31,2028-09-11,15,27,43,2,false,false,false
2028-08-16,3cba7208-3dbe-4d3e-8732-e15aa249cab4,AT-SB,Salzburg,AT,Austria,school_holiday,School,Summer Holidays,2028-07-08,2028-09-10,39,25,65,3,false,false,false
2028-08-16,3cba7208-3dbe-4d3e-8732-e15aa249cab4,AT-TI,Tyrol,AT,Austria,school_holiday,School,Summer Holidays,2028-07-08,2028-09-10,39,25,65,3,false,false,false
2028-08-16,73ad9a8a-8063-4dd7-b548-008bf03c8a7b,DE-BY,Bavaria,DE,Germany,school_holiday,School,Summer Holidays,2028-07-31,2028-09-11,16,26,43,3,false,false,false
2028-08-17,3cba7208-3dbe-4d3e-8732-e15aa249cab4,AT-SB,Salzburg,AT,Austria,school_holiday,School,Summer Holidays,2028-07-08,2028-09-10,40,24,65,4,false,false,false
2028-08-17,3cba7208-3dbe-4d3e-8732-e15aa249cab4,AT-TI,Tyrol,AT,Austria,school_holiday,School,Summer Holidays,2028-07-08,2028-09-10,40,24,65,4,false,false,false
2028-08-17,73ad9a8a-8063-4dd7-b548-008bf03c8a7b,DE-BY,Bavaria,DE,Germany,school_holiday,School,Summer Holidays,2028-07-31,2028-09-11,17,25,43,4,false,false,false
2028-08-18,3cba7208-3dbe-4d3e-8732-e15aa249cab4,AT-SB,Salzburg,AT,Austria,school_holiday,School,Summer Holidays,2028-07-08,2028-09-10,41,23,65,5,false,false,false
2028-08-18,3cba7208-3dbe-4d3e-8732-e15aa249cab4,AT-TI,Tyrol,AT,Austria,school_holiday,School,Summer Holidays,2028-07-08,2028-09-10,41,23,65,5,false,false,false
2028-08-18,73ad9a8a-8063-4dd7-b548-008bf03c8a7b,DE-BY,Bavaria,DE,Germany,school_holiday,School,Summer Holidays,2028-07-31,2028-09-11,18,24,43,5,false,false,false
2028-08-19,3cba7208-3dbe-4d3e-8732-e15aa249cab4,AT-SB,Salzburg,AT,Austria,school_holiday,School,Summer Holidays,2028-07-08,2028-09-10,42,22,65,6,true,false,false
2028-08-19,3cba7208-3dbe-4d3e-8732-e15aa249cab4,AT-TI,Tyrol,AT,Austria,school_holiday,School,Summer Holidays,2028-07-08,2028-09-10,42,22,65,6,true,false,false
2028-08-19,73ad9a8a-8063-4dd7-b548-008bf03c8a7b,DE-BY,Bavaria,DE,Germany,school_holiday,School,Summer Holidays,2028-07-31,2028-09-11,19,23,43,6,true,false,false
2028-08-20,3cba7208-3dbe-4d3e-8732-e15aa249cab4,AT-SB,Salzburg,AT,Austria,school_holiday,School,Summer Holidays,2028-07-08,2028-09-10,43,21,65,7,true,false,false
2028-08-20,3cba7208-3dbe-4d3e-8732-e15aa249cab4,AT-TI,Tyrol,AT,Austria,school_holiday,School,Summer Holidays,2028-07-08,2028-09-10,43,21,65,7,true,false,false
2028-08-20,73ad9a8a-8063-4dd7-b548-008bf03c8a7b,DE-BY,Bavaria,DE,Germany,school_holiday,School,Summer Holidays,2028-07-31,2028-09-11,20,22,43,7,true,false,false
2028-08-21,3cba7208-3dbe-4d3e-8732-e15aa249cab4,AT-SB,Salzburg,AT,Austria,school_holiday,School,Summer Holidays,2028-07-08,2028-09-10,44,20,65,1,false,false,false
2028-08-21,3cba7208-3dbe-4d3e-8732-e15aa249cab4,AT-TI,Tyrol,AT,Austria,school_holiday,School,Summer Holidays,2028-07-08,2028-09-10,44,20,65,1,false,false,false
2028-08-21,73ad9a8a-8063-4dd7-b548-008bf03c8a7b,DE-BY,Bavaria,DE,Germany,school_holiday,School,Summer Holidays,2028-07-31,2028-09-11,21,21,43,1,false,false,false
2028-08-22,3cba7208-3dbe-4d3e-8732-e15aa249cab4,AT-SB,Salzburg,AT,Austria,school_holiday,School,Summer Holidays,2028-07-08,2028-09-10,45,19,65,2,false,false,false
2028-08-22,3cba7208-3dbe-4d3e-8732-e15aa249cab4,AT-TI,Tyrol,AT,Austria,school_holiday,School,Summer Holidays,2028-07-08,2028-09-10,45,19,65,2,false,false,false
2028-08-22,73ad9a8a-8063-4dd7-b548-008bf03c8a7b,DE-BY,Bavaria,DE,Germany,school_holiday,School,Summer Holidays,2028-07-31,2028-09-11,22,20,43,2,false,false,false
2028-08-23,3cba7208-3dbe-4d3e-8732-e15aa249cab4,AT-SB,Salzburg,AT,Austria,school_holiday,School,Summer Holidays,2028-07-08,2028-09-10,46,18,65,3,false,false,false
2028-08-23,3cba7208-3dbe-4d3e-8732-e15aa249cab4,AT-TI,Tyrol,AT,Austria,school_holiday,School,Summer Holidays,2028-07-08,2028-09-10,46,18,65,3,false,false,false
2028-08-23,73ad9a8a-8063-4dd7-b548-008bf03c8a7b,DE-BY,Bavaria,DE,Germany,school_holiday,School,Summer Holidays,2028-07-31,2028-09-11,23,19,43,3,false,false,false
2028-08-24,3cba7208-3dbe-4d3e-8732-e15aa249cab4,AT-SB,Salzburg,AT,Austria,school_holiday,School,Summer Holidays,2028-07-08,2028-09-10,47,17,65,4,false,false,false
2028-08-24,3cba7208-3dbe-4d3e-8732-e15aa249cab4,AT-TI,Tyrol,AT,Austria,school_holiday,School,Summer Holidays,2028-07-08,2028-09-10,47,17,65,4,false,false,false
2028-08-24,73ad9a8a-8063-4dd7-b548-008bf03c8a7b,DE-BY,Bavaria,DE,Germany,school_holiday,School,Summer Holidays,2028-07-31,2028-09-11,24,18,43,4,false,false,false
2028-08-25,3cba7208-3dbe-4d3e-8732-e15aa249cab4,AT-SB,Salzburg,AT,Austria,school_holiday,School,Summer Holidays,2028-07-08,2028-09-10,48,16,65,5,false,false,false
2028-08-25,3cba7208-3dbe-4d3e-8732-e15aa249cab4,AT-TI,Tyrol,AT,Austria,school_holiday,School,Summer Holidays,2028-07-08,2028-09-10,48,16,65,5,false,false,false
2028-08-25,73ad9a8a-8063-4dd7-b548-008bf03c8a7b,DE-BY,Bavaria,DE,Germany,school_holiday,School,Summer Holidays,2028-07-31,2028-09-11,25,17,43,5,false,false,false
2028-08-26,3cba7208-3dbe-4d3e-8732-e15aa249cab4,AT-SB,Salzburg,AT,Austria,school_holiday,School,Summer Holidays,2028-07-08,2028-09-10,49,15,65,6,true,false,false
2028-08-26,3cba7208-3dbe-4d3e-8732-e15aa249cab4,AT-TI,Tyrol,AT,Austria,school_holiday,School,Summer Holidays,2028-07-08,2028-09-10,49,15,65,6,true,false,false
2028-08-26,73ad9a8a-8063-4dd7-b548-008bf03c8a7b,DE-BY,Bavaria,DE,Germany,school_holiday,School,Summer Holidays,2028-07-31,2028-09-11,26,16,43,6,true,false,false
2028-08-27,3cba7208-3dbe-4d3e-8732-e15aa249cab4,AT-SB,Salzburg,AT,Austria,school_holiday,School,Summer Holidays,2028-07-08,2028-09-10,50,14,65,7,true,false,false
2028-08-27,3cba7208-3dbe-4d3e-8732-e15aa249cab4,AT-TI,Tyrol,AT,Austria,school_holiday,School,Summer Holidays,2028-07-08,2028-09-10,50,14,65,7,true,false,false
2028-08-27,73ad9a8a-8063-4dd7-b548-008bf03c8a7b,DE-BY,Bavaria,DE,Germany,school_holiday,School,Summer Holidays,2028-07-31,2028-09-11,27,15,43,7,true,false,false
2028-08-28,3cba7208-3dbe-4d3e-8732-e15aa249cab4,AT-SB,Salzburg,AT,Austria,school_holiday,School,Summer Holidays,2028-07-08,2028-09-10,51,13,65,1,false,false,false
2028-08-28,3cba7208-3dbe-4d3e-8732-e15aa249cab4,AT-TI,Tyrol,AT,Austria,school_holiday,School,Summer Holidays,2028-07-08,2028-09-10,51,13,65,1,false,false,false
2028-08-28,73ad9a8a-8063-4dd7-b548-008bf03c8a7b,DE-BY,Bavaria,DE,Germany,school_holiday,School,Summer Holidays,2028-07-31,2028-09-11,28,14,43,1,false,false,false
2028-08-29,3cba7208-3dbe-4d3e-8732-e15aa249cab4,AT-SB,Salzburg,AT,Austria,school_holiday,School,Summer Holidays,2028-07-08,2028-09-10,52,12,65,2,false,false,false
2028-08-29,3cba7208-3dbe-4d3e-8732-e15aa249cab4,AT-TI,Tyrol,AT,Austria,school_holiday,School,Summer Holidays,2028-07-08,2028-09-10,52,12,65,2,false,false,false
2028-08-29,73ad9a8a-8063-4dd7-b548-008bf03c8a7b,DE-BY,Bavaria,DE,Germany,school_holiday,School,Summer Holidays,2028-07-31,2028-09-11,29,13,43,2,false,false,false
2028-08-30,3cba7208-3dbe-4d3e-8732-e15aa249cab4,AT-SB,Salzburg,AT,Austria,school_holiday,School,Summer Holidays,2028-07-08,2028-09-10,53,11,65,3,false,false,false
2028-08-30,3cba7208-3dbe-4d3e-8732-e15aa249cab4,AT-TI,Tyrol,AT,Austria,school_holiday,School,Summer Holidays,2028-07-08,2028-09-10,53,11,65,3,false,false,false
2028-08-30,73ad9a8a-8063-4dd7-b548-008bf03c8a7b,DE-BY,Bavaria,DE,Germany,school_holiday,School,Summer Holidays,2028-07-31,2028-09-11,30,12,43,3,false,false,false
2028-08-31,3cba7208-3dbe-4d3e-8732-e15aa249cab4,AT-SB,Salzburg,AT,Austria,school_holiday,School,Summer Holidays,2028-07-08,2028-09-10,54,10,65,4,false,false,false
2028-08-31,3cba7208-3dbe-4d3e-8732-e15aa249cab4,AT-TI,Tyrol,AT,Austria,school_holiday,School,Summer Holidays,2028-07-08,2028-09-10,54,10,65,4,false,false,false
2028-08-31,73ad9a8a-8063-4dd7-b548-008bf03c8a7b,DE-BY,Bavaria,DE,Germany,school_holiday,School,Summer Holidays,2028-07-31,2028-09-11,31,11,43,4,false,false,false
2028-09-01,3cba7208-3dbe-4d3e-8732-e15aa249cab4,AT-SB,Salzburg,AT,Austria,school_holiday,School,Summer Holidays,2028-07-08,2028-09-10,55,9,65,5,false,false,false
2028-09-01,3cba7208-3dbe-4d3e-8732-e15aa249cab4,AT-TI,Tyrol,AT,Austria,school_holiday,School,Summer Holidays,2028-07-08,2028-09-10,55,9,65,5,false,false,false
2028-09-01,73ad9a8a-8063-4dd7-b548-008bf03c8a7b,DE-BY,Bavaria,DE,Germany,school_holiday,School,Summer Holidays,2028-07-31,2028-09-11,32,10,43,5,false,false,false
2028-09-02,3cba7208-3dbe-4d3e-8732-e15aa249cab4,AT-SB,Salzburg,AT,Austria,school_holiday,School,Summer Holidays,2028-07-08,2028-09-10,56,8,65,6,true,false,false
2028-09-02,3cba7208-3dbe-4d3e-8732-e15aa249cab4,AT-TI,Tyrol,AT,Austria,school_holiday,School,Summer Holidays,2028-07-08,2028-09-10,56,8,65,6,true,false,false
2028-09-02,73ad9a8a-8063-4dd7-b548-008bf03c8a7b,DE-BY,Bavaria,DE,Germany,school_holiday,School,Summer Holidays,2028-07-31,2028-09-11,33,9,43,6,true,false,false
2028-09-03,3cba7208-3dbe-4d3e-8732-e15aa249cab4,AT-SB,Salzburg,AT,Austria,school_holiday,School,Summer Holidays,2028-07-08,2028-09-10,57,7,65,7,true,false,false
2028-09-03,3cba7208-3dbe-4d3e-8732-e15aa249cab4,AT-TI,Tyrol,AT,Austria,school_holiday,School,Summer Holidays,2028-07-08,2028-09-10,57,7,65,7,true,false,false
2028-09-03,73ad9a8a-8063-4dd7-b548-008bf03c8a7b,DE-BY,Bavaria,DE,Germany,school_holiday,School,Summer Holidays,2028-07-31,2028-09-11,34,8,43,7,true,false,false
2028-09-04,3cba7208-3dbe-4d3e-8732-e15aa249cab4,AT-SB,Salzburg,AT,Austria,school_holiday,School,Summer Holidays,2028-07-08,2028-09-10,58,6,65,1,false,false,false
2028-09-04,3cba7208-3dbe-4d3e-8732-e15aa249cab4,AT-TI,Tyrol,AT,Austria,school_holiday,School,Summer Holidays,2028-07-08,2028-09-10,58,6,65,1,false,false,false
2028-09-04,73ad9a8a-8063-4dd7-b548-008bf03c8a7b,DE-BY,Bavaria,DE,Germany,school_holiday,School,Summer Holidays,2028-07-31,2028-09-11,35,7,43,1,false,false,false
2028-09-05,3cba7208-3dbe-4d3e-8732-e15aa249cab4,AT-SB,Salzburg,AT,Austria,school_holiday,School,Summer Holidays,2028-07-08,2028-09-10,59,5,65,2,false,false,false
2028-09-05,3cba7208-3dbe-4d3e-8732-e15aa249cab4,AT-TI,Tyrol,AT,Austria,school_holiday,School,Summer Holidays,2028-07-08,2028-09-10,59,5,65,2,false,false,false
2028-09-05,73ad9a8a-8063-4dd7-b548-008bf03c8a7b,DE-BY,Bavaria,DE,Germany,school_holiday,School,Summer Holidays,2028-07-31,2028-09-11,36,6,43,2,false,false,false
2028-09-06,3cba7208-3dbe-4d3e-8732-e15aa249cab4,AT-SB,Salzburg,AT,Austria,school_holiday,School,Summer Holidays,2028-07-08,2028-09-10,60,4,65,3,false,false,false
2028-09-06,3cba7208-3dbe-4d3e-8732-e15aa249cab4,AT-TI,Tyrol,AT,Austria,school_holiday,School,Summer Holidays,2028-07-08,2028-09-10,60,4,65,3,false,false,false
2028-09-06,73ad9a8a-8063-4dd7-b548-008bf03c8a7b,DE-BY,Bavaria,DE,Germany,school_holiday,School,Summer Holidays,2028-07-31,2028-09-11,37,5,43,3,false,false,false
2028-09-07,3cba7208-3dbe-4d3e-8732-e15aa249cab4,AT-SB,Salzburg,AT,Austria,school_holiday,School,Summer Holidays,2028-07-08,2028-09-10,61,3,65,4,false,false,false
2028-09-07,3cba7208-3dbe-4d3e-8732-e15aa249cab4,AT-TI,Tyrol,AT,Austria,school_holiday,School,Summer Holidays,2028-07-08,2028-09-10,61,3,65,4,false,false,false
2028-09-07,73ad9a8a-8063-4dd7-b548-008bf03c8a7b,DE-BY,Bavaria,DE,Germany,school_holiday,School,Summer Holidays,2028-07-31,2028-09-11,38,4,43,4,false,false,false
2028-09-08,3cba7208-3dbe-4d3e-8732-e15aa249cab4,AT-SB,Salzburg,AT,Austria,school_holiday,School,Summer Holidays,2028-07-08,2028-09-10,62,2,65,5,false,false,false
2028-09-08,3cba7208-3dbe-4d3e-8732-e15aa249cab4,AT-TI,Tyrol,AT,Austria,school_holiday,School,Summer Holidays,2028-07-08,2028-09-10,62,2,65,5,false,false,false
2028-09-08,73ad9a8a-8063-4dd7-b548-008bf03c8a7b,DE-BY,Bavaria,DE,Germany,school_holiday,School,Summer Holidays,2028-07-31,2028-09-11,39,3,43,5,false,false,false
2028-09-09,3cba7208-3dbe-4d3e-8732-e15aa249cab4,AT-SB,Salzburg,AT,Austria,school_holiday,School,Summer Holidays,2028-07-08,2028-09-10,63,1,65,6,true,false,false
2028-09-09,3cba7208-3dbe-4d3e-8732-e15aa249cab4,AT-TI,Tyrol,AT,Austria,school_holiday,School,Summer Holidays,2028-07-08,2028-09-10,63,1,65,6,true,false,false
2028-09-09,73ad9a8a-8063-4dd7-b548-008bf03c8a7b,DE-BY,Bavaria,DE,Germany,school_holiday,School,Summer Holidays,2028-07-31,2028-09-11,40,2,43,6,true,false,false
2028-09-10,3cba7208-3dbe-4d3e-8732-e15aa249cab4,AT-SB,Salzburg,AT,Austria,school_holiday,School,Summer Holidays,2028-07-08,2028-09-10,64,0,65,7,true,false,true
2028-09-10,3cba7208-3dbe-4d3e-8732-e15aa249cab4,AT-TI,Tyrol,AT,Austria,school_holiday,School,Summer Holidays,2028-07-08,2028-09-10,64,0,65,7,true,false,true
2028-09-10,73ad9a8a-8063-4dd7-b548-008bf03c8a7b,DE-BY,Bavaria,DE,Germany,school_holiday,School,Summer Holidays,2028-07-31,2028-09-11,41,1,43,7,true,false,false
2028-09-11,73ad9a8a-8063-4dd7-b548-008bf03c8a7b,DE-BY,Bavaria,DE,Germany,school_holiday,School,Summer Holidays,2028-07-31,2028-09-11,42,0,43,1,false,false,true
2028-09-24,cf5a847c-58de-48f7-bceb-1c9298a46a1f,AT-SB,Salzburg,AT,Austria,school_holiday,School,Saint Rupert's Day,2028-09-24,2028-09-24,0,0,1,7,true,true,true
2028-10-03,0bab590b-6c97-4feb-bb8e-fde4ccf45d5f,DE-BY,Bavaria,DE,Germany,public_holiday,Public,Day of German Unity,2028-10-03,2028-10-03,0,0,1,2,false,true,true
2028-10-26,a66d2f14-7e4b-4c4f-94e7-ed19892cd849,AT-SB,Salzburg,AT,Austria,public_holiday,Public,National Day,2028-10-26,2028-10-26,0,0,1,4,false,true,true
2028-10-26,a66d2f14-7e4b-4c4f-94e7-ed19892cd849,AT-TI,Tyrol,AT,Austria,public_holiday,Public,National Day,2028-10-26,2028-10-26,0,0,1,4,false,true,true
2028-10-27,ef59d4e7-c275-43c6-9654-7ffbf1482a19,AT-SB,Salzburg,AT,Austria,school_holiday,School,Autumn Holidays,2028-10-27,2028-10-31,0,4,5,5,false,true,false
2028-10-27,ef59d4e7-c275-43c6-9654-7ffbf1482a19,AT-TI,Tyrol,AT,Austria,school_holiday,School,Autumn Holidays,2028-10-27,2028-10-31,0,4,5,5,false,true,false
2028-10-28,ef59d4e7-c275-43c6-9654-7ffbf1482a19,AT-SB,Salzburg,AT,Austria,school_holiday,School,Autumn Holidays,2028-10-27,2028-10-31,1,3,5,6,true,false,false
2028-10-28,ef59d4e7-c275-43c6-9654-7ffbf1482a19,AT-TI,Tyrol,AT,Austria,school_holiday,School,Autumn Holidays,2028-10-27,2028-10-31,1,3,5,6,true,false,false
2028-10-29,ef59d4e7-c275-43c6-9654-7ffbf1482a19,AT-SB,Salzburg,AT,Austria,school_holiday,School,Autumn Holidays,2028-10-27,2028-10-31,2,2,5,7,true,false,false
2028-10-29,ef59d4e7-c275-43c6-9654-7ffbf1482a19,AT-TI,Tyrol,AT,Austria,school_holiday,School,Autumn Holidays,2028-10-27,2028-10-31,2,2,5,7,true,false,false
2028-10-30,ef59d4e7-c275-43c6-9654-7ffbf1482a19,AT-SB,Salzburg,AT,Austria,school_holiday,School,Autumn Holidays,2028-10-27,2028-10-31,3,1,5,1,false,false,false
2028-10-30,ef59d4e7-c275-43c6-9654-7ffbf1482a19,AT-TI,Tyrol,AT,Austria,school_holiday,School,Autumn Holidays,2028-10-27,2028-10-31,3,1,5,1,false,false,false
2028-10-30,4a305ebe-3c17-4a56-8dfd-e8a8ed1a9bf7,DE-BY,Bavaria,DE,Germany,school_holiday,School,Autumn Holidays,2028-10-30,2028-11-03,0,4,5,1,false,true,false
2028-10-31,ef59d4e7-c275-43c6-9654-7ffbf1482a19,AT-SB,Salzburg,AT,Austria,school_holiday,School,Autumn Holidays,2028-10-27,2028-10-31,4,0,5,2,false,false,true
2028-10-31,ef59d4e7-c275-43c6-9654-7ffbf1482a19,AT-TI,Tyrol,AT,Austria,school_holiday,School,Autumn Holidays,2028-10-27,2028-10-31,4,0,5,2,false,false,true
2028-10-31,4a305ebe-3c17-4a56-8dfd-e8a8ed1a9bf7,DE-BY,Bavaria,DE,Germany,school_holiday,School,Autumn Holidays,2028-10-30,2028-11-03,1,3,5,2,false,false,false
2028-11-01,539a9088-16f5-4e41-b6b1-56030cf542c1,AT-SB,Salzburg,AT,Austria,public_holiday,Public,All Saints' Day,2028-11-01,2028-11-01,0,0,1,3,false,true,true
2028-11-01,539a9088-16f5-4e41-b6b1-56030cf542c1,AT-TI,Tyrol,AT,Austria,public_holiday,Public,All Saints' Day,2028-11-01,2028-11-01,0,0,1,3,false,true,true
2028-11-01,b7bc09ad-b1c9-4cb8-a4f3-28e0e75ea260,DE-BY,Bavaria,DE,Germany,public_holiday,Public,All Saints' Day,2028-11-01,2028-11-01,0,0,1,3,false,true,true
2028-11-01,4a305ebe-3c17-4a56-8dfd-e8a8ed1a9bf7,DE-BY,Bavaria,DE,Germany,school_holiday,School,Autumn Holidays,2028-10-30,2028-11-03,2,2,5,3,false,false,false
2028-11-02,d7ee5342-67fb-46aa-84fe-81bc2a1a6069,AT-SB,Salzburg,AT,Austria,school_holiday,School,All Souls' Day,2028-11-02,2028-11-02,0,0,1,4,false,true,true
2028-11-02,d7ee5342-67fb-46aa-84fe-81bc2a1a6069,AT-TI,Tyrol,AT,Austria,school_holiday,School,All Souls' Day,2028-11-02,2028-11-02,0,0,1,4,false,true,true
2028-11-02,4a305ebe-3c17-4a56-8dfd-e8a8ed1a9bf7,DE-BY,Bavaria,DE,Germany,school_holiday,School,Autumn Holidays,2028-10-30,2028-11-03,3,1,5,4,false,false,false
2028-11-03,4a305ebe-3c17-4a56-8dfd-e8a8ed1a9bf7,DE-BY,Bavaria,DE,Germany,school_holiday,School,Autumn Holidays,2028-10-30,2028-11-03,4,0,5,5,false,false,true
2028-11-22,794ad275-b88e-46b1-9b16-eb9c3e1b4ee0,DE-BY,Bavaria,DE,Germany,school_holiday,School,Repentance Day,2028-11-22,2028-11-22,0,0,1,3,false,true,true
2028-12-08,6f02f473-7fcf-48ab-9376-a269786f0cb4,AT-SB,Salzburg,AT,Austria,public_holiday,Public,Immaculate Conception,2028-12-08,2028-12-08,0,0,1,5,false,true,true
2028-12-08,6f02f473-7fcf-48ab-9376-a269786f0cb4,AT-TI,Tyrol,AT,Austria,public_holiday,Public,Immaculate Conception,2028-12-08,2028-12-08,0,0,1,5,false,true,true
2028-12-23,b58b70b6-8121-4b75-b9d5-aeb71b417a96,DE-BY,Bavaria,DE,Germany,school_holiday,School,Christmas Holidays,2028-12-23,2029-01-05,0,13,14,6,true,true,false
2028-12-24,501a386e-8d7f-4a8e-bcb6-703feae11478,AT-SB,Salzburg,AT,Austria,school_holiday,School,Christmas Holidays,2028-12-24,2029-01-06,0,13,14,7,true,true,false
2028-12-24,501a386e-8d7f-4a8e-bcb6-703feae11478,AT-TI,Tyrol,AT,Austria,school_holiday,School,Christmas Holidays,2028-12-24,2029-01-06,0,13,14,7,true,true,false
2028-12-24,b58b70b6-8121-4b75-b9d5-aeb71b417a96,DE-BY,Bavaria,DE,Germany,school_holiday,School,Christmas Holidays,2028-12-23,2029-01-05,1,12,14,7,true,false,false
2028-12-25,dd9e297f-57c5-4fb6-8d39-4b4a5c576a6d,AT-SB,Salzburg,AT,Austria,public_holiday,Public,Christmas Day,2028-12-25,2028-12-25,0,0,1,1,false,true,true
2028-12-25,501a386e-8d7f-4a8e-bcb6-703feae11478,AT-SB,Salzburg,AT,Austria,school_holiday,School,Christmas Holidays,2028-12-24,2029-01-06,1,12,14,1,false,false,false
2028-12-25,dd9e297f-57c5-4fb6-8d39-4b4a5c576a6d,AT-TI,Tyrol,AT,Austria,public_holiday,Public,Christmas Day,2028-12-25,2028-12-25,0,0,1,1,false,true,true
2028-12-25,501a386e-8d7f-4a8e-bcb6-703feae11478,AT-TI,Tyrol,AT,Austria,school_holiday,School,Christmas Holidays,2028-12-24,2029-01-06,1,12,14,1,false,false,false
2028-12-25,c11af431-b691-4717-af80-4a3cf954f112,DE-BY,Bavaria,DE,Germany,public_holiday,Public,Christmas Day,2028-12-25,2028-12-25,0,0,1,1,false,true,true
2028-12-25,b58b70b6-8121-4b75-b9d5-aeb71b417a96,DE-BY,Bavaria,DE,Germany,school_holiday,School,Christmas Holidays,2028-12-23,2029-01-05,2,11,14,1,false,false,false
2028-12-26,02a3f49f-40d7-4317-a9d0-8de51e1ca344,AT-SB,Salzburg,AT,Austria,public_holiday,Public,St Stephen's Day,2028-12-26,2028-12-26,0,0,1,2,false,true,true
2028-12-26,501a386e-8d7f-4a8e-bcb6-703feae11478,AT-SB,Salzburg,AT,Austria,school_holiday,School,Christmas Holidays,2028-12-24,2029-01-06,2,11,14,2,false,false,false
2028-12-26,02a3f49f-40d7-4317-a9d0-8de51e1ca344,AT-TI,Tyrol,AT,Austria,public_holiday,Public,St Stephen's Day,2028-12-26,2028-12-26,0,0,1,2,false,true,true
2028-12-26,501a386e-8d7f-4a8e-bcb6-703feae11478,AT-TI,Tyrol,AT,Austria,school_holiday,School,Christmas Holidays,2028-12-24,2029-01-06,2,11,14,2,false,false,false
2028-12-26,b03399a3-02cb-444c-a662-bdd176bf5263,DE-BY,Bavaria,DE,Germany,public_holiday,Public,2nd Day of Christmas,2028-12-26,2028-12-26,0,0,1,2,false,true,true
2028-12-26,b58b70b6-8121-4b75-b9d5-aeb71b417a96,DE-BY,Bavaria,DE,Germany,school_holiday,School,Christmas Holidays,2028-12-23,2029-01-05,3,10,14,2,false,false,false
2028-12-27,501a386e-8d7f-4a8e-bcb6-703feae11478,AT-SB,Salzburg,AT,Austria,school_holiday,School,Christmas Holidays,2028-12-24,2029-01-06,3,10,14,3,false,false,false
2028-12-27,501a386e-8d7f-4a8e-bcb6-703feae11478,AT-TI,Tyrol,AT,Austria,school_holiday,School,Christmas Holidays,2028-12-24,2029-01-06,3,10,14,3,false,false,false
2028-12-27,b58b70b6-8121-4b75-b9d5-aeb71b417a96,DE-BY,Bavaria,DE,Germany,school_holiday,School,Christmas Holidays,2028-12-23,2029-01-05,4,9,14,3,false,false,false
2028-12-28,501a386e-8d7f-4a8e-bcb6-703feae11478,AT-SB,Salzburg,AT,Austria,school_holiday,School,Christmas Holidays,2028-12-24,2029-01-06,4,9,14,4,false,false,false
2028-12-28,501a386e-8d7f-4a8e-bcb6-703feae11478,AT-TI,Tyrol,AT,Austria,school_holiday,School,Christmas Holidays,2028-12-24,2029-01-06,4,9,14,4,false,false,false
2028-12-28,b58b70b6-8121-4b75-b9d5-aeb71b417a96,DE-BY,Bavaria,DE,Germany,school_holiday,School,Christmas Holidays,2028-12-23,2029-01-05,5,8,14,4,false,false,false
2028-12-29,501a386e-8d7f-4a8e-bcb6-703feae11478,AT-SB,Salzburg,AT,Austria,school_holiday,School,Christmas Holidays,2028-12-24,2029-01-06,5,8,14,5,false,false,false
2028-12-29,501a386e-8d7f-4a8e-bcb6-703feae11478,AT-TI,Tyrol,AT,Austria,school_holiday,School,Christmas Holidays,2028-12-24,2029-01-06,5,8,14,5,false,false,false
2028-12-29,b58b70b6-8121-4b75-b9d5-aeb71b417a96,DE-BY,Bavaria,DE,Germany,school_holiday,School,Christmas Holidays,2028-12-23,2029-01-05,6,7,14,5,false,false,false
2028-12-30,501a386e-8d7f-4a8e-bcb6-703feae11478,AT-SB,Salzburg,AT,Austria,school_holiday,School,Christmas Holidays,2028-12-24,2029-01-06,6,7,14,6,true,false,false
2028-12-30,501a386e-8d7f-4a8e-bcb6-703feae11478,AT-TI,Tyrol,AT,Austria,school_holiday,School,Christmas Holidays,2028-12-24,2029-01-06,6,7,14,6,true,false,false
2028-12-30,b58b70b6-8121-4b75-b9d5-aeb71b417a96,DE-BY,Bavaria,DE,Germany,school_holiday,School,Christmas Holidays,2028-12-23,2029-01-05,7,6,14,6,true,false,false
2028-12-31,501a386e-8d7f-4a8e-bcb6-703feae11478,AT-SB,Salzburg,AT,Austria,school_holiday,School,Christmas Holidays,2028-12-24,2029-01-06,7,6,14,7,true,false,false
2028-12-31,501a386e-8d7f-4a8e-bcb6-703feae11478,AT-TI,Tyrol,AT,Austria,school_holiday,School,Christmas Holidays,2028-12-24,2029-01-06,7,6,14,7,true,false,false
2028-12-31,b58b70b6-8121-4b75-b9d5-aeb71b417a96,DE-BY,Bavaria,DE,Germany,school_holiday,School,Christmas Holidays,2028-12-23,2029-01-05,8,5,14,7,true,false,false
2029-01-01,8b5980ef-1895-4007-8963-6cf6d80eedb6,AT-SB,Salzburg,AT,Austria,public_holiday,Public,New Year's Day,2029-01-01,2029-01-01,0,0,1,1,false,true,true
2029-01-01,501a386e-8d7f-4a8e-bcb6-703feae11478,AT-SB,Salzburg,AT,Austria,school_holiday,School,Christmas Holidays,2028-12-24,2029-01-06,8,5,14,1,false,false,false
2029-01-01,8b5980ef-1895-4007-8963-6cf6d80eedb6,AT-TI,Tyrol,AT,Austria,public_holiday,Public,New Year's Day,2029-01-01,2029-01-01,0,0,1,1,false,true,true
2029-01-01,501a386e-8d7f-4a8e-bcb6-703feae11478,AT-TI,Tyrol,AT,Austria,school_holiday,School,Christmas Holidays,2028-12-24,2029-01-06,8,5,14,1,false,false,false
2029-01-01,3c6f86a6-f9b3-4f02-9605-53218e0c3866,DE-BY,Bavaria,DE,Germany,public_holiday,Public,New Year's Day,2029-01-01,2029-01-01,0,0,1,1,false,true,true
2029-01-01,b58b70b6-8121-4b75-b9d5-aeb71b417a96,DE-BY,Bavaria,DE,Germany,school_holiday,School,Christmas Holidays,2028-12-23,2029-01-05,9,4,14,1,false,false,false
2029-01-02,501a386e-8d7f-4a8e-bcb6-703feae11478,AT-SB,Salzburg,AT,Austria,school_holiday,School,Christmas Holidays,2028-12-24,2029-01-06,9,4,14,2,false,false,false
2029-01-02,501a386e-8d7f-4a8e-bcb6-703feae11478,AT-TI,Tyrol,AT,Austria,school_holiday,School,Christmas Holidays,2028-12-24,2029-01-06,9,4,14,2,false,false,false
2029-01-02,b58b70b6-8121-4b75-b9d5-aeb71b417a96,DE-BY,Bavaria,DE,Germany,school_holiday,School,Christmas Holidays,2028-12-23,2029-01-05,10,3,14,2,false,false,false
2029-01-03,501a386e-8d7f-4a8e-bcb6-703feae11478,AT-SB,Salzburg,AT,Austria,school_holiday,School,Christmas Holidays,2028-12-24,2029-01-06,10,3,14,3,false,false,false
2029-01-03,501a386e-8d7f-4a8e-bcb6-703feae11478,AT-TI,Tyrol,AT,Austria,school_holiday,School,Christmas Holidays,2028-12-24,2029-01-06,10,3,14,3,false,false,false
2029-01-03,b58b70b6-8121-4b75-b9d5-aeb71b417a96,DE-BY,Bavaria,DE,Germany,school_holiday,School,Christmas Holidays,2028-12-23,2029-01-05,11,2,14,3,false,false,false
2029-01-04,501a386e-8d7f-4a8e-bcb6-703feae11478,AT-SB,Salzburg,AT,Austria,school_holiday,School,Christmas Holidays,2028-12-24,2029-01-06,11,2,14,4,false,false,false
2029-01-04,501a386e-8d7f-4a8e-bcb6-703feae11478,AT-TI,Tyrol,AT,Austria,school_holiday,School,Christmas Holidays,2028-12-24,2029-01-06,11,2,14,4,false,false,false
2029-01-04,b58b70b6-8121-4b75-b9d5-aeb71b417a96,DE-BY,Bavaria,DE,Germany,school_holiday,School,Christmas Holidays,2028-12-23,2029-01-05,12,1,14,4,false,false,false
2029-01-05,501a386e-8d7f-4a8e-bcb6-703feae11478,AT-SB,Salzburg,AT,Austria,school_holiday,School,Christmas Holidays,2028-12-24,2029-01-06,12,1,14,5,false,false,false
2029-01-05,501a386e-8d7f-4a8e-bcb6-703feae11478,AT-TI,Tyrol,AT,Austria,school_holiday,School,Christmas Holidays,2028-12-24,2029-01-06,12,1,14,5,false,false,false
2029-01-05,b58b70b6-8121-4b75-b9d5-aeb71b417a96,DE-BY,Bavaria,DE,Germany,school_holiday,School,Christmas Holidays,2028-12-23,2029-01-05,13,0,14,5,false,false,true
2029-01-06,dba076d1-2bfb-43b3-8f3f-ccfe90ea2116,AT-SB,Salzburg,AT,Austria,public_holiday,Public,Epiphany,2029-01-06,2029-01-06,0,0,1,6,true,true,true
2029-01-06,501a386e-8d7f-4a8e-bcb6-703feae11478,AT-SB,Salzburg,AT,Austria,school_holiday,School,Christmas Holidays,2028-12-24,2029-01-06,13,0,14,6,true,false,true
2029-01-06,dba076d1-2bfb-43b3-8f3f-ccfe90ea2116,AT-TI,Tyrol,AT,Austria,public_holiday,Public,Epiphany,2029-01-06,2029-01-06,0,0,1,6,true,true,true
2029-01-06,501a386e-8d7f-4a8e-bcb6-703feae11478,AT-TI,Tyrol,AT,Austria,school_holiday,School,Christmas Holidays,2028-12-24,2029-01-06,13,0,14,6,true,false,true
2029-01-06,afc11563-3154-4742-bba6-1088139097ac,DE-BY,Bavaria,DE,Germany,public_holiday,Public,Epiphany,2029-01-06,2029-01-06,0,0,1,6,true,true,true
2029-02-12,76784cef-c8e6-5886-a19b-ad576cc76d57,AT-SB,Salzburg,AT,Austria,school_holiday,School,Semester Holidays,2029-02-12,2029-02-17,0,5,6,1,false,true,false
2029-02-12,76784cef-c8e6-5886-a19b-ad576cc76d57,AT-TI,Tyrol,AT,Austria,school_holiday,School,Semester Holidays,2029-02-12,2029-02-17,0,5,6,1,false,true,false
2029-02-12,e2c21d97-651d-4034-83f5-30e6e63dc2cc,DE-BY,Bavaria,DE,Germany,school_holiday,School,Spring Holidays,2029-02-12,2029-02-16,0,4,5,1,false,true,false
2029-02-13,76784cef-c8e6-5886-a19b-ad576cc76d57,AT-SB,Salzburg,AT,Austria,school_holiday,School,Semester Holidays,2029-02-12,2029-02-17,1,4,6,2,false,false,false
2029-02-13,76784cef-c8e6-5886-a19b-ad576cc76d57,AT-TI,Tyrol,AT,Austria,school_holiday,School,Semester Holidays,2029-02-12,2029-02-17,1,4,6,2,false,false,false
2029-02-13,e2c21d97-651d-4034-83f5-30e6e63dc2cc,DE-BY,Bavaria,DE,Germany,school_holiday,School,Spring Holidays,2029-02-12,2029-02-16,1,3,5,2,false,false,false
2029-02-14,76784cef-c8e6-5886-a19b-ad576cc76d57,AT-SB,Salzburg,AT,Austria,school_holiday,School,Semester Holidays,2029-02-12,2029-02-17,2,3,6,3,false,false,false
2029-02-14,76784cef-c8e6-5886-a19b-ad576cc76d57,AT-TI,Tyrol,AT,Austria,school_holiday,School,Semester Holidays,2029-02-12,2029-02-17,2,3,6,3,false,false,false
2029-02-14,e2c21d97-651d-4034-83f5-30e6e63dc2cc,DE-BY,Bavaria,DE,Germany,school_holiday,School,Spring Holidays,2029-02-12,2029-02-16,2,2,5,3,false,false,false
2029-02-15,76784cef-c8e6-5886-a19b-ad576cc76d57,AT-SB,Salzburg,AT,Austria,school_holiday,School,Semester Holidays,2029-02-12,2029-02-17,3,2,6,4,false,false,false
2029-02-15,76784cef-c8e6-5886-a19b-ad576cc76d57,AT-TI,Tyrol,AT,Austria,school_holiday,School,Semester Holidays,2029-02-12,2029-02-17,3,2,6,4,false,false,false
2029-02-15,e2c21d97-651d-4034-83f5-30e6e63dc2cc,DE-BY,Bavaria,DE,Germany,school_holiday,School,Spring Holidays,2029-02-12,2029-02-16,3,1,5,4,false,false,false
2029-02-16,76784cef-c8e6-5886-a19b-ad576cc76d57,AT-SB,Salzburg,AT,Austria,school_holiday,School,Semester Holidays,2029-02-12,2029-02-17,4,1,6,5,false,false,false
2029-02-16,76784cef-c8e6-5886-a19b-ad576cc76d57,AT-TI,Tyrol,AT,Austria,school_holiday,School,Semester Holidays,2029-02-12,2029-02-17,4,1,6,5,false,false,false
2029-02-16,e2c21d97-651d-4034-83f5-30e6e63dc2cc,DE-BY,Bavaria,DE,Germany,school_holiday,School,Spring Holidays,2029-02-12,2029-02-16,4,0,5,5,false,false,true
2029-02-17,76784cef-c8e6-5886-a19b-ad576cc76d57,AT-SB,Salzburg,AT,Austria,school_holiday,School,Semester Holidays,2029-02-12,2029-02-17,5,0,6,6,true,false,true
2029-02-17,76784cef-c8e6-5886-a19b-ad576cc76d57,AT-TI,Tyrol,AT,Austria,school_holiday,School,Semester Holidays,2029-02-12,2029-02-17,5,0,6,6,true,false,true
2029-03-19,edcc5aab-d856-5838-955d-83d71c83f496,AT-TI,Tyrol,AT,Austria,school_holiday,School,Saint Joseph's Day,2029-03-19,2029-03-19,0,0,1,1,false,true,true
2029-03-24,93a806ac-c569-5b9a-998d-5ba6309e8434,AT-SB,Salzburg,AT,Austria,school_holiday,School,Easter Holidays,2029-03-24,2029-04-02,0,9,10,6,true,true,false
2029-03-24,93a806ac-c569-5b9a-998d-5ba6309e8434,AT-TI,Tyrol,AT,Austria,school_holiday,School,Easter Holidays,2029-03-24,2029-04-02,0,9,10,6,true,true,false
2029-03-25,93a806ac-c569-5b9a-998d-5ba6309e8434,AT-SB,Salzburg,AT,Austria,school_holiday,School,Easter Holidays,2029-03-24,2029-04-02,1,8,10,7,true,false,false
2029-03-25,93a806ac-c569-5b9a-998d-5ba6309e8434,AT-TI,Tyrol,AT,Austria,school_holiday,School,Easter Holidays,2029-03-24,2029-04-02,1,8,10,7,true,false,false
2029-03-26,93a806ac-c569-5b9a-998d-5ba6309e8434,AT-SB,Salzburg,AT,Austria,school_holiday,School,Easter Holidays,2029-03-24,2029-04-02,2,7,10,1,false,false,false
2029-03-26,93a806ac-c569-5b9a-998d-5ba6309e8434,AT-TI,Tyrol,AT,Austria,school_holiday,School,Easter Holidays,2029-03-24,2029-04-02,2,7,10,1,false,false,false
2029-03-26,e1192188-b981-432a-bf2e-84e9b8da732c,DE-BY,Bavaria,DE,Germany,school_holiday,School,Easter Holidays,2029-03-26,2029-04-06,0,11,12,1,false,true,false
2029-03-27,93a806ac-c569-5b9a-998d-5ba6309e8434,AT-SB,Salzburg,AT,Austria,school_holiday,School,Easter Holidays,2029-03-24,2029-04-02,3,6,10,2,false,false,false
2029-03-27,93a806ac-c569-5b9a-998d-5ba6309e8434,AT-TI,Tyrol,AT,Austria,school_holiday,School,Easter Holidays,2029-03-24,2029-04-02,3,6,10,2,false,false,false
2029-03-27,e1192188-b981-432a-bf2e-84e9b8da732c,DE-BY,Bavaria,DE,Germany,school_holiday,School,Easter Holidays,2029-03-26,2029-04-06,1,10,12,2,false,false,false
2029-03-28,93a806ac-c569-5b9a-998d-5ba6309e8434,AT-SB,Salzburg,AT,Austria,school_holiday,School,Easter Holidays,2029-03-24,2029-04-02,4,5,10,3,false,false,false
2029-03-28,93a806ac-c569-5b9a-998d-5ba6309e8434,AT-TI,Tyrol,AT,Austria,school_holiday,School,Easter Holidays,2029-03-24,2029-04-02,4,5,10,3,false,false,false
2029-03-28,e1192188-b981-432a-bf2e-84e9b8da732c,DE-BY,Bavaria,DE,Germany,school_holiday,School,Easter Holidays,2029-03-26,2029-04-06,2,9,12,3,false,false,false
2029-03-29,93a806ac-c569-5b9a-998d-5ba6309e8434,AT-SB,Salzburg,AT,Austria,school_holiday,School,Easter Holidays,2029-03-24,2029-04-02,5,4,10,4,false,false,false
2029-03-29,93a806ac-c569-5b9a-998d-5ba6309e8434,AT-TI,Tyrol,AT,Austria,school_holiday,School,Easter Holidays,2029-03-24,2029-04-02,5,4,10,4,false,false,false
2029-03-29,e1192188-b981-432a-bf2e-84e9b8da732c,DE-BY,Bavaria,DE,Germany,school_holiday,School,Easter Holidays,2029-03-26,2029-04-06,3,8,12,4,false,false,false
2029-03-30,93a806ac-c569-5b9a-998d-5ba6309e8434,AT-SB,Salzburg,AT,Austria,school_holiday,School,Easter Holidays,2029-03-24,2029-04-02,6,3,10,5,false,false,false
2029-03-30,93a806ac-c569-5b9a-998d-5ba6309e8434,AT-TI,Tyrol,AT,Austria,school_holiday,School,Easter Holidays,2029-03-24,2029-04-02,6,3,10,5,false,false,false
2029-03-30,26cfeec9-abbd-4816-a274-14be2014fbfb,DE-BY,Bavaria,DE,Germany,public_holiday,Public,Good Friday,2029-03-30,2029-03-30,0,0,1,5,false,true,true
2029-03-30,e1192188-b981-432a-bf2e-84e9b8da732c,DE-BY,Bavaria,DE,Germany,school_holiday,School,Easter Holidays,2029-03-26,2029-04-06,4,7,12,5,false,false,false
2029-03-31,93a806ac-c569-5b9a-998d-5ba6309e8434,AT-SB,Salzburg,AT,Austria,school_holiday,School,Easter Holidays,2029-03-24,2029-04-02,7,2,10,6,true,false,false
2029-03-31,93a806ac-c569-5b9a-998d-5ba6309e8434,AT-TI,Tyrol,AT,Austria,school_holiday,School,Easter Holidays,2029-03-24,2029-04-02,7,2,10,6,true,false,false
2029-03-31,e1192188-b981-432a-bf2e-84e9b8da732c,DE-BY,Bavaria,DE,Germany,school_holiday,School,Easter Holidays,2029-03-26,2029-04-06,5,6,12,6,true,false,false
2029-04-01,93a806ac-c569-5b9a-998d-5ba6309e8434,AT-SB,Salzburg,AT,Austria,school_holiday,School,Easter Holidays,2029-03-24,2029-04-02,8,1,10,7,true,false,false
2029-04-01,93a806ac-c569-5b9a-998d-5ba6309e8434,AT-TI,Tyrol,AT,Austria,school_holiday,School,Easter Holidays,2029-03-24,2029-04-02,8,1,10,7,true,false,false
2029-04-01,e1192188-b981-432a-bf2e-84e9b8da732c,DE-BY,Bavaria,DE,Germany,school_holiday,School,Easter Holidays,2029-03-26,2029-04-06,6,5,12,7,true,false,false
2029-04-02,1f2cebbf-3bd0-4b8d-9758-78540a0b9a9b,AT-SB,Salzburg,AT,Austria,public_holiday,Public,Easter Monday,2029-04-02,2029-04-02,0,0,1,1,false,true,true
2029-04-02,93a806ac-c569-5b9a-998d-5ba6309e8434,AT-SB,Salzburg,AT,Austria,school_holiday,School,Easter Holidays,2029-03-24,2029-04-02,9,0,10,1,false,false,true
2029-04-02,1f2cebbf-3bd0-4b8d-9758-78540a0b9a9b,AT-TI,Tyrol,AT,Austria,public_holiday,Public,Easter Monday,2029-04-02,2029-04-02,0,0,1,1,false,true,true
2029-04-02,93a806ac-c569-5b9a-998d-5ba6309e8434,AT-TI,Tyrol,AT,Austria,school_holiday,School,Easter Holidays,2029-03-24,2029-04-02,9,0,10,1,false,false,true
2029-04-02,a4beb782-43c9-4824-9354-74d19e57ad27,DE-BY,Bavaria,DE,Germany,public_holiday,Public,Easter Monday,2029-04-02,2029-04-02,0,0,1,1,false,true,true
2029-04-02,e1192188-b981-432a-bf2e-84e9b8da732c,DE-BY,Bavaria,DE,Germany,school_holiday,School,Easter Holidays,2029-03-26,2029-04-06,7,4,12,1,false,false,false
2029-04-03,e1192188-b981-432a-bf2e-84e9b8da732c,DE-BY,Bavaria,DE,Germany,school_holiday,School,Easter Holidays,2029-03-26,2029-04-06,8,3,12,2,false,false,false
2029-04-04,e1192188-b981-432a-bf2e-84e9b8da732c,DE-BY,Bavaria,DE,Germany,school_holiday,School,Easter Holidays,2029-03-26,2029-04-06,9,2,12,3,false,false,false
2029-04-05,e1192188-b981-432a-bf2e-84e9b8da732c,DE-BY,Bavaria,DE,Germany,school_holiday,School,Easter Holidays,2029-03-26,2029-04-06,10,1,12,4,false,false,false
2029-04-06,e1192188-b981-432a-bf2e-84e9b8da732c,DE-BY,Bavaria,DE,Germany,school_holiday,School,Easter Holidays,2029-03-26,2029-04-06,11,0,12,5,false,false,true
2029-05-01,e3a97a87-3785-486c-8753-9f3db71e6c86,AT-SB,Salzburg,AT,Austria,public_holiday,Public,Labour Day,2029-05-01,2029-05-01,0,0,1,2,false,true,true
2029-05-01,e3a97a87-3785-486c-8753-9f3db71e6c86,AT-TI,Tyrol,AT,Austria,public_holiday,Public,Labour Day,2029-05-01,2029-05-01,0,0,1,2,false,true,true
2029-05-01,69460f57-36c7-48b7-b8fc-ec8a75fcd797,DE-BY,Bavaria,DE,Germany,public_holiday,Public,Labour Day,2029-05-01,2029-05-01,0,0,1,2,false,true,true
2029-05-10,e5b913cf-ae23-47d1-8ca5-db0b4aa37281,AT-SB,Salzburg,AT,Austria,public_holiday,Public,Ascension Day,2029-05-10,2029-05-10,0,0,1,4,false,true,true
2029-05-10,e5b913cf-ae23-47d1-8ca5-db0b4aa37281,AT-TI,Tyrol,AT,Austria,public_holiday,Public,Ascension Day,2029-05-10,2029-05-10,0,0,1,4,false,true,true
2029-05-10,be2453a2-c4da-43c6-b404-1fa0a02d3bb1,DE-BY,Bavaria,DE,Germany,public_holiday,Public,Ascension Day,2029-05-10,2029-05-10,0,0,1,4,false,true,true
2029-05-19,2d5112a5-1212-5bc4-b68f-e4b096c952af,AT-SB,Salzburg,AT,Austria,school_holiday,School,Pentecost Holidays,2029-05-19,2029-05-21,0,2,3,6,true,true,false
2029-05-19,2d5112a5-1212-5bc4-b68f-e4b096c952af,AT-TI,Tyrol,AT,Austria,school_holiday,School,Pentecost Holidays,2029-05-19,2029-05-21,0,2,3,6,true,true,false
2029-05-20,2d5112a5-1212-5bc4-b68f-e4b096c952af,AT-SB,Salzburg,AT,Austria,school_holiday,School,Pentecost Holidays,2029-05-19,2029-05-21,1,1,3,7,true,false,false
2029-05-20,2d5112a5-1212-5bc4-b68f-e4b096c952af,AT-TI,Tyrol,AT,Austria,school_holiday,School,Pentecost Holidays,2029-05-19,2029-05-21,1,1,3,7,true,false,false
2029-05-21,350cdf4e-e7f5-4316-9bd6-2fce21df16d0,AT-SB,Salzburg,AT,Austria,public_holiday,Public,Pentecost Monday,2029-05-21,2029-05-21,0,0,1,1,false,true,true
2029-05-21,2d5112a5-1212-5bc4-b68f-e4b096c952af,AT-SB,Salzburg,AT,Austria,school_holiday,School,Pentecost Holidays,2029-05-19,2029-05-21,2,0,3,1,false,false,true
2029-05-21,350cdf4e-e7f5-4316-9bd6-2fce21df16d0,AT-TI,Tyrol,AT,Austria,public_holiday,Public,Pentecost Monday,2029-05-21,2029-05-21,0,0,1,1,false,true,true
2029-05-21,2d5112a5-1212-5bc4-b68f-e4b096c952af,AT-TI,Tyrol,AT,Austria,school_holiday,School,Pentecost Holidays,2029-05-19,2029-05-21,2,0,3,1,false,false,true
2029-05-21,ede6bf3d-94a9-485a-b565-a46d5c91fbe4,DE-BY,Bavaria,DE,Germany,public_holiday,Public,Pentecost Monday,2029-05-21,2029-05-21,0,0,1,1,false,true,true
2029-05-22,c645442b-3982-4e33-8b25-3805d3146ce3,DE-BY,Bavaria,DE,Germany,school_holiday,School,Pentecost Holidays,2029-05-22,2029-06-01,0,10,11,2,false,true,false
2029-05-23,c645442b-3982-4e33-8b25-3805d3146ce3,DE-BY,Bavaria,DE,Germany,school_holiday,School,Pentecost Holidays,2029-05-22,2029-06-01,1,9,11,3,false,false,false
2029-05-24,c645442b-3982-4e33-8b25-3805d3146ce3,DE-BY,Bavaria,DE,Germany,school_holiday,School,Pentecost Holidays,2029-05-22,2029-06-01,2,8,11,4,false,false,false
2029-05-25,c645442b-3982-4e33-8b25-3805d3146ce3,DE-BY,Bavaria,DE,Germany,school_holiday,School,Pentecost Holidays,2029-05-22,2029-06-01,3,7,11,5,false,false,false
2029-05-26,c645442b-3982-4e33-8b25-3805d3146ce3,DE-BY,Bavaria,DE,Germany,school_holiday,School,Pentecost Holidays,2029-05-22,2029-06-01,4,6,11,6,true,false,false
2029-05-27,c645442b-3982-4e33-8b25-3805d3146ce3,DE-BY,Bavaria,DE,Germany,school_holiday,School,Pentecost Holidays,2029-05-22,2029-06-01,5,5,11,7,true,false,false
2029-05-28,c645442b-3982-4e33-8b25-3805d3146ce3,DE-BY,Bavaria,DE,Germany,school_holiday,School,Pentecost Holidays,2029-05-22,2029-06-01,6,4,11,1,false,false,false
2029-05-29,c645442b-3982-4e33-8b25-3805d3146ce3,DE-BY,Bavaria,DE,Germany,school_holiday,School,Pentecost Holidays,2029-05-22,2029-06-01,7,3,11,2,false,false,false
2029-05-30,c645442b-3982-4e33-8b25-3805d3146ce3,DE-BY,Bavaria,DE,Germany,school_holiday,School,Pentecost Holidays,2029-05-22,2029-06-01,8,2,11,3,false,false,false
2029-05-31,341d5ea1-af6d-4d77-8748-a8d65cedf73a,AT-SB,Salzburg,AT,Austria,public_holiday,Public,Corpus Christi,2029-05-31,2029-05-31,0,0,1,4,false,true,true
2029-05-31,341d5ea1-af6d-4d77-8748-a8d65cedf73a,AT-TI,Tyrol,AT,Austria,public_holiday,Public,Corpus Christi,2029-05-31,2029-05-31,0,0,1,4,false,true,true
2029-05-31,ba5ae176-3444-466a-a453-692a03786562,DE-BY,Bavaria,DE,Germany,public_holiday,Public,Corpus Christi,2029-05-31,2029-05-31,0,0,1,4,false,true,true
2029-05-31,c645442b-3982-4e33-8b25-3805d3146ce3,DE-BY,Bavaria,DE,Germany,school_holiday,School,Pentecost Holidays,2029-05-22,2029-06-01,9,1,11,4,false,false,false
2029-06-01,c645442b-3982-4e33-8b25-3805d3146ce3,DE-BY,Bavaria,DE,Germany,school_holiday,School,Pentecost Holidays,2029-05-22,2029-06-01,10,0,11,5,false,false,true
2029-07-07,fab0fc97-bcbb-53f3-b57a-da0252dd3b11,AT-SB,Salzburg,AT,Austria,school_holiday,School,Summer Holidays,2029-07-07,2029-09-09,0,64,65,6,true,true,false
2029-07-07,fab0fc97-bcbb-53f3-b57a-da0252dd3b11,AT-TI,Tyrol,AT,Austria,school_holiday,School,Summer Holidays,2029-07-07,2029-09-09,0,64,65,6,true,true,false
2029-07-08,fab0fc97-bcbb-53f3-b57a-da0252dd3b11,AT-SB,Salzburg,AT,Austria,school_holiday,School,Summer Holidays,2029-07-07,2029-09-09,1,63,65,7,true,false,false
2029-07-08,fab0fc97-bcbb-53f3-b57a-da0252dd3b11,AT-TI,Tyrol,AT,Austria,school_holiday,School,Summer Holidays,2029-07-07,2029-09-09,1,63,65,7,true,false,false
2029-07-09,fab0fc97-bcbb-53f3-b57a-da0252dd3b11,AT-SB,Salzburg,AT,Austria,school_holiday,School,Summer Holidays,2029-07-07,2029-09-09,2,62,65,1,false,false,false
2029-07-09,fab0fc97-bcbb-53f3-b57a-da0252dd3b11,AT-TI,Tyrol,AT,Austria,school_holiday,School,Summer Holidays,2029-07-07,2029-09-09,2,62,65,1,false,false,false
2029-07-10,fab0fc97-bcbb-53f3-b57a-da0252dd3b11,AT-SB,Salzburg,AT,Austria,school_holiday,School,Summer Holidays,2029-07-07,2029-09-09,3,61,65,2,false,false,false
2029-07-10,fab0fc97-bcbb-53f3-b57a-da0252dd3b11,AT-TI,Tyrol,AT,Austria,school_holiday,School,Summer Holidays,2029-07-07,2029-09-09,3,61,65,2,false,false,false
2029-07-11,fab0fc97-bcbb-53f3-b57a-da0252dd3b11,AT-SB,Salzburg,AT,Austria,school_holiday,School,Summer Holidays,2029-07-07,2029-09-09,4,60,65,3,false,false,false
2029-07-11,fab0fc97-bcbb-53f3-b57a-da0252dd3b11,AT-TI,Tyrol,AT,Austria,school_holiday,School,Summer Holidays,2029-07-07,2029-09-09,4,60,65,3,false,false,false
2029-07-12,fab0fc97-bcbb-53f3-b57a-da0252dd3b11,AT-SB,Salzburg,AT,Austria,school_holiday,School,Summer Holidays,2029-07-07,2029-09-09,5,59,65,4,false,false,false
2029-07-12,fab0fc97-bcbb-53f3-b57a-da0252dd3b11,AT-TI,Tyrol,AT,Austria,school_holiday,School,Summer Holidays,2029-07-07,2029-09-09,5,59,65,4,false,false,false
2029-07-13,fab0fc97-bcbb-53f3-b57a-da0252dd3b11,AT-SB,Salzburg,AT,Austria,school_holiday,School,Summer Holidays,2029-07-07,2029-09-09,6,58,65,5,false,false,false
2029-07-13,fab0fc97-bcbb-53f3-b57a-da0252dd3b11,AT-TI,Tyrol,AT,Austria,school_holiday,School,Summer Holidays,2029-07-07,2029-09-09,6,58,65,5,false,false,false
2029-07-14,fab0fc97-bcbb-53f3-b57a-da0252dd3b11,AT-SB,Salzburg,AT,Austria,school_holiday,School,Summer Holidays,2029-07-07,2029-09-09,7,57,65,6,true,false,false
2029-07-14,fab0fc97-bcbb-53f3-b57a-da0252dd3b11,AT-TI,Tyrol,AT,Austria,school_holiday,School,Summer Holidays,2029-07-07,2029-09-09,7,57,65,6,true,false,false
2029-07-15,fab0fc97-bcbb-53f3-b57a-da0252dd3b11,AT-SB,Salzburg,AT,Austria,school_holiday,School,Summer Holidays,2029-07-07,2029-09-09,8,56,65,7,true,false,false
2029-07-15,fab0fc97-bcbb-53f3-b57a-da0252dd3b11,AT-TI,Tyrol,AT,Austria,school_holiday,School,Summer Holidays,2029-07-07,2029-09-09,8,56,65,7,true,false,false
2029-07-16,fab0fc97-bcbb-53f3-b57a-da0252dd3b11,AT-SB,Salzburg,AT,Austria,school_holiday,School,Summer Holidays,2029-07-07,2029-09-09,9,55,65,1,false,false,false
2029-07-16,fab0fc97-bcbb-53f3-b57a-da0252dd3b11,AT-TI,Tyrol,AT,Austria,school_holiday,School,Summer Holidays,2029-07-07,2029-09-09,9,55,65,1,false,false,false
2029-07-17,fab0fc97-bcbb-53f3-b57a-da0252dd3b11,AT-SB,Salzburg,AT,Austria,school_holiday,School,Summer Holidays,2029-07-07,2029-09-09,10,54,65,2,false,false,false
2029-07-17,fab0fc97-bcbb-53f3-b57a-da0252dd3b11,AT-TI,Tyrol,AT,Austria,school_holiday,School,Summer Holidays,2029-07-07,2029-09-09,10,54,65,2,false,false,false
2029-07-18,fab0fc97-bcbb-53f3-b57a-da0252dd3b11,AT-SB,Salzburg,AT,Austria,school_holiday,School,Summer Holidays,2029-07-07,2029-09-09,11,53,65,3,false,false,false
2029-07-18,fab0fc97-bcbb-53f3-b57a-da0252dd3b11,AT-TI,Tyrol,AT,Austria,school_holiday,School,Summer Holidays,2029-07-07,2029-09-09,11,53,65,3,false,false,false
2029-07-19,fab0fc97-bcbb-53f3-b57a-da0252dd3b11,AT-SB,Salzburg,AT,Austria,school_holiday,School,Summer Holidays,2029-07-07,2029-09-09,12,52,65,4,false,false,false
2029-07-19,fab0fc97-bcbb-53f3-b57a-da0252dd3b11,AT-TI,Tyrol,AT,Austria,school_holiday,School,Summer Holidays,2029-07-07,2029-09-09,12,52,65,4,false,false,false
2029-07-20,fab0fc97-bcbb-53f3-b57a-da0252dd3b11,AT-SB,Salzburg,AT,Austria,school_holiday,School,Summer Holidays,2029-07-07,2029-09-09,13,51,65,5,false,false,false
2029-07-20,fab0fc97-bcbb-53f3-b57a-da0252dd3b11,AT-TI,Tyrol,AT,Austria,school_holiday,School,Summer Holidays,2029-07-07,2029-09-09,13,51,65,5,false,false,false
2029-07-21,fab0fc97-bcbb-53f3-b57a-da0252dd3b11,AT-SB,Salzburg,AT,Austria,school_holiday,School,Summer Holidays,2029-07-07,2029-09-09,14,50,65,6,true,false,false
2029-07-21,fab0fc97-bcbb-53f3-b57a-da0252dd3b11,AT-TI,Tyrol,AT,Austria,school_holiday,School,Summer Holidays,2029-07-07,2029-09-09,14,50,65,6,true,false,false
2029-07-22,fab0fc97-bcbb-53f3-b57a-da0252dd3b11,AT-SB,Salzburg,AT,Austria,school_holiday,School,Summer Holidays,2029-07-07,2029-09-09,15,49,65,7,true,false,false
2029-07-22,fab0fc97-bcbb-53f3-b57a-da0252dd3b11,AT-TI,Tyrol,AT,Austria,school_holiday,School,Summer Holidays,2029-07-07,2029-09-09,15,49,65,7,true,false,false
2029-07-23,fab0fc97-bcbb-53f3-b57a-da0252dd3b11,AT-SB,Salzburg,AT,Austria,school_holiday,School,Summer Holidays,2029-07-07,2029-09-09,16,48,65,1,false,false,false
2029-07-23,fab0fc97-bcbb-53f3-b57a-da0252dd3b11,AT-TI,Tyrol,AT,Austria,school_holiday,School,Summer Holidays,2029-07-07,2029-09-09,16,48,65,1,false,false,false
2029-07-24,fab0fc97-bcbb-53f3-b57a-da0252dd3b11,AT-SB,Salzburg,AT,Austria,school_holiday,School,Summer Holidays,2029-07-07,2029-09-09,17,47,65,2,false,false,false
2029-07-24,fab0fc97-bcbb-53f3-b57a-da0252dd3b11,AT-TI,Tyrol,AT,Austria,school_holiday,School,Summer Holidays,2029-07-07,2029-09-09,17,47,65,2,false,false,false
2029-07-25,fab0fc97-bcbb-53f3-b57a-da0252dd3b11,AT-SB,Salzburg,AT,Austria,school_holiday,School,Summer Holidays,2029-07-07,2029-09-09,18,46,65,3,false,false,false
2029-07-25,fab0fc97-bcbb-53f3-b57a-da0252dd3b11,AT-TI,Tyrol,AT,Austria,school_holiday,School,Summer Holidays,2029-07-07,2029-09-09,18,46,65,3,false,false,false
2029-07-26,fab0fc97-bcbb-53f3-b57a-da0252dd3b11,AT-SB,Salzburg,AT,Austria,school_holiday,School,Summer Holidays,2029-07-07,2029-09-09,19,45,65,4,false,false,false
2029-07-26,fab0fc97-bcbb-53f3-b57a-da0252dd3b11,AT-TI,Tyrol,AT,Austria,school_holiday,School,Summer Holidays,2029-07-07,2029-09-09,19,45,65,4,false,false,false
2029-07-27,fab0fc97-bcbb-53f3-b57a-da0252dd3b11,AT-SB,Salzburg,AT,Austria,school_holiday,School,Summer Holidays,2029-07-07,2029-09-09,20,44,65,5,false,false,false
2029-07-27,fab0fc97-bcbb-53f3-b57a-da0252dd3b11,AT-TI,Tyrol,AT,Austria,school_holiday,School,Summer Holidays,2029-07-07,2029-09-09,20,44,65,5,false,false,false
2029-07-28,fab0fc97-bcbb-53f3-b57a-da0252dd3b11,AT-SB,Salzburg,AT,Austria,school_holiday,School,Summer Holidays,2029-07-07,2029-09-09,21,43,65,6,true,false,false
2029-07-28,fab0fc97-bcbb-53f3-b57a-da0252dd3b11,AT-TI,Tyrol,AT,Austria,school_holiday,School,Summer Holidays,2029-07-07,2029-09-09,21,43,65,6,true,false,false
2029-07-29,fab0fc97-bcbb-53f3-b57a-da0252dd3b11,AT-SB,Salzburg,AT,Austria,school_holiday,School,Summer Holidays,2029-07-07,2029-09-09,22,42,65,7,true,false,false
2029-07-29,fab0fc97-bcbb-53f3-b57a-da0252dd3b11,AT-TI,Tyrol,AT,Austria,school_holiday,School,Summer Holidays,2029-07-07,2029-09-09,22,42,65,7,true,false,false
2029-07-30,fab0fc97-bcbb-53f3-b57a-da0252dd3b11,AT-SB,Salzburg,AT,Austria,school_holiday,School,Summer Holidays,2029-07-07,2029-09-09,23,41,65,1,false,false,false
2029-07-30,fab0fc97-bcbb-53f3-b57a-da0252dd3b11,AT-TI,Tyrol,AT,Austria,school_holiday,School,Summer Holidays,2029-07-07,2029-09-09,23,41,65,1,false,false,false
2029-07-30,7d878bc3-73de-45c3-a577-3f31d89aba5f,DE-BY,Bavaria,DE,Germany,school_holiday,School,Summer Holidays,2029-07-30,2029-09-10,0,42,43,1,false,true,false
2029-07-31,fab0fc97-bcbb-53f3-b57a-da0252dd3b11,AT-SB,Salzburg,AT,Austria,school_holiday,School,Summer Holidays,2029-07-07,2029-09-09,24,40,65,2,false,false,false
2029-07-31,fab0fc97-bcbb-53f3-b57a-da0252dd3b11,AT-TI,Tyrol,AT,Austria,school_holiday,School,Summer Holidays,2029-07-07,2029-09-09,24,40,65,2,false,false,false
2029-07-31,7d878bc3-73de-45c3-a577-3f31d89aba5f,DE-BY,Bavaria,DE,Germany,school_holiday,School,Summer Holidays,2029-07-30,2029-09-10,1,41,43,2,false,false,false
2029-08-01,fab0fc97-bcbb-53f3-b57a-da0252dd3b11,AT-SB,Salzburg,AT,Austria,school_holiday,School,Summer Holidays,2029-07-07,2029-09-09,25,39,65,3,false,false,false
2029-08-01,fab0fc97-bcbb-53f3-b57a-da0252dd3b11,AT-TI,Tyrol,AT,Austria,school_holiday,School,Summer Holidays,2029-07-07,2029-09-09,25,39,65,3,false,false,false
2029-08-01,7d878bc3-73de-45c3-a577-3f31d89aba5f,DE-BY,Bavaria,DE,Germany,school_holiday,School,Summer Holidays,2029-07-30,2029-09-10,2,40,43,3,false,false,false
2029-08-02,fab0fc97-bcbb-53f3-b57a-da0252dd3b11,AT-SB,Salzburg,AT,Austria,school_holiday,School,Summer Holidays,2029-07-07,2029-09-09,26,38,65,4,false,false,false
2029-08-02,fab0fc97-bcbb-53f3-b57a-da0252dd3b11,AT-TI,Tyrol,AT,Austria,school_holiday,School,Summer Holidays,2029-07-07,2029-09-09,26,38,65,4,false,false,false
2029-08-02,7d878bc3-73de-45c3-a577-3f31d89aba5f,DE-BY,Bavaria,DE,Germany,school_holiday,School,Summer Holidays,2029-07-30,2029-09-10,3,39,43,4,false,false,false
2029-08-03,fab0fc97-bcbb-53f3-b57a-da0252dd3b11,AT-SB,Salzburg,AT,Austria,school_holiday,School,Summer Holidays,2029-07-07,2029-09-09,27,37,65,5,false,false,false
2029-08-03,fab0fc97-bcbb-53f3-b57a-da0252dd3b11,AT-TI,Tyrol,AT,Austria,school_holiday,School,Summer Holidays,2029-07-07,2029-09-09,27,37,65,5,false,false,false
2029-08-03,7d878bc3-73de-45c3-a577-3f31d89aba5f,DE-BY,Bavaria,DE,Germany,school_holiday,School,Summer Holidays,2029-07-30,2029-09-10,4,38,43,5,false,false,false
2029-08-04,fab0fc97-bcbb-53f3-b57a-da0252dd3b11,AT-SB,Salzburg,AT,Austria,school_holiday,School,Summer Holidays,2029-07-07,2029-09-09,28,36,65,6,true,false,false
2029-08-04,fab0fc97-bcbb-53f3-b57a-da0252dd3b11,AT-TI,Tyrol,AT,Austria,school_holiday,School,Summer Holidays,2029-07-07,2029-09-09,28,36,65,6,true,false,false
2029-08-04,7d878bc3-73de-45c3-a577-3f31d89aba5f,DE-BY,Bavaria,DE,Germany,school_holiday,School,Summer Holidays,2029-07-30,2029-09-10,5,37,43,6,true,false,false
2029-08-05,fab0fc97-bcbb-53f3-b57a-da0252dd3b11,AT-SB,Salzburg,AT,Austria,school_holiday,School,Summer Holidays,2029-07-07,2029-09-09,29,35,65,7,true,false,false
2029-08-05,fab0fc97-bcbb-53f3-b57a-da0252dd3b11,AT-TI,Tyrol,AT,Austria,school_holiday,School,Summer Holidays,2029-07-07,2029-09-09,29,35,65,7,true,false,false
2029-08-05,7d878bc3-73de-45c3-a577-3f31d89aba5f,DE-BY,Bavaria,DE,Germany,school_holiday,School,Summer Holidays,2029-07-30,2029-09-10,6,36,43,7,true,false,false
2029-08-06,fab0fc97-bcbb-53f3-b57a-da0252dd3b11,AT-SB,Salzburg,AT,Austria,school_holiday,School,Summer Holidays,2029-07-07,2029-09-09,30,34,65,1,false,false,false
2029-08-06,fab0fc97-bcbb-53f3-b57a-da0252dd3b11,AT-TI,Tyrol,AT,Austria,school_holiday,School,Summer Holidays,2029-07-07,2029-09-09,30,34,65,1,false,false,false
2029-08-06,7d878bc3-73de-45c3-a577-3f31d89aba5f,DE-BY,Bavaria,DE,Germany,school_holiday,School,Summer Holidays,2029-07-30,2029-09-10,7,35,43,1,false,false,false
2029-08-07,fab0fc97-bcbb-53f3-b57a-da0252dd3b11,AT-SB,Salzburg,AT,Austria,school_holiday,School,Summer Holidays,2029-07-07,2029-09-09,31,33,65,2,false,false,false
2029-08-07,fab0fc97-bcbb-53f3-b57a-da0252dd3b11,AT-TI,Tyrol,AT,Austria,school_holiday,School,Summer Holidays,2029-07-07,2029-09-09,31,33,65,2,false,false,false
2029-08-07,7d878bc3-73de-45c3-a577-3f31d89aba5f,DE-BY,Bavaria,DE,Germany,school_holiday,School,Summer Holidays,2029-07-30,2029-09-10,8,34,43,2,false,false,false
2029-08-08,fab0fc97-bcbb-53f3-b57a-da0252dd3b11,AT-SB,Salzburg,AT,Austria,school_holiday,School,Summer Holidays,2029-07-07,2029-09-09,32,32,65,3,false,false,false
2029-08-08,fab0fc97-bcbb-53f3-b57a-da0252dd3b11,AT-TI,Tyrol,AT,Austria,school_holiday,School,Summer Holidays,2029-07-07,2029-09-09,32,32,65,3,false,false,false
2029-08-08,7d878bc3-73de-45c3-a577-3f31d89aba5f,DE-BY,Bavaria,DE,Germany,school_holiday,School,Summer Holidays,2029-07-30,2029-09-10,9,33,43,3,false,false,false
2029-08-09,fab0fc97-bcbb-53f3-b57a-da0252dd3b11,AT-SB,Salzburg,AT,Austria,school_holiday,School,Summer Holidays,2029-07-07,2029-09-09,33,31,65,4,false,false,false
2029-08-09,fab0fc97-bcbb-53f3-b57a-da0252dd3b11,AT-TI,Tyrol,AT,Austria,school_holiday,School,Summer Holidays,2029-07-07,2029-09-09,33,31,65,4,false,false,false
2029-08-09,7d878bc3-73de-45c3-a577-3f31d89aba5f,DE-BY,Bavaria,DE,Germany,school_holiday,School,Summer Holidays,2029-07-30,2029-09-10,10,32,43,4,false,false,false
2029-08-10,fab0fc97-bcbb-53f3-b57a-da0252dd3b11,AT-SB,Salzburg,AT,Austria,school_holiday,School,Summer Holidays,2029-07-07,2029-09-09,34,30,65,5,false,false,false
2029-08-10,fab0fc97-bcbb-53f3-b57a-da0252dd3b11,AT-TI,Tyrol,AT,Austria,school_holiday,School,Summer Holidays,2029-07-07,2029-09-09,34,30,65,5,false,false,false
2029-08-10,7d878bc3-73de-45c3-a577-3f31d89aba5f,DE-BY,Bavaria,DE,Germany,school_holiday,School,Summer Holidays,2029-07-30,2029-09-10,11,31,43,5,false,false,false
2029-08-11,fab0fc97-bcbb-53f3-b57a-da0252dd3b11,AT-SB,Salzburg,AT,Austria,school_holiday,School,Summer Holidays,2029-07-07,2029-09-09,35,29,65,6,true,false,false
2029-08-11,fab0fc97-bcbb-53f3-b57a-da0252dd3b11,AT-TI,Tyrol,AT,Austria,school_holiday,School,Summer Holidays,2029-07-07,2029-09-09,35,29,65,6,true,false,false
2029-08-11,7d878bc3-73de-45c3-a577-3f31d89aba5f,DE-BY,Bavaria,DE,Germany,school_holiday,School,Summer Holidays,2029-07-30,2029-09-10,12,30,43,6,true,false,false
2029-08-12,fab0fc97-bcbb-53f3-b57a-da0252dd3b11,AT-SB,Salzburg,AT,Austria,school_holiday,School,Summer Holidays,2029-07-07,2029-09-09,36,28,65,7,true,false,false
2029-08-12,fab0fc97-bcbb-53f3-b57a-da0252dd3b11,AT-TI,Tyrol,AT,Austria,school_holiday,School,Summer Holidays,2029-07-07,2029-09-09,36,28,65,7,true,false,false
2029-08-12,7d878bc3-73de-45c3-a577-3f31d89aba5f,DE-BY,Bavaria,DE,Germany,school_holiday,School,Summer Holidays,2029-07-30,2029-09-10,13,29,43,7,true,false,false
2029-08-13,fab0fc97-bcbb-53f3-b57a-da0252dd3b11,AT-SB,Salzburg,AT,Austria,school_holiday,School,Summer Holidays,2029-07-07,2029-09-09,37,27,65,1,false,false,false
2029-08-13,fab0fc97-bcbb-53f3-b57a-da0252dd3b11,AT-TI,Tyrol,AT,Austria,school_holiday,School,Summer Holidays,2029-07-07,2029-09-09,37,27,65,1,false,false,false
2029-08-13,7d878bc3-73de-45c3-a577-3f31d89aba5f,DE-BY,Bavaria,DE,Germany,school_holiday,School,Summer Holidays,2029-07-30,2029-09-10,14,28,43,1,false,false,false
2029-08-14,fab0fc97-bcbb-53f3-b57a-da0252dd3b11,AT-SB,Salzburg,AT,Austria,school_holiday,School,Summer Holidays,2029-07-07,2029-09-09,38,26,65,2,false,false,false
2029-08-14,fab0fc97-bcbb-53f3-b57a-da0252dd3b11,AT-TI,Tyrol,AT,Austria,school_holiday,School,Summer Holidays,2029-07-07,2029-09-09,38,26,65,2,false,false,false
2029-08-14,7d878bc3-73de-45c3-a577-3f31d89aba5f,DE-BY,Bavaria,DE,Germany,school_holiday,School,Summer Holidays,2029-07-30,2029-09-10,15,27,43,2,false,false,false
2029-08-15,b9770e9c-57bf-459e-8c7a-3b3378826446,AT-SB,Salzburg,AT,Austria,public_holiday,Public,Assumption Day,2029-08-15,2029-08-15,0,0,1,3,false,true,true
2029-08-15,fab0fc97-bcbb-53f3-b57a-da0252dd3b11,AT-SB,Salzburg,AT,Austria,school_holiday,School,Summer Holidays,2029-07-07,2029-09-09,39,25,65,3,false,false,false
2029-08-15,b9770e9c-57bf-459e-8c7a-3b3378826446,AT-TI,Tyrol,AT,Austria,public_holiday,Public,Assumption Day,2029-08-15,2029-08-15,0,0,1,3,false,true,true
2029-08-15,fab0fc97-bcbb-53f3-b57a-da0252dd3b11,AT-TI,Tyrol,AT,Austria,school_holiday,School,Summer Holidays,2029-07-07,2029-09-09,39,25,65,3,false,false,false
2029-08-15,36241d78-1a1c-473a-b3bd-c797e719bd22,DE-BY,Bavaria,DE,Germany,public_holiday,Public,Assumption Day,2029-08-15,2029-08-15,0,0,1,3,false,true,true
2029-08-15,7d878bc3-73de-45c3-a577-3f31d89aba5f,DE-BY,Bavaria,DE,Germany,school_holiday,School,Summer Holidays,2029-07-30,2029-09-10,16,26,43,3,false,false,false
2029-08-16,fab0fc97-bcbb-53f3-b57a-da0252dd3b11,AT-SB,Salzburg,AT,Austria,school_holiday,School,Summer Holidays,2029-07-07,2029-09-09,40,24,65,4,false,false,false
2029-08-16,fab0fc97-bcbb-53f3-b57a-da0252dd3b11,AT-TI,Tyrol,AT,Austria,school_holiday,School,Summer Holidays,2029-07-07,2029-09-09,40,24,65,4,false,false,false
2029-08-16,7d878bc3-73de-45c3-a577-3f31d89aba5f,DE-BY,Bavaria,DE,Germany,school_holiday,School,Summer Holidays,2029-07-30,2029-09-10,17,25,43,4,false,false,false
2029-08-17,fab0fc97-bcbb-53f3-b57a-da0252dd3b11,AT-SB,Salzburg,AT,Austria,school_holiday,School,Summer Holidays,2029-07-07,2029-09-09,41,23,65,5,false,false,false
2029-08-17,fab0fc97-bcbb-53f3-b57a-da0252dd3b11,AT-TI,Tyrol,AT,Austria,school_holiday,School,Summer Holidays,2029-07-07,2029-09-09,41,23,65,5,false,false,false
2029-08-17,7d878bc3-73de-45c3-a577-3f31d89aba5f,DE-BY,Bavaria,DE,Germany,school_holiday,School,Summer Holidays,2029-07-30,2029-09-10,18,24,43,5,false,false,false
2029-08-18,fab0fc97-bcbb-53f3-b57a-da0252dd3b11,AT-SB,Salzburg,AT,Austria,school_holiday,School,Summer Holidays,2029-07-07,2029-09-09,42,22,65,6,true,false,false
2029-08-18,fab0fc97-bcbb-53f3-b57a-da0252dd3b11,AT-TI,Tyrol,AT,Austria,school_holiday,School,Summer Holidays,2029-07-07,2029-09-09,42,22,65,6,true,false,false
2029-08-18,7d878bc3-73de-45c3-a577-3f31d89aba5f,DE-BY,Bavaria,DE,Germany,school_holiday,School,Summer Holidays,2029-07-30,2029-09-10,19,23,43,6,true,false,false
2029-08-19,fab0fc97-bcbb-53f3-b57a-da0252dd3b11,AT-SB,Salzburg,AT,Austria,school_holiday,School,Summer Holidays,2029-07-07,2029-09-09,43,21,65,7,true,false,false
2029-08-19,fab0fc97-bcbb-53f3-b57a-da0252dd3b11,AT-TI,Tyrol,AT,Austria,school_holiday,School,Summer Holidays,2029-07-07,2029-09-09,43,21,65,7,true,false,false
2029-08-19,7d878bc3-73de-45c3-a577-3f31d89aba5f,DE-BY,Bavaria,DE,Germany,school_holiday,School,Summer Holidays,2029-07-30,2029-09-10,20,22,43,7,true,false,false
2029-08-20,fab0fc97-bcbb-53f3-b57a-da0252dd3b11,AT-SB,Salzburg,AT,Austria,school_holiday,School,Summer Holidays,2029-07-07,2029-09-09,44,20,65,1,false,false,false
2029-08-20,fab0fc97-bcbb-53f3-b57a-da0252dd3b11,AT-TI,Tyrol,AT,Austria,school_holiday,School,Summer Holidays,2029-07-07,2029-09-09,44,20,65,1,false,false,false
2029-08-20,7d878bc3-73de-45c3-a577-3f31d89aba5f,DE-BY,Bavaria,DE,Germany,school_holiday,School,Summer Holidays,2029-07-30,2029-09-10,21,21,43,1,false,false,false
2029-08-21,fab0fc97-bcbb-53f3-b57a-da0252dd3b11,AT-SB,Salzburg,AT,Austria,school_holiday,School,Summer Holidays,2029-07-07,2029-09-09,45,19,65,2,false,false,false
2029-08-21,fab0fc97-bcbb-53f3-b57a-da0252dd3b11,AT-TI,Tyrol,AT,Austria,school_holiday,School,Summer Holidays,2029-07-07,2029-09-09,45,19,65,2,false,false,false
2029-08-21,7d878bc3-73de-45c3-a577-3f31d89aba5f,DE-BY,Bavaria,DE,Germany,school_holiday,School,Summer Holidays,2029-07-30,2029-09-10,22,20,43,2,false,false,false
2029-08-22,fab0fc97-bcbb-53f3-b57a-da0252dd3b11,AT-SB,Salzburg,AT,Austria,school_holiday,School,Summer Holidays,2029-07-07,2029-09-09,46,18,65,3,false,false,false
2029-08-22,fab0fc97-bcbb-53f3-b57a-da0252dd3b11,AT-TI,Tyrol,AT,Austria,school_holiday,School,Summer Holidays,2029-07-07,2029-09-09,46,18,65,3,false,false,false
2029-08-22,7d878bc3-73de-45c3-a577-3f31d89aba5f,DE-BY,Bavaria,DE,Germany,school_holiday,School,Summer Holidays,2029-07-30,2029-09-10,23,19,43,3,false,false,false
2029-08-23,fab0fc97-bcbb-53f3-b57a-da0252dd3b11,AT-SB,Salzburg,AT,Austria,school_holiday,School,Summer Holidays,2029-07-07,2029-09-09,47,17,65,4,false,false,false
2029-08-23,fab0fc97-bcbb-53f3-b57a-da0252dd3b11,AT-TI,Tyrol,AT,Austria,school_holiday,School,Summer Holidays,2029-07-07,2029-09-09,47,17,65,4,false,false,false
2029-08-23,7d878bc3-73de-45c3-a577-3f31d89aba5f,DE-BY,Bavaria,DE,Germany,school_holiday,School,Summer Holidays,2029-07-30,2029-09-10,24,18,43,4,false,false,false
2029-08-24,fab0fc97-bcbb-53f3-b57a-da0252dd3b11,AT-SB,Salzburg,AT,Austria,school_holiday,School,Summer Holidays,2029-07-07,2029-09-09,48,16,65,5,false,false,false
2029-08-24,fab0fc97-bcbb-53f3-b57a-da0252dd3b11,AT-TI,Tyrol,AT,Austria,school_holiday,School,Summer Holidays,2029-07-07,2029-09-09,48,16,65,5,false,false,false
2029-08-24,7d878bc3-73de-45c3-a577-3f31d89aba5f,DE-BY,Bavaria,DE,Germany,school_holiday,School,Summer Holidays,2029-07-30,2029-09-10,25,17,43,5,false,false,false
2029-08-25,fab0fc97-bcbb-53f3-b57a-da0252dd3b11,AT-SB,Salzburg,AT,Austria,school_holiday,School,Summer Holidays,2029-07-07,2029-09-09,49,15,65,6,true,false,false
2029-08-25,fab0fc97-bcbb-53f3-b57a-da0252dd3b11,AT-TI,Tyrol,AT,Austria,school_holiday,School,Summer Holidays,2029-07-07,2029-09-09,49,15,65,6,true,false,false
2029-08-25,7d878bc3-73de-45c3-a577-3f31d89aba5f,DE-BY,Bavaria,DE,Germany,school_holiday,School,Summer Holidays,2029-07-30,2029-09-10,26,16,43,6,true,false,false
2029-08-26,fab0fc97-bcbb-53f3-b57a-da0252dd3b11,AT-SB,Salzburg,AT,Austria,school_holiday,School,Summer Holidays,2029-07-07,2029-09-09,50,14,65,7,true,false,false
2029-08-26,fab0fc97-bcbb-53f3-b57a-da0252dd3b11,AT-TI,Tyrol,AT,Austria,school_holiday,School,Summer Holidays,2029-07-07,2029-09-09,50,14,65,7,true,false,false
2029-08-26,7d878bc3-73de-45c3-a577-3f31d89aba5f,DE-BY,Bavaria,DE,Germany,school_holiday,School,Summer Holidays,2029-07-30,2029-09-10,27,15,43,7,true,false,false
2029-08-27,fab0fc97-bcbb-53f3-b57a-da0252dd3b11,AT-SB,Salzburg,AT,Austria,school_holiday,School,Summer Holidays,2029-07-07,2029-09-09,51,13,65,1,false,false,false
2029-08-27,fab0fc97-bcbb-53f3-b57a-da0252dd3b11,AT-TI,Tyrol,AT,Austria,school_holiday,School,Summer Holidays,2029-07-07,2029-09-09,51,13,65,1,false,false,false
2029-08-27,7d878bc3-73de-45c3-a577-3f31d89aba5f,DE-BY,Bavaria,DE,Germany,school_holiday,School,Summer Holidays,2029-07-30,2029-09-10,28,14,43,1,false,false,false
2029-08-28,fab0fc97-bcbb-53f3-b57a-da0252dd3b11,AT-SB,Salzburg,AT,Austria,school_holiday,School,Summer Holidays,2029-07-07,2029-09-09,52,12,65,2,false,false,false
2029-08-28,fab0fc97-bcbb-53f3-b57a-da0252dd3b11,AT-TI,Tyrol,AT,Austria,school_holiday,School,Summer Holidays,2029-07-07,2029-09-09,52,12,65,2,false,false,false
2029-08-28,7d878bc3-73de-45c3-a577-3f31d89aba5f,DE-BY,Bavaria,DE,Germany,school_holiday,School,Summer Holidays,2029-07-30,2029-09-10,29,13,43,2,false,false,false
2029-08-29,fab0fc97-bcbb-53f3-b57a-da0252dd3b11,AT-SB,Salzburg,AT,Austria,school_holiday,School,Summer Holidays,2029-07-07,2029-09-09,53,11,65,3,false,false,false
2029-08-29,fab0fc97-bcbb-53f3-b57a-da0252dd3b11,AT-TI,Tyrol,AT,Austria,school_holiday,School,Summer Holidays,2029-07-07,2029-09-09,53,11,65,3,false,false,false
2029-08-29,7d878bc3-73de-45c3-a577-3f31d89aba5f,DE-BY,Bavaria,DE,Germany,school_holiday,School,Summer Holidays,2029-07-30,2029-09-10,30,12,43,3,false,false,false
2029-08-30,fab0fc97-bcbb-53f3-b57a-da0252dd3b11,AT-SB,Salzburg,AT,Austria,school_holiday,School,Summer Holidays,2029-07-07,2029-09-09,54,10,65,4,false,false,false
2029-08-30,fab0fc97-bcbb-53f3-b57a-da0252dd3b11,AT-TI,Tyrol,AT,Austria,school_holiday,School,Summer Holidays,2029-07-07,2029-09-09,54,10,65,4,false,false,false
2029-08-30,7d878bc3-73de-45c3-a577-3f31d89aba5f,DE-BY,Bavaria,DE,Germany,school_holiday,School,Summer Holidays,2029-07-30,2029-09-10,31,11,43,4,false,false,false
2029-08-31,fab0fc97-bcbb-53f3-b57a-da0252dd3b11,AT-SB,Salzburg,AT,Austria,school_holiday,School,Summer Holidays,2029-07-07,2029-09-09,55,9,65,5,false,false,false
2029-08-31,fab0fc97-bcbb-53f3-b57a-da0252dd3b11,AT-TI,Tyrol,AT,Austria,school_holiday,School,Summer Holidays,2029-07-07,2029-09-09,55,9,65,5,false,false,false
2029-08-31,7d878bc3-73de-45c3-a577-3f31d89aba5f,DE-BY,Bavaria,DE,Germany,school_holiday,School,Summer Holidays,2029-07-30,2029-09-10,32,10,43,5,false,false,false
2029-09-01,fab0fc97-bcbb-53f3-b57a-da0252dd3b11,AT-SB,Salzburg,AT,Austria,school_holiday,School,Summer Holidays,2029-07-07,2029-09-09,56,8,65,6,true,false,false
2029-09-01,fab0fc97-bcbb-53f3-b57a-da0252dd3b11,AT-TI,Tyrol,AT,Austria,school_holiday,School,Summer Holidays,2029-07-07,2029-09-09,56,8,65,6,true,false,false
2029-09-01,7d878bc3-73de-45c3-a577-3f31d89aba5f,DE-BY,Bavaria,DE,Germany,school_holiday,School,Summer Holidays,2029-07-30,2029-09-10,33,9,43,6,true,false,false
2029-09-02,fab0fc97-bcbb-53f3-b57a-da0252dd3b11,AT-SB,Salzburg,AT,Austria,school_holiday,School,Summer Holidays,2029-07-07,2029-09-09,57,7,65,7,true,false,false
2029-09-02,fab0fc97-bcbb-53f3-b57a-da0252dd3b11,AT-TI,Tyrol,AT,Austria,school_holiday,School,Summer Holidays,2029-07-07,2029-09-09,57,7,65,7,true,false,false
2029-09-02,7d878bc3-73de-45c3-a577-3f31d89aba5f,DE-BY,Bavaria,DE,Germany,school_holiday,School,Summer Holidays,2029-07-30,2029-09-10,34,8,43,7,true,false,false
2029-09-03,fab0fc97-bcbb-53f3-b57a-da0252dd3b11,AT-SB,Salzburg,AT,Austria,school_holiday,School,Summer Holidays,2029-07-07,2029-09-09,58,6,65,1,false,false,false
2029-09-03,fab0fc97-bcbb-53f3-b57a-da0252dd3b11,AT-TI,Tyrol,AT,Austria,school_holiday,School,Summer Holidays,2029-07-07,2029-09-09,58,6,65,1,false,false,false
2029-09-03,7d878bc3-73de-45c3-a577-3f31d89aba5f,DE-BY,Bavaria,DE,Germany,school_holiday,School,Summer Holidays,2029-07-30,2029-09-10,35,7,43,1,false,false,false
2029-09-04,fab0fc97-bcbb-53f3-b57a-da0252dd3b11,AT-SB,Salzburg,AT,Austria,school_holiday,School,Summer Holidays,2029-07-07,2029-09-09,59,5,65,2,false,false,false
2029-09-04,fab0fc97-bcbb-53f3-b57a-da0252dd3b11,AT-TI,Tyrol,AT,Austria,school_holiday,School,Summer Holidays,2029-07-07,2029-09-09,59,5,65,2,false,false,false
2029-09-04,7d878bc3-73de-45c3-a577-3f31d89aba5f,DE-BY,Bavaria,DE,Germany,school_holiday,School,Summer Holidays,2029-07-30,2029-09-10,36,6,43,2,false,false,false
2029-09-05,fab0fc97-bcbb-53f3-b57a-da0252dd3b11,AT-SB,Salzburg,AT,Austria,school_holiday,School,Summer Holidays,2029-07-07,2029-09-09,60,4,65,3,false,false,false
2029-09-05,fab0fc97-bcbb-53f3-b57a-da0252dd3b11,AT-TI,Tyrol,AT,Austria,school_holiday,School,Summer Holidays,2029-07-07,2029-09-09,60,4,65,3,false,false,false
2029-09-05,7d878bc3-73de-45c3-a577-3f31d89aba5f,DE-BY,Bavaria,DE,Germany,school_holiday,School,Summer Holidays,2029-07-30,2029-09-10,37,5,43,3,false,false,false
2029-09-06,fab0fc97-bcbb-53f3-b57a-da0252dd3b11,AT-SB,Salzburg,AT,Austria,school_holiday,School,Summer Holidays,2029-07-07,2029-09-09,61,3,65,4,false,false,false
2029-09-06,fab0fc97-bcbb-53f3-b57a-da0252dd3b11,AT-TI,Tyrol,AT,Austria,school_holiday,School,Summer Holidays,2029-07-07,2029-09-09,61,3,65,4,false,false,false
2029-09-06,7d878bc3-73de-45c3-a577-3f31d89aba5f,DE-BY,Bavaria,DE,Germany,school_holiday,School,Summer Holidays,2029-07-30,2029-09-10,38,4,43,4,false,false,false
2029-09-07,fab0fc97-bcbb-53f3-b57a-da0252dd3b11,AT-SB,Salzburg,AT,Austria,school_holiday,School,Summer Holidays,2029-07-07,2029-09-09,62,2,65,5,false,false,false
2029-09-07,fab0fc97-bcbb-53f3-b57a-da0252dd3b11,AT-TI,Tyrol,AT,Austria,school_holiday,School,Summer Holidays,2029-07-07,2029-09-09,62,2,65,5,false,false,false
2029-09-07,7d878bc3-73de-45c3-a577-3f31d89aba5f,DE-BY,Bavaria,DE,Germany,school_holiday,School,Summer Holidays,2029-07-30,2029-09-10,39,3,43,5,false,false,false
2029-09-08,fab0fc97-bcbb-53f3-b57a-da0252dd3b11,AT-SB,Salzburg,AT,Austria,school_holiday,School,Summer Holidays,2029-07-07,2029-09-09,63,1,65,6,true,false,false
2029-09-08,fab0fc97-bcbb-53f3-b57a-da0252dd3b11,AT-TI,Tyrol,AT,Austria,school_holiday,School,Summer Holidays,2029-07-07,2029-09-09,63,1,65,6,true,false,false
2029-09-08,7d878bc3-73de-45c3-a577-3f31d89aba5f,DE-BY,Bavaria,DE,Germany,school_holiday,School,Summer Holidays,2029-07-30,2029-09-10,40,2,43,6,true,false,false
2029-09-09,fab0fc97-bcbb-53f3-b57a-da0252dd3b11,AT-SB,Salzburg,AT,Austria,school_holiday,School,Summer Holidays,2029-07-07,2029-09-09,64,0,65,7,true,false,true
2029-09-09,fab0fc97-bcbb-53f3-b57a-da0252dd3b11,AT-TI,Tyrol,AT,Austria,school_holiday,School,Summer Holidays,2029-07-07,2029-09-09,64,0,65,7,true,false,true
2029-09-09,7d878bc3-73de-45c3-a577-3f31d89aba5f,DE-BY,Bavaria,DE,Germany,school_holiday,School,Summer Holidays,2029-07-30,2029-09-10,41,1,43,7,true,false,false
2029-09-10,7d878bc3-73de-45c3-a577-3f31d89aba5f,DE-BY,Bavaria,DE,Germany,school_holiday,School,Summer Holidays,2029-07-30,2029-09-10,42,0,43,1,false,false,true
2029-09-24,616a124c-172e-56a9-91d1-e164cf97f894,AT-SB,Salzburg,AT,Austria,school_holiday,School,Saint Rupert's Day,2029-09-24,2029-09-24,0,0,1,1,false,true,true
2029-10-03,1a4a00d6-927b-4b52-93c8-a444bd420e45,DE-BY,Bavaria,DE,Germany,public_holiday,Public,Day of German Unity,2029-10-03,2029-10-03,0,0,1,3,false,true,true
2029-10-26,820fcecf-f610-44e5-89f2-aea6ecc35d9c,AT-SB,Salzburg,AT,Austria,public_holiday,Public,National Day,2029-10-26,2029-10-26,0,0,1,5,false,true,true
2029-10-26,820fcecf-f610-44e5-89f2-aea6ecc35d9c,AT-TI,Tyrol,AT,Austria,public_holiday,Public,National Day,2029-10-26,2029-10-26,0,0,1,5,false,true,true
2029-10-27,813ecc72-cd5e-56c9-aca7-18c3f54fd43d,AT-SB,Salzburg,AT,Austria,school_holiday,School,Autumn Holidays,2029-10-27,2029-10-31,0,4,5,6,true,true,false
2029-10-27,813ecc72-cd5e-56c9-aca7-18c3f54fd43d,AT-TI,Tyrol,AT,Austria,school_holiday,School,Autumn Holidays,2029-10-27,2029-10-31,0,4,5,6,true,true,false
2029-10-28,813ecc72-cd5e-56c9-aca7-18c3f54fd43d,AT-SB,Salzburg,AT,Austria,school_holiday,School,Autumn Holidays,2029-10-27,2029-10-31,1,3,5,7,true,false,false
2029-10-28,813ecc72-cd5e-56c9-aca7-18c3f54fd43d,AT-TI,Tyrol,AT,Austria,school_holiday,School,Autumn Holidays,2029-10-27,2029-10-31,1,3,5,7,true,false,false
2029-10-29,813ecc72-cd5e-56c9-aca7-18c3f54fd43d,AT-SB,Salzburg,AT,Austria,school_holiday,School,Autumn Holidays,2029-10-27,2029-10-31,2,2,5,1,false,false,false
2029-10-29,813ecc72-cd5e-56c9-aca7-18c3f54fd43d,AT-TI,Tyrol,AT,Austria,school_holiday,School,Autumn Holidays,2029-10-27,2029-10-31,2,2,5,1,false,false,false
2029-10-29,8c833a7d-757c-45fd-9e68-82affb59ed92,DE-BY,Bavaria,DE,Germany,school_holiday,School,Autumn Holidays,2029-10-29,2029-11-02,0,4,5,1,false,true,false
2029-10-30,813ecc72-cd5e-56c9-aca7-18c3f54fd43d,AT-SB,Salzburg,AT,Austria,school_holiday,School,Autumn Holidays,2029-10-27,2029-10-31,3,1,5,2,false,false,false
2029-10-30,813ecc72-cd5e-56c9-aca7-18c3f54fd43d,AT-TI,Tyrol,AT,Austria,school_holiday,School,Autumn Holidays,2029-10-27,2029-10-31,3,1,5,2,false,false,false
2029-10-30,8c833a7d-757c-45fd-9e68-82affb59ed92,DE-BY,Bavaria,DE,Germany,school_holiday,School,Autumn Holidays,2029-10-29,2029-11-02,1,3,5,2,false,false,false
2029-10-31,813ecc72-cd5e-56c9-aca7-18c3f54fd43d,AT-SB,Salzburg,AT,Austria,school_holiday,School,Autumn Holidays,2029-10-27,2029-10-31,4,0,5,3,false,false,true
2029-10-31,813ecc72-cd5e-56c9-aca7-18c3f54fd43d,AT-TI,Tyrol,AT,Austria,school_holiday,School,Autumn Holidays,2029-10-27,2029-10-31,4,0,5,3,false,false,true
2029-10-31,8c833a7d-757c-45fd-9e68-82affb59ed92,DE-BY,Bavaria,DE,Germany,school_holiday,School,Autumn Holidays,2029-10-29,2029-11-02,2,2,5,3,false,false,false
2029-11-01,f3b8073e-540b-4244-b4f5-92fd2c5a6641,AT-SB,Salzburg,AT,Austria,public_holiday,Public,All Saints' Day,2029-11-01,2029-11-01,0,0,1,4,false,true,true
2029-11-01,f3b8073e-540b-4244-b4f5-92fd2c5a6641,AT-TI,Tyrol,AT,Austria,public_holiday,Public,All Saints' Day,2029-11-01,2029-11-01,0,0,1,4,false,true,true
2029-11-01,54bcf1e5-8fdb-4f6d-9a8e-5c8fd3afc8ab,DE-BY,Bavaria,DE,Germany,public_holiday,Public,All Saints' Day,2029-11-01,2029-11-01,0,0,1,4,false,true,true
2029-11-01,8c833a7d-757c-45fd-9e68-82affb59ed92,DE-BY,Bavaria,DE,Germany,school_holiday,School,Autumn Holidays,2029-10-29,2029-11-02,3,1,5,4,false,false,false
2029-11-02,c5da7be4-0606-53fc-835f-3dbcb6a7eb07,AT-SB,Salzburg,AT,Austria,school_holiday,School,All Souls' Day,2029-11-02,2029-11-02,0,0,1,5,false,true,true
2029-11-02,c5da7be4-0606-53fc-835f-3dbcb6a7eb07,AT-TI,Tyrol,AT,Austria,school_holiday,School,All Souls' Day,2029-11-02,2029-11-02,0,0,1,5,false,true,true
2029-11-02,8c833a7d-757c-45fd-9e68-82affb59ed92,DE-BY,Bavaria,DE,Germany,school_holiday,School,Autumn Holidays,2029-10-29,2029-11-02,4,0,5,5,false,false,true
2029-11-21,8510029e-033d-404b-8273-a9f820605326,DE-BY,Bavaria,DE,Germany,school_holiday,School,Repentance Day,2029-11-21,2029-11-21,0,0,1,3,false,true,true
2029-12-08,69034948-bdaf-4cbe-83d8-6dc1efe710de,AT-SB,Salzburg,AT,Austria,public_holiday,Public,Immaculate Conception,2029-12-08,2029-12-08,0,0,1,6,true,true,true
2029-12-08,69034948-bdaf-4cbe-83d8-6dc1efe710de,AT-TI,Tyrol,AT,Austria,public_holiday,Public,Immaculate Conception,2029-12-08,2029-12-08,0,0,1,6,true,true,true
2029-12-24,48b9155b-9487-58e5-9159-c051acd17d0b,AT-SB,Salzburg,AT,Austria,school_holiday,School,Christmas Holidays,2029-12-24,2030-01-06,0,13,14,1,false,true,false
2029-12-24,48b9155b-9487-58e5-9159-c051acd17d0b,AT-TI,Tyrol,AT,Austria,school_holiday,School,Christmas Holidays,2029-12-24,2030-01-06,0,13,14,1,false,true,false
2029-12-24,13ff89e9-6bd2-4338-a867-94de512bab3d,DE-BY,Bavaria,DE,Germany,school_holiday,School,Christmas Holidays,2029-12-24,2030-01-04,0,11,12,1,false,true,false
2029-12-25,4405ef3e-8b81-4446-97f0-11e835482e3b,AT-SB,Salzburg,AT,Austria,public_holiday,Public,Christmas Day,2029-12-25,2029-12-25,0,0,1,2,false,true,true
2029-12-25,48b9155b-9487-58e5-9159-c051acd17d0b,AT-SB,Salzburg,AT,Austria,school_holiday,School,Christmas Holidays,2029-12-24,2030-01-06,1,12,14,2,false,false,false
2029-12-25,4405ef3e-8b81-4446-97f0-11e835482e3b,AT-TI,Tyrol,AT,Austria,public_holiday,Public,Christmas Day,2029-12-25,2029-12-25,0,0,1,2,false,true,true
2029-12-25,48b9155b-9487-58e5-9159-c051acd17d0b,AT-TI,Tyrol,AT,Austria,school_holiday,School,Christmas Holidays,2029-12-24,2030-01-06,1,12,14,2,false,false,false
2029-12-25,639c0acc-34dc-4707-be65-6a4acd9e0baf,DE-BY,Bavaria,DE,Germany,public_holiday,Public,Christmas Day,2029-12-25,2029-12-25,0,0,1,2,false,true,true
2029-12-25,13ff89e9-6bd2-4338-a867-94de512bab3d,DE-BY,Bavaria,DE,Germany,school_holiday,School,Christmas Holidays,2029-12-24,2030-01-04,1,10,12,2,false,false,false
2029-12-26,bfb0cedd-3fb2-42b2-a001-d42457ce8150,AT-SB,Salzburg,AT,Austria,public_holiday,Public,St Stephen's Day,2029-12-26,2029-12-26,0,0,1,3,false,true,true
2029-12-26,48b9155b-9487-58e5-9159-c051acd17d0b,AT-SB,Salzburg,AT,Austria,school_holiday,School,Christmas Holidays,2029-12-24,2030-01-06,2,11,14,3,false,false,false
2029-12-26,bfb0cedd-3fb2-42b2-a001-d42457ce8150,AT-TI,Tyrol,AT,Austria,public_holiday,Public,St Stephen's Day,2029-12-26,2029-12-26,0,0,1,3,false,true,true
2029-12-26,48b9155b-9487-58e5-9159-c051acd17d0b,AT-TI,Tyrol,AT,Austria,school_holiday,School,Christmas Holidays,2029-12-24,2030-01-06,2,11,14,3,false,false,false
2029-12-26,ea094378-f694-4981-9cc2-062450123205,DE-BY,Bavaria,DE,Germany,public_holiday,Public,2nd Day of Christmas,2029-12-26,2029-12-26,0,0,1,3,false,true,true
2029-12-26,13ff89e9-6bd2-4338-a867-94de512bab3d,DE-BY,Bavaria,DE,Germany,school_holiday,School,Christmas Holidays,2029-12-24,2030-01-04,2,9,12,3,false,false,false
2029-12-27,48b9155b-9487-58e5-9159-c051acd17d0b,AT-SB,Salzburg,AT,Austria,school_holiday,School,Christmas Holidays,2029-12-24,2030-01-06,3,10,14,4,false,false,false
2029-12-27,48b9155b-9487-58e5-9159-c051acd17d0b,AT-TI,Tyrol,AT,Austria,school_holiday,School,Christmas Holidays,2029-12-24,2030-01-06,3,10,14,4,false,false,false
2029-12-27,13ff89e9-6bd2-4338-a867-94de512bab3d,DE-BY,Bavaria,DE,Germany,school_holiday,School,Christmas Holidays,2029-12-24,2030-01-04,3,8,12,4,false,false,false
2029-12-28,48b9155b-9487-58e5-9159-c051acd17d0b,AT-SB,Salzburg,AT,Austria,school_holiday,School,Christmas Holidays,2029-12-24,2030-01-06,4,9,14,5,false,false,false
2029-12-28,48b9155b-9487-58e5-9159-c051acd17d0b,AT-TI,Tyrol,AT,Austria,school_holiday,School,Christmas Holidays,2029-12-24,2030-01-06,4,9,14,5,false,false,false
2029-12-28,13ff89e9-6bd2-4338-a867-94de512bab3d,DE-BY,Bavaria,DE,Germany,school_holiday,School,Christmas Holidays,2029-12-24,2030-01-04,4,7,12,5,false,false,false
2029-12-29,48b9155b-9487-58e5-9159-c051acd17d0b,AT-SB,Salzburg,AT,Austria,school_holiday,School,Christmas Holidays,2029-12-24,2030-01-06,5,8,14,6,true,false,false
2029-12-29,48b9155b-9487-58e5-9159-c051acd17d0b,AT-TI,Tyrol,AT,Austria,school_holiday,School,Christmas Holidays,2029-12-24,2030-01-06,5,8,14,6,true,false,false
2029-12-29,13ff89e9-6bd2-4338-a867-94de512bab3d,DE-BY,Bavaria,DE,Germany,school_holiday,School,Christmas Holidays,2029-12-24,2030-01-04,5,6,12,6,true,false,false
2029-12-30,48b9155b-9487-58e5-9159-c051acd17d0b,AT-SB,Salzburg,AT,Austria,school_holiday,School,Christmas Holidays,2029-12-24,2030-01-06,6,7,14,7,true,false,false
2029-12-30,48b9155b-9487-58e5-9159-c051acd17d0b,AT-TI,Tyrol,AT,Austria,school_holiday,School,Christmas Holidays,2029-12-24,2030-01-06,6,7,14,7,true,false,false
2029-12-30,13ff89e9-6bd2-4338-a867-94de512bab3d,DE-BY,Bavaria,DE,Germany,school_holiday,School,Christmas Holidays,2029-12-24,2030-01-04,6,5,12,7,true,false,false
2029-12-31,48b9155b-9487-58e5-9159-c051acd17d0b,AT-SB,Salzburg,AT,Austria,school_holiday,School,Christmas Holidays,2029-12-24,2030-01-06,7,6,14,1,false,false,false
2029-12-31,48b9155b-9487-58e5-9159-c051acd17d0b,AT-TI,Tyrol,AT,Austria,school_holiday,School,Christmas Holidays,2029-12-24,2030-01-06,7,6,14,1,false,false,false
2029-12-31,13ff89e9-6bd2-4338-a867-94de512bab3d,DE-BY,Bavaria,DE,Germany,school_holiday,School,Christmas Holidays,2029-12-24,2030-01-04,7,4,12,1,false,false,false
