road,identifier,title,subtitle,direction,display_type,coordinate_lat,coordinate_lon,extent_from_lat,extent_from_lon,extent_to_lat,extent_to_lon,impact_lower,impact_upper,length_km,max_speed_kph,max_width_m,start_date,end_date,schedule_text,is_future,is_blocked,lane_config_type,lane_config_desc,total_lanes,open_lanes,closed_lanes,is_2_plus_0,has_breakdown_lane,raw_symbols,target_corridor,raw_description,start_dt,end_dt,in_a8_ost_corridor,in_a93_sued_corridor
A8,2025-060228--vi-fbm.2026-06-15_08-00-00-000.devi-zus.2026-06-01_00-00-00-000_008.de3,A8 | Bundesgrenze - Weiler, Luxemburg -> Saarlouis, Luxemburg -> Saarlouis,SHORT_TERM_ROADWORKS,49.47987760703651,6.369250133423089,,,,,Weiler,Bundesgrenze,,,,,,"Die Baustelle ist zu folgenden Zeiträumen gültig: Jeden Montag, Dienstag, Mittwoch, Donnerstag und Freitag zwischen dem 15.06.26 und dem 26.06.26 von 08:00 bis 16:00 Uhr.  A8: Luxemburg -> Saarlouis, zwischen 0.1 km hinter Bundesgrenze und 3.6 km vor Weiler  Länge: 13.54 km | Max. 80 km/h | Maximale Durchfahrtsbreite: 5.75 m  A008 Ern. AS Mzg.-Wellingen-AS Perl RF SB 77,8 - KM 90,7",False,false,2+0_bidirectional,"2+0 configuration: 1 lane(s) in driving direction, 1 lane(s) for oncoming traffic, bidirectional traffic on one carriageway",4,2,2,True,True,"['BREAKDOWN_LANE', 'BORDER_LEFT', 'ARROW_DOWN', 'CLOSED', 'SEPARATE', 'CLOSED', 'ARROW_UP', 'BORDER_RIGHT', 'BREAKDOWN_LANE']",,"['Die Baustelle ist zu folgenden Zeiträumen gültig:', 'Jeden Montag, Dienstag, Mittwoch, Donnerstag und Freitag zwischen dem 15.06.26 und dem 26.06.26 von 08:00 bis 16:00 Uhr.', '', 'A8: Luxemburg -> Saarlouis, zwischen 0.1 km hinter Bundesgrenze und 3.6 km vor Weiler', '', 'Länge: 13.54 km | Max. 80 km/h | Maximale Durchfahrtsbreite: 5.75 m', '', 'A008 Ern. AS Mzg.-Wellingen-AS Perl RF SB 77,8 - KM 90,7']",,,False,False
A8,2025-030722--vi-bs.2025-07-28_08-30-00-000.devi-bs.2025-06-30_00-00-00-000_002.de3,A8 | Bundesgrenze - Moseltal, Luxemburg -> Saarlouis, Luxemburg -> Saarlouis,ROADWORKS,49.47932871273438,6.368012067178018,,,,,Moseltal,Bundesgrenze,,,,2025-07-28T08:30:00+02:00,2027-08-01T00:00:00+02:00,"Zeitraum dieser Bauphase: Beginn: 28.07.25 um 08:30 Uhr Ende: 01.08.27 um 00:00 Uhr (Ende der Gesamtmaßnahme: 01.08.27)  A8: Luxemburg -> Saarlouis, zwischen Bundesgrenze und 0.3 km vor Moseltal  Länge: 0.38 km | Maximale Durchfahrtsbreite: 3.5 m  A8 Brückeninstandsetzung",False,false,2+0_bidirectional,"2+0 configuration: 0 lane(s) in driving direction, 1 lane(s) for oncoming traffic, bidirectional traffic on one carriageway",3,1,2,True,False,"['SEPARATE', 'ARROW_UP', 'CLOSED', 'BORDER_RIGHT', 'CLOSED']",,"['Zeitraum dieser Bauphase:', 'Beginn: 28.07.25 um 08:30 Uhr', 'Ende: 01.08.27 um 00:00 Uhr', '(Ende der Gesamtmaßnahme: 01.08.27)', '', 'A8: Luxemburg -> Saarlouis, zwischen Bundesgrenze und 0.3 km vor Moseltal', '', 'Länge: 0.38 km | Maximale Durchfahrtsbreite: 3.5 m', '', 'A8 Brückeninstandsetzung']",2025-07-28 06:30:00+00:00,2027-07-31 22:00:00+00:00,False,False
A8,2026-027577--vi-bs.2026-06-28_11-30-00-000.devi-bs.2026-06-28_08-00-00-000.de7,A8 | Wallerfangen - Saarlouis, Saarbrücken -> Saarlouis, Saarbrücken -> Saarlouis,SHORT_TERM_ROADWORKS,49.32862123271528,6.731117299501033,,,,,Saarlouis,Wallerfangen,,,,,,"Die Baustelle ist zu folgenden Zeiträumen gültig: 28.06.26 von 11:30 bis 12:30 Uhr  A620: Saarbrücken -> Saarlouis, zwischen 1.0 km hinter AS Wallerfangen und 0.6 km vor AD Saarlouis  Länge: 0.01 km | Maximale Durchfahrtsbreite: 3.25 m  A620 von Wallerfangen (AS) Brückenwartung",True,false,2+0_bidirectional,"2+0 configuration: 0 lane(s) in driving direction, 1 lane(s) for oncoming traffic, bidirectional traffic on one carriageway",2,1,1,True,True,"['SEPARATE', 'CLOSED', 'ARROW_UP', 'BORDER_RIGHT', 'BREAKDOWN_LANE']",,"['Die Baustelle ist zu folgenden Zeiträumen gültig:', '28.06.26 von 11:30 bis 12:30 Uhr', '', 'A620: Saarbrücken -> Saarlouis, zwischen 1.0 km hinter AS Wallerfangen und 0.6 km vor AD Saarlouis', '', 'Länge: 0.01 km | Maximale Durchfahrtsbreite: 3.25 m', '', 'A620 von Wallerfangen (AS) Brückenwartung']",,,False,False
A8,2026-027577--vi-bs.2026-06-28_09-00-00-000.devi-bs.2026-06-28_08-00-00-000.de3,A8 | Wallerfangen - Saarlouis, Saarbrücken -> Saarlouis, Saarbrücken -> Saarlouis,SHORT_TERM_ROADWORKS,49.32861322674049,6.731123549704141,,,,,Saarlouis,Wallerfangen,,,,,,"Die Baustelle ist zu folgenden Zeiträumen gültig: 28.06.26 von 09:00 bis 10:00 Uhr  A620: Saarbrücken -> Saarlouis, zwischen 1.0 km hinter AS Wallerfangen und 0.6 km vor AD Saarlouis  Länge: 0.01 km | Maximale Durchfahrtsbreite: 3.25 m  A620 von Wallerfangen (AS) Brückenwartung",True,false,2+0_bidirectional,"2+0 configuration: 0 lane(s) in driving direction, 1 lane(s) for oncoming traffic, bidirectional traffic on one carriageway",2,1,1,True,True,"['SEPARATE', 'ARROW_UP', 'CLOSED', 'BORDER_RIGHT', 'BREAKDOWN_LANE']",,"['Die Baustelle ist zu folgenden Zeiträumen gültig:', '28.06.26 von 09:00 bis 10:00 Uhr', '', 'A620: Saarbrücken -> Saarlouis, zwischen 1.0 km hinter AS Wallerfangen und 0.6 km vor AD Saarlouis', '', 'Länge: 0.01 km | Maximale Durchfahrtsbreite: 3.25 m', '', 'A620 von Wallerfangen (AS) Brückenwartung']",,,False,False
A8,2025-030722--vi-bs.2025-07-28_08-30-00-000.devi-bs.2025-06-30_00-00-00-000_002.de1,A8 | Perl-Borg - Bundesgrenze, Saarlouis -> Luxemburg, Saarlouis -> Luxemburg,ROADWORKS,49.486863049121744,6.378268825981015,,,,,Bundesgrenze,Perl-Borg,,,,2025-07-28T08:30:00+02:00,2027-08-01T00:00:00+02:00,"Zeitraum dieser Bauphase: Beginn: 28.07.25 um 08:30 Uhr Ende: 01.08.27 um 00:00 Uhr (Ende der Gesamtmaßnahme: 01.08.27)  A8: Saarlouis -> Luxemburg, zwischen 3.3 km hinter AS Perl-Borg und Bundesgrenze  Länge: 1.13 km | Maximale Durchfahrtsbreite: 3.5 m  A8 Brückeninstandsetzung",False,false,2+0_bidirectional,"2+0 configuration: 0 lane(s) in driving direction, 1 lane(s) for oncoming traffic, bidirectional traffic on one carriageway",3,1,2,True,False,"['SEPARATE', 'ARROW_UP', 'CLOSED', 'BORDER_RIGHT', 'CLOSED']",,"['Zeitraum dieser Bauphase:', 'Beginn: 28.07.25 um 08:30 Uhr', 'Ende: 01.08.27 um 00:00 Uhr', '(Ende der Gesamtmaßnahme: 01.08.27)', '', 'A8: Saarlouis -> Luxemburg, zwischen 3.3 km hinter AS Perl-Borg und Bundesgrenze', '', 'Länge: 1.13 km | Maximale Durchfahrtsbreite: 3.5 m', '', 'A8 Brückeninstandsetzung']",2025-07-28 06:30:00+00:00,2027-07-31 22:00:00+00:00,False,False
A8,2025-060228--vi-fbm.2026-06-15_08-00-00-000.devi-zus.2026-06-01_00-00-00-000_008.de1,A8 | Weiler - Bundesgrenze, Saarlouis -> Luxemburg, Saarlouis -> Luxemburg,SHORT_TERM_ROADWORKS,49.45230914793094,6.519346133475216,,,,,Bundesgrenze,Weiler,,,,,,"Die Baustelle ist zu folgenden Zeiträumen gültig: Jeden Montag, Dienstag, Mittwoch, Donnerstag und Freitag zwischen dem 15.06.26 und dem 26.06.26 von 08:00 bis 16:00 Uhr.  A8: Saarlouis -> Luxemburg, zwischen 3.6 km hinter Weiler und 0.1 km vor Bundesgrenze  Länge: 13.54 km | Max. 80 km/h | Maximale Durchfahrtsbreite: 5.75 m  A008 Ern. AS Mzg.-Wellingen-AS Perl RF SB 77,8 - KM 90,7",False,false,2+0_bidirectional,"2+0 configuration: 1 lane(s) in driving direction, 1 lane(s) for oncoming traffic, bidirectional traffic on one carriageway",4,2,2,True,True,"['BREAKDOWN_LANE', 'BORDER_LEFT', 'ARROW_DOWN', 'CLOSED', 'SEPARATE', 'CLOSED', 'ARROW_UP', 'BORDER_RIGHT', 'BREAKDOWN_LANE']",,"['Die Baustelle ist zu folgenden Zeiträumen gültig:', 'Jeden Montag, Dienstag, Mittwoch, Donnerstag und Freitag zwischen dem 15.06.26 und dem 26.06.26 von 08:00 bis 16:00 Uhr.', '', 'A8: Saarlouis -> Luxemburg, zwischen 3.6 km hinter Weiler und 0.1 km vor Bundesgrenze', '', 'Länge: 13.54 km | Max. 80 km/h | Maximale Durchfahrtsbreite: 5.75 m', '', 'A008 Ern. AS Mzg.-Wellingen-AS Perl RF SB 77,8 - KM 90,7']",,,False,False
A8,2023-001099--vi-bs.2026-06-08_08-30-00-000.devi-zus.2024-09-17_09-00-00-000.de197,A8 | Saarbrücken - Friedrichsthal-Bildstock, Saarlouis -> Neunkirchen, Saarlouis -> Neunkirchen,SHORT_TERM_ROADWORKS,49.34374958712686,7.0482514279646304,,,,,Friedrichsthal-Bildstock,Saarbrücken,,,,,,"Die Baustelle ist zu folgenden Zeiträumen gültig: 23.06.26 von 09:30 bis 15:00 Uhr 24.06.26 von 09:30 bis 15:00 Uhr  A8: Saarlouis -> Neunkirchen, zwischen 2.5 km hinter AK Saarbrücken und 1.2 km vor AS Friedrichsthal-Bildstock  Länge: 1.31 km | Maximale Durchfahrtsbreite: 3.25 m  A8 Schallschutzarbeiten",False,false,2+0_bidirectional,"2+0 configuration: 0 lane(s) in driving direction, 1 lane(s) for oncoming traffic, bidirectional traffic on one carriageway",2,1,1,True,True,"['SEPARATE', 'ARROW_UP', 'CLOSED', 'BORDER_RIGHT', 'BREAKDOWN_LANE']",,"['Die Baustelle ist zu folgenden Zeiträumen gültig:', '23.06.26 von 09:30 bis 15:00 Uhr', '24.06.26 von 09:30 bis 15:00 Uhr', '', 'A8: Saarlouis -> Neunkirchen, zwischen 2.5 km hinter AK Saarbrücken und 1.2 km vor AS Friedrichsthal-Bildstock', '', 'Länge: 1.31 km | Maximale Durchfahrtsbreite: 3.25 m', '', 'A8 Schallschutzarbeiten']",,,False,False
A8,2023-001099--vi-bs.2026-06-08_08-30-00-000.devi-zus.2024-09-17_09-00-00-000.de195,A8 | Saarbrücken - Friedrichsthal-Bildstock, Saarlouis -> Neunkirchen, Saarlouis -> Neunkirchen,SHORT_TERM_ROADWORKS,49.34374958712686,7.0482514279646304,,,,,Friedrichsthal-Bildstock,Saarbrücken,,,,,,"Die Baustelle ist zu folgenden Zeiträumen gültig: 23.06.26 von 09:30 bis 15:00 Uhr 24.06.26 von 09:30 bis 15:00 Uhr  A8: Saarlouis -> Neunkirchen, zwischen 2.5 km hinter AK Saarbrücken und 1.2 km vor AS Friedrichsthal-Bildstock  Länge: 1.31 km | Maximale Durchfahrtsbreite: 3.25 m  A8 Schallschutzarbeiten",False,false,2+0_bidirectional,"2+0 configuration: 0 lane(s) in driving direction, 1 lane(s) for oncoming traffic, bidirectional traffic on one carriageway",2,1,1,True,True,"['SEPARATE', 'CLOSED', 'ARROW_UP', 'BORDER_RIGHT', 'BREAKDOWN_LANE']",,"['Die Baustelle ist zu folgenden Zeiträumen gültig:', '23.06.26 von 09:30 bis 15:00 Uhr', '24.06.26 von 09:30 bis 15:00 Uhr', '', 'A8: Saarlouis -> Neunkirchen, zwischen 2.5 km hinter AK Saarbrücken und 1.2 km vor AS Friedrichsthal-Bildstock', '', 'Länge: 1.31 km | Maximale Durchfahrtsbreite: 3.25 m', '', 'A8 Schallschutzarbeiten']",,,False,False
A8,2023-001099--vi-bs.2025-11-14_06-00-00-000.devi-zus.2024-09-17_09-00-00-000.de158,A8 | Saarbrücken - Friedrichsthal-Bildstock, Saarlouis -> Neunkirchen, Saarlouis -> Neunkirchen,ROADWORKS,49.34321655539114,7.048859080114184,,,,,Friedrichsthal-Bildstock,Saarbrücken,,,,2025-11-14T06:00:00+01:00,2026-08-31T12:00:00+02:00,"Zeitraum dieser Bauphase: Beginn: 14.11.25 um 06:00 Uhr Ende: 31.08.26 um 12:00 Uhr (Ende der Gesamtmaßnahme: 28.02.27)  A8: Saarlouis -> Neunkirchen, zwischen 2.6 km hinter AK Saarbrücken und 1.7 km vor AS Friedrichsthal-Bildstock  Länge: 0.69 km | Maximale Durchfahrtsbreite: 6.25 m  A8 Schallschutzarbeiten",False,false,2+0_bidirectional,"2+0 configuration: 0 lane(s) in driving direction, 2 lane(s) for oncoming traffic, bidirectional traffic on one carriageway",2,2,0,True,True,"['SEPARATE', 'ARROW_UP', 'ARROW_UP', 'BORDER_RIGHT', 'BREAKDOWN_LANE']",,"['Zeitraum dieser Bauphase:', 'Beginn: 14.11.25 um 06:00 Uhr', 'Ende: 31.08.26 um 12:00 Uhr', '(Ende der Gesamtmaßnahme: 28.02.27)', '', 'A8: Saarlouis -> Neunkirchen, zwischen 2.6 km hinter AK Saarbrücken und 1.7 km vor AS Friedrichsthal-Bildstock', '', 'Länge: 0.69 km | Maximale Durchfahrtsbreite: 6.25 m', '', 'A8 Schallschutzarbeiten']",2025-11-14 05:00:00+00:00,2026-08-31 10:00:00+00:00,False,False
A8,2023-001099--vi-bs.2025-11-14_06-00-00-000.devi-zus.2024-09-17_09-00-00-000.de156,A8 | Merchweiler - Friedrichsthal-Bildstock, Saarlouis -> Neunkirchen, Saarlouis -> Neunkirchen,ROADWORKS,49.338757889891326,7.055427041895462,,,,,Friedrichsthal-Bildstock,Merchweiler,,,,2025-11-14T06:00:00+01:00,2026-08-31T12:00:00+02:00,"Zeitraum dieser Bauphase: Beginn: 14.11.25 um 06:00 Uhr Ende: 31.08.26 um 12:00 Uhr (Ende der Gesamtmaßnahme: 28.02.27)  A8: Saarlouis -> Neunkirchen, zwischen 0.4 km hinter AS Merchweiler und 0.3 km vor AS Friedrichsthal-Bildstock  Länge: 1.46 km | Maximale Durchfahrtsbreite: 3.75 m  A8 Schallschutzarbeiten",False,false,2+0_bidirectional,"2+0 configuration: 2 lane(s) in driving direction, 2 lane(s) for oncoming traffic, bidirectional traffic on one carriageway",6,4,2,True,False,"['ARROW_DOWN', 'BORDER_LEFT', 'ARROW_DOWN', 'SEPARATE', 'ARROW_UP', 'SEPARATE', 'ARROW_UP', 'CLOSED', 'BORDER_RIGHT', 'CLOSED']",,"['Zeitraum dieser Bauphase:', 'Beginn: 14.11.25 um 06:00 Uhr', 'Ende: 31.08.26 um 12:00 Uhr', '(Ende der Gesamtmaßnahme: 28.02.27)', '', 'A8: Saarlouis -> Neunkirchen, zwischen 0.4 km hinter AS Merchweiler und 0.3 km vor AS Friedrichsthal-Bildstock', '', 'Länge: 1.46 km | Maximale Durchfahrtsbreite: 3.75 m', '', 'A8 Schallschutzarbeiten']",2025-11-14 05:00:00+00:00,2026-08-31 10:00:00+00:00,False,False
A8,2023-001099--vi-bs.2025-11-14_06-00-00-000.devi-zus.2024-09-17_09-00-00-000.de154,A8 | Friedrichsthal-Bildstock - Merchweiler, Neunkirchen -> Saarlouis, Neunkirchen -> Saarlouis,ROADWORKS,49.33128335859496,7.0714026768130935,,,,,Merchweiler,Friedrichsthal-Bildstock,,,,2025-11-14T06:00:00+01:00,2026-08-31T12:00:00+02:00,"Zeitraum dieser Bauphase: Beginn: 14.11.25 um 06:00 Uhr Ende: 31.08.26 um 12:00 Uhr (Ende der Gesamtmaßnahme: 28.02.27)  A8: Neunkirchen -> Saarlouis, zwischen 0.3 km hinter AS Friedrichsthal-Bildstock und 0.4 km vor AS Merchweiler  Länge: 1.46 km | Maximale Durchfahrtsbreite: 5.85 m  A8 Schallschutzarbeiten",False,false,2+0_bidirectional,"2+0 configuration: 2 lane(s) in driving direction, 2 lane(s) for oncoming traffic, bidirectional traffic on one carriageway",6,4,2,True,False,"['CLOSED', 'BORDER_LEFT', 'CLOSED', 'ARROW_DOWN', 'SEPARATE', 'ARROW_DOWN', 'SEPARATE', 'ARROW_UP', 'BORDER_RIGHT', 'ARROW_UP']",,"['Zeitraum dieser Bauphase:', 'Beginn: 14.11.25 um 06:00 Uhr', 'Ende: 31.08.26 um 12:00 Uhr', '(Ende der Gesamtmaßnahme: 28.02.27)', '', 'A8: Neunkirchen -> Saarlouis, zwischen 0.3 km hinter AS Friedrichsthal-Bildstock und 0.4 km vor AS Merchweiler', '', 'Länge: 1.46 km | Maximale Durchfahrtsbreite: 5.85 m', '', 'A8 Schallschutzarbeiten']",2025-11-14 05:00:00+00:00,2026-08-31 10:00:00+00:00,False,False
A8,2023-001099--vi-bs.2026-06-08_08-30-00-000.devi-zus.2024-09-17_09-00-00-000.de193,A8 | Friedrichsthal - Merchweiler, Neunkirchen -> Saarlouis, Neunkirchen -> Saarlouis,SHORT_TERM_ROADWORKS,49.328124351040856,7.073486265160831,,,,,Merchweiler,Friedrichsthal,,,,,,"Die Baustelle ist zu folgenden Zeiträumen gültig: 23.06.26 von 08:30 bis 13:30 Uhr 24.06.26 von 08:30 bis 13:30 Uhr  A8: Neunkirchen -> Saarlouis, zwischen 1.0 km hinter AD Friedrichsthal und 0.6 km vor AS Merchweiler  Länge: 1.65 km | Maximale Durchfahrtsbreite: 2.7 m  A8 Schallschutzarbeiten",False,false,2+0_bidirectional,"2+0 configuration: 0 lane(s) in driving direction, 1 lane(s) for oncoming traffic, bidirectional traffic on one carriageway",2,1,1,True,True,"['SEPARATE', 'ARROW_UP', 'CLOSED', 'BORDER_RIGHT', 'BREAKDOWN_LANE']",,"['Die Baustelle ist zu folgenden Zeiträumen gültig:', '23.06.26 von 08:30 bis 13:30 Uhr', '24.06.26 von 08:30 bis 13:30 Uhr', '', 'A8: Neunkirchen -> Saarlouis, zwischen 1.0 km hinter AD Friedrichsthal und 0.6 km vor AS Merchweiler', '', 'Länge: 1.65 km | Maximale Durchfahrtsbreite: 2.7 m', '', 'A8 Schallschutzarbeiten']",,,False,False
A8,2023-001099--vi-bs.2026-06-08_08-30-00-000.devi-zus.2024-09-17_09-00-00-000.de191,A8 | Friedrichsthal - Merchweiler, Neunkirchen -> Saarlouis, Neunkirchen -> Saarlouis,SHORT_TERM_ROADWORKS,49.328124351040856,7.073486265160831,,,,,Merchweiler,Friedrichsthal,,,,,,"Die Baustelle ist zu folgenden Zeiträumen gültig: 23.06.26 von 08:30 bis 13:30 Uhr 24.06.26 von 08:30 bis 13:30 Uhr  A8: Neunkirchen -> Saarlouis, zwischen 1.0 km hinter AD Friedrichsthal und 0.6 km vor AS Merchweiler  Länge: 1.65 km | Maximale Durchfahrtsbreite: 3.25 m  A8 Schallschutzarbeiten",False,false,2+0_bidirectional,"2+0 configuration: 0 lane(s) in driving direction, 1 lane(s) for oncoming traffic, bidirectional traffic on one carriageway",2,1,1,True,True,"['SEPARATE', 'CLOSED', 'ARROW_UP', 'BORDER_RIGHT', 'BREAKDOWN_LANE']",,"['Die Baustelle ist zu folgenden Zeiträumen gültig:', '23.06.26 von 08:30 bis 13:30 Uhr', '24.06.26 von 08:30 bis 13:30 Uhr', '', 'A8: Neunkirchen -> Saarlouis, zwischen 1.0 km hinter AD Friedrichsthal und 0.6 km vor AS Merchweiler', '', 'Länge: 1.65 km | Maximale Durchfahrtsbreite: 3.25 m', '', 'A8 Schallschutzarbeiten']",,,False,False
A8,2023-001099--vi-bs.2025-11-14_06-00-00-000.devi-zus.2024-09-17_09-00-00-000.de160,A8 | Friedrichsthal - Merchweiler, Neunkirchen -> Saarlouis, Neunkirchen -> Saarlouis,ROADWORKS,49.32762915976845,7.073770979389331,,,,,Merchweiler,Friedrichsthal,,,,2025-11-14T06:00:00+01:00,2026-08-31T12:00:00+02:00,"Zeitraum dieser Bauphase: Beginn: 14.11.25 um 06:00 Uhr Ende: 31.08.26 um 12:00 Uhr (Ende der Gesamtmaßnahme: 28.02.27)  A8: Neunkirchen -> Saarlouis, zwischen 0.9 km hinter AD Friedrichsthal und 1.9 km vor AS Merchweiler  Länge: 0.44 km | Maximale Durchfahrtsbreite: 6.25 m  A8 Schallschutzarbeiten",False,false,2+0_bidirectional,"2+0 configuration: 0 lane(s) in driving direction, 2 lane(s) for oncoming traffic, bidirectional traffic on one carriageway",2,2,0,True,True,"['SEPARATE', 'ARROW_UP', 'ARROW_UP', 'BORDER_RIGHT', 'BREAKDOWN_LANE']",,"['Zeitraum dieser Bauphase:', 'Beginn: 14.11.25 um 06:00 Uhr', 'Ende: 31.08.26 um 12:00 Uhr', '(Ende der Gesamtmaßnahme: 28.02.27)', '', 'A8: Neunkirchen -> Saarlouis, zwischen 0.9 km hinter AD Friedrichsthal und 1.9 km vor AS Merchweiler', '', 'Länge: 0.44 km | Maximale Durchfahrtsbreite: 6.25 m', '', 'A8 Schallschutzarbeiten']",2025-11-14 05:00:00+00:00,2026-08-31 10:00:00+00:00,False,False
A8,2023-001068--vi-bs.2026-06-08_05-00-00-000.devi-zus.2023-02-10_20-00-00-000.f_001.de207,A8 | Neunkirchen/Spiesen - Kohlhof, Saarlouis -> Neunkirchen, Saarlouis -> Neunkirchen,ROADWORKS,49.328884083847356,7.187003040335196,,,,,Kohlhof,Neunkirchen/Spiesen,,,,2026-06-08T05:00:00+02:00,2026-12-24T05:00:00+02:00,"Zeitraum dieser Bauphase: Beginn: 08.06.26 um 05:00 Uhr Ende: 24.12.26 um 05:00 Uhr (Ende der Gesamtmaßnahme: 01.01.32)  A8: Saarlouis -> Neunkirchen, zwischen 2.6 km hinter AS Neunkirchen/Spiesen und 1.0 km vor Kohlhof  Länge: 1.93 km | Maximale Durchfahrtsbreite: 5.85 m  A8 Brückenneubau",False,false,2+0_bidirectional,"2+0 configuration: 2 lane(s) in driving direction, 2 lane(s) for oncoming traffic, bidirectional traffic on one carriageway",7,4,3,True,False,"['ARROW_DOWN', 'BORDER_LEFT', 'ARROW_DOWN', 'SEPARATE', 'ARROW_UP', 'ARROW_UP', 'SEPARATE', 'CLOSED', 'CLOSED', 'BORDER_RIGHT', 'CLOSED']",,"['Zeitraum dieser Bauphase:', 'Beginn: 08.06.26 um 05:00 Uhr', 'Ende: 24.12.26 um 05:00 Uhr', '(Ende der Gesamtmaßnahme: 01.01.32)', '', 'A8: Saarlouis -> Neunkirchen, zwischen 2.6 km hinter AS Neunkirchen/Spiesen und 1.0 km vor Kohlhof', '', 'Länge: 1.93 km | Maximale Durchfahrtsbreite: 5.85 m', '', 'A8 Brückenneubau']",2026-06-08 03:00:00+00:00,2026-12-24 03:00:00+00:00,False,False
A8,2023-001068--vi-bs.2026-06-08_05-00-00-000.devi-zus.2023-02-10_20-00-00-000.f_001.de203,A8 | Neunkirchen/Spiesen - Neunkirchen-Oberstadt, Saarlouis -> Neunkirchen, Saarlouis -> Neunkirchen,ROADWORKS,49.32662357984294,7.1781863387905425,,,,,Neunkirchen-Oberstadt,Neunkirchen/Spiesen,,,,2026-06-08T05:00:00+02:00,2026-12-24T05:00:00+02:00,"Zeitraum dieser Bauphase: Beginn: 08.06.26 um 05:00 Uhr Ende: 24.12.26 um 05:00 Uhr (Ende der Gesamtmaßnahme: 01.01.32)  A8: Saarlouis -> Neunkirchen, zwischen 1.9 km hinter AS Neunkirchen/Spiesen und 0.3 km vor AS Neunkirchen-Oberstadt  Länge: 0.69 km | Maximale Durchfahrtsbreite: 5.85 m  A8 Brückenneubau",False,false,2+0_bidirectional,"2+0 configuration: 2 lane(s) in driving direction, 2 lane(s) for oncoming traffic, bidirectional traffic on one carriageway",4,4,0,True,True,"['BREAKDOWN_LANE', 'BORDER_LEFT', 'ARROW_DOWN', 'ARROW_DOWN', 'SEPARATE', 'ARROW_UP', 'ARROW_UP', 'BORDER_RIGHT', 'BREAKDOWN_LANE']",,"['Zeitraum dieser Bauphase:', 'Beginn: 08.06.26 um 05:00 Uhr', 'Ende: 24.12.26 um 05:00 Uhr', '(Ende der Gesamtmaßnahme: 01.01.32)', '', 'A8: Saarlouis -> Neunkirchen, zwischen 1.9 km hinter AS Neunkirchen/Spiesen und 0.3 km vor AS Neunkirchen-Oberstadt', '', 'Länge: 0.69 km | Maximale Durchfahrtsbreite: 5.85 m', '', 'A8 Brückenneubau']",2026-06-08 03:00:00+00:00,2026-12-24 03:00:00+00:00,False,False
A8,2023-001068--vi-bs.2026-06-08_05-00-00-000.devi-zus.2023-02-10_20-00-00-000.f_001.de201,A8 | Neunkirchen-Oberstadt - Neunkirchen/Spiesen, Neunkirchen -> Saarlouis, Neunkirchen -> Saarlouis,ROADWORKS,49.32895501725113,7.186943933614194,,,,,Neunkirchen/Spiesen,Neunkirchen-Oberstadt,,,,2026-06-08T05:00:00+02:00,2026-12-24T05:00:00+02:00,"Zeitraum dieser Bauphase: Beginn: 08.06.26 um 05:00 Uhr Ende: 24.12.26 um 05:00 Uhr (Ende der Gesamtmaßnahme: 01.01.32)  A8: Neunkirchen -> Saarlouis, zwischen 0.3 km hinter AS Neunkirchen-Oberstadt und 1.9 km vor AS Neunkirchen/Spiesen  Länge: 0.69 km | Maximale Durchfahrtsbreite: 5.85 m  A8 Brückenneubau",False,false,2+0_bidirectional,"2+0 configuration: 2 lane(s) in driving direction, 2 lane(s) for oncoming traffic, bidirectional traffic on one carriageway",4,4,0,True,True,"['BREAKDOWN_LANE', 'BORDER_LEFT', 'ARROW_DOWN', 'ARROW_DOWN', 'SEPARATE', 'ARROW_UP', 'ARROW_UP', 'BORDER_RIGHT', 'BREAKDOWN_LANE']",,"['Zeitraum dieser Bauphase:', 'Beginn: 08.06.26 um 05:00 Uhr', 'Ende: 24.12.26 um 05:00 Uhr', '(Ende der Gesamtmaßnahme: 01.01.32)', '', 'A8: Neunkirchen -> Saarlouis, zwischen 0.3 km hinter AS Neunkirchen-Oberstadt und 1.9 km vor AS Neunkirchen/Spiesen', '', 'Länge: 0.69 km | Maximale Durchfahrtsbreite: 5.85 m', '', 'A8 Brückenneubau']",2026-06-08 03:00:00+00:00,2026-12-24 03:00:00+00:00,False,False
A8,2023-001068--vi-bs.2026-06-08_05-00-00-000.devi-zus.2023-02-10_20-00-00-000.f_001.de199,A8 | Neunkirchen-Oberstadt - Kohlhof, Saarlouis -> Neunkirchen, Saarlouis -> Neunkirchen,ROADWORKS,49.32734476041113,7.21302755647301,,,,,Kohlhof,Neunkirchen-Oberstadt,,,,2026-06-08T05:00:00+02:00,2026-12-24T05:00:00+02:00,"Zeitraum dieser Bauphase: Beginn: 08.06.26 um 05:00 Uhr Ende: 24.12.26 um 05:00 Uhr (Ende der Gesamtmaßnahme: 01.01.32)  A8: Saarlouis -> Neunkirchen, zwischen 1.6 km hinter AS Neunkirchen-Oberstadt und 0.3 km vor Kohlhof  Länge: 0.8 km | Maximale Durchfahrtsbreite: 5.85 m  A8 Brückenneubau",False,false,2+0_bidirectional,"2+0 configuration: 2 lane(s) in driving direction, 2 lane(s) for oncoming traffic, bidirectional traffic on one carriageway",6,4,2,True,False,"['CLOSED', 'BORDER_LEFT', 'ARROW_DOWN', 'ARROW_DOWN', 'SEPARATE', 'CLOSED', 'ARROW_UP', 'BORDER_RIGHT', 'ARROW_UP']",,"['Zeitraum dieser Bauphase:', 'Beginn: 08.06.26 um 05:00 Uhr', 'Ende: 24.12.26 um 05:00 Uhr', '(Ende der Gesamtmaßnahme: 01.01.32)', '', 'A8: Saarlouis -> Neunkirchen, zwischen 1.6 km hinter AS Neunkirchen-Oberstadt und 0.3 km vor Kohlhof', '', 'Länge: 0.8 km | Maximale Durchfahrtsbreite: 5.85 m', '', 'A8 Brückenneubau']",2026-06-08 03:00:00+00:00,2026-12-24 03:00:00+00:00,False,False
A8,2023-001068--vi-bs.2026-06-08_05-00-00-000.devi-zus.2023-02-10_20-00-00-000.f_001.de205,A8 | Kohlhof - Neunkirchen/Spiesen, Neunkirchen -> Saarlouis, Neunkirchen -> Saarlouis,ROADWORKS,49.32744895683089,7.213034602415921,,,,,Neunkirchen/Spiesen,Kohlhof,,,,2026-06-08T05:00:00+02:00,2026-12-24T05:00:00+02:00,"Zeitraum dieser Bauphase: Beginn: 08.06.26 um 05:00 Uhr Ende: 24.12.26 um 05:00 Uhr (Ende der Gesamtmaßnahme: 01.01.32)  A8: Neunkirchen -> Saarlouis, zwischen 1.1 km hinter Kohlhof und 2.6 km vor AS Neunkirchen/Spiesen  Länge: 1.93 km | Maximale Durchfahrtsbreite: 5.85 m  A8 Brückenneubau",False,false,2+0_bidirectional,"2+0 configuration: 2 lane(s) in driving direction, 2 lane(s) for oncoming traffic, bidirectional traffic on one carriageway",7,4,3,True,False,"['CLOSED', 'BORDER_LEFT', 'CLOSED', 'CLOSED', 'SEPARATE', 'ARROW_DOWN', 'ARROW_DOWN', 'SEPARATE', 'ARROW_UP', 'BORDER_RIGHT', 'ARROW_UP']",,"['Zeitraum dieser Bauphase:', 'Beginn: 08.06.26 um 05:00 Uhr', 'Ende: 24.12.26 um 05:00 Uhr', '(Ende der Gesamtmaßnahme: 01.01.32)', '', 'A8: Neunkirchen -> Saarlouis, zwischen 1.1 km hinter Kohlhof und 2.6 km vor AS Neunkirchen/Spiesen', '', 'Länge: 1.93 km | Maximale Durchfahrtsbreite: 5.85 m', '', 'A8 Brückenneubau']",2026-06-08 03:00:00+00:00,2026-12-24 03:00:00+00:00,False,False
A8,2023-001068--vi-bs.2026-06-08_05-00-00-000.devi-zus.2023-02-10_20-00-00-000.f_001.de197,A8 | Kohlhof - Neunkirchen-Oberstadt, Neunkirchen -> Saarlouis, Neunkirchen -> Saarlouis,ROADWORKS,49.327546294523785,7.223991980038868,,,,,Neunkirchen-Oberstadt,Kohlhof,,,,2026-06-08T05:00:00+02:00,2026-12-24T05:00:00+02:00,"Zeitraum dieser Bauphase: Beginn: 08.06.26 um 05:00 Uhr Ende: 24.12.26 um 05:00 Uhr (Ende der Gesamtmaßnahme: 01.01.32)  A8: Neunkirchen -> Saarlouis, zwischen 0.3 km hinter Kohlhof und 1.6 km vor AS Neunkirchen-Oberstadt  Länge: 0.8 km | Maximale Durchfahrtsbreite: 5.85 m  A8 Brückenneubau",False,false,2+0_bidirectional,"2+0 configuration: 2 lane(s) in driving direction, 2 lane(s) for oncoming traffic, bidirectional traffic on one carriageway",6,4,2,True,False,"['ARROW_DOWN', 'BORDER_LEFT', 'ARROW_DOWN', 'CLOSED', 'SEPARATE', 'ARROW_UP', 'ARROW_UP', 'BORDER_RIGHT', 'CLOSED']",,"['Zeitraum dieser Bauphase:', 'Beginn: 08.06.26 um 05:00 Uhr', 'Ende: 24.12.26 um 05:00 Uhr', '(Ende der Gesamtmaßnahme: 01.01.32)', '', 'A8: Neunkirchen -> Saarlouis, zwischen 0.3 km hinter Kohlhof und 1.6 km vor AS Neunkirchen-Oberstadt', '', 'Länge: 0.8 km | Maximale Durchfahrtsbreite: 5.85 m', '', 'A8 Brückenneubau']",2026-06-08 03:00:00+00:00,2026-12-24 03:00:00+00:00,False,False
A8,2026-030477--vi-bs.2026-06-25_09-00-00-000_005.de0,A8 | Limbach - Taubental, Neunkirchen -> Karlsruhe, Neunkirchen -> Karlsruhe,SHORT_TERM_ROADWORKS,49.30162171436903,7.280422173656547,,,,,Taubental,Limbach,,,,,,"Die Baustelle ist zu folgenden Zeiträumen gültig: 25.06.26 von 09:00 bis 10:00 Uhr  A8: Neunkirchen -> Karlsruhe, zwischen 1.0 km hinter AS Limbach und 0.3 km vor Taubental  Länge: 0.2 km | Max. 80 km/h | Maximale Durchfahrtsbreite: 3.25 m  A8 von Limbach (AS) nach Taubental (Parkplatz) Beseitigung Unfallfolgen",True,false,2+0_bidirectional,"2+0 configuration: 0 lane(s) in driving direction, 1 lane(s) for oncoming traffic, bidirectional traffic on one carriageway",2,1,1,True,True,"['SEPARATE', 'ARROW_UP', 'CLOSED', 'BORDER_RIGHT', 'BREAKDOWN_LANE']",,"['Die Baustelle ist zu folgenden Zeiträumen gültig:', '25.06.26 von 09:00 bis 10:00 Uhr', '', 'A8: Neunkirchen -> Karlsruhe, zwischen 1.0 km hinter AS Limbach und 0.3 km vor Taubental', '', 'Länge: 0.2 km | Max. 80 km/h | Maximale Durchfahrtsbreite: 3.25 m', '', 'A8 von Limbach (AS) nach Taubental (Parkplatz) Beseitigung Unfallfolgen']",,,False,False
A8,2026-021009--vi-fbm.2026-05-11_00-00-00-000.devi-fbm.2026-05-11_00-00-00-000.de1,A8 | Einöd - Zweibrücken-Ernstweiler, Neunkirchen -> Karlsruhe, Neunkirchen -> Karlsruhe,ROADWORKS,49.258627394653004,7.327254209270067,,,,,Zweibrücken-Ernstweiler,Einöd,,,,2026-05-11T00:00:00+02:00,2026-12-18T00:00:00+02:00,"Zeitraum dieser Bauphase: Beginn: 11.05.26 um 00:00 Uhr Ende: 18.12.26 um 00:00 Uhr (Ende der Gesamtmaßnahme: 18.12.26)  A8: Neunkirchen -> Karlsruhe, zwischen 1.5 km hinter AS Einöd und 0.9 km vor AS Zweibrücken-Ernstweiler  Länge: 1.18 km | Maximale Durchfahrtsbreite: 6.5 m  A8 AS ZW-Ernstweiler Hinweis auf LKWsperrung im nachgeordneten Netz, FR PS",False,false,2+0_bidirectional,"2+0 configuration: 0 lane(s) in driving direction, 2 lane(s) for oncoming traffic, bidirectional traffic on one carriageway",2,2,0,True,True,"['SEPARATE', 'ARROW_UP', 'ARROW_UP', 'BORDER_RIGHT', 'BREAKDOWN_LANE']",,"['Zeitraum dieser Bauphase:', 'Beginn: 11.05.26 um 00:00 Uhr', 'Ende: 18.12.26 um 00:00 Uhr', '(Ende der Gesamtmaßnahme: 18.12.26)', '', 'A8: Neunkirchen -> Karlsruhe, zwischen 1.5 km hinter AS Einöd und 0.9 km vor AS Zweibrücken-Ernstweiler', '', 'Länge: 1.18 km | Maximale Durchfahrtsbreite: 6.5 m', '', 'A8 AS ZW-Ernstweiler Hinweis auf LKWsperrung im nachgeordneten Netz, FR PS']",2026-05-10 22:00:00+00:00,2026-12-17 22:00:00+00:00,False,False
A8,2024-057243--vi-fbm.2024-12-04_14-00-00-000.devi-zus.2024-12-04_14-00-00-000.f.de1,A8 | Einöd - Zweibrücken-Ernstweiler, Neunkirchen -> Karlsruhe, Neunkirchen -> Karlsruhe,ROADWORKS,49.26357473987718,7.315801862814822,,,,,Zweibrücken-Ernstweiler,Einöd,,,,2024-12-04T14:00:00+01:00,2028-01-01T00:00:00+02:00,"Zeitraum dieser Bauphase: Beginn: 04.12.24 um 14:00 Uhr Ende: 01.01.28 um 00:00 Uhr (Ende der Gesamtmaßnahme: 01.01.28)  A8: Neunkirchen -> Karlsruhe, zwischen 0.5 km hinter AS Einöd und 2.5 km vor AS Zweibrücken-Ernstweiler  Länge: 0.52 km | Maximale Durchfahrtsbreite: 6.2 m  A8 BW 6709 601 Traglasteinschränkung",False,false,2+0_bidirectional,"2+0 configuration: 2 lane(s) in driving direction, 2 lane(s) for oncoming traffic, bidirectional traffic on one carriageway",4,4,0,True,False,"['ARROW_DOWN', 'ARROW_DOWN', 'SEPARATE', 'ARROW_UP', 'ARROW_UP']",,"['Zeitraum dieser Bauphase:', 'Beginn: 04.12.24 um 14:00 Uhr', 'Ende: 01.01.28 um 00:00 Uhr', '(Ende der Gesamtmaßnahme: 01.01.28)', '', 'A8: Neunkirchen -> Karlsruhe, zwischen 0.5 km hinter AS Einöd und 2.5 km vor AS Zweibrücken-Ernstweiler', '', 'Länge: 0.52 km | Maximale Durchfahrtsbreite: 6.2 m', '', 'A8 BW 6709 601 Traglasteinschränkung']",2024-12-04 13:00:00+00:00,2027-12-31 22:00:00+00:00,False,False
A8,2024-057243--vi-fbm.2024-12-04_14-00-00-000.devi-zus.2024-12-04_14-00-00-000.f.de3,A8 | Zweibrücken-Ernstweiler - Einöd, Karlsruhe -> Neunkirchen, Karlsruhe -> Neunkirchen,ROADWORKS,49.261767163670804,7.322360253060338,,,,,Einöd,Zweibrücken-Ernstweiler,,,,2024-12-04T14:00:00+01:00,2028-01-01T00:00:00+02:00,"Zeitraum dieser Bauphase: Beginn: 04.12.24 um 14:00 Uhr Ende: 01.01.28 um 00:00 Uhr (Ende der Gesamtmaßnahme: 01.01.28)  A8: Karlsruhe -> Neunkirchen, zwischen 2.5 km hinter AS Zweibrücken-Ernstweiler und 0.5 km vor AS Einöd  Länge: 0.52 km | Maximale Durchfahrtsbreite: 6.2 m  A8 BW 6709 601 Traglasteinschränkung",False,false,2+0_bidirectional,"2+0 configuration: 2 lane(s) in driving direction, 2 lane(s) for oncoming traffic, bidirectional traffic on one carriageway",4,4,0,True,False,"['ARROW_DOWN', 'ARROW_DOWN', 'SEPARATE', 'ARROW_UP', 'ARROW_UP']",,"['Zeitraum dieser Bauphase:', 'Beginn: 04.12.24 um 14:00 Uhr', 'Ende: 01.01.28 um 00:00 Uhr', '(Ende der Gesamtmaßnahme: 01.01.28)', '', 'A8: Karlsruhe -> Neunkirchen, zwischen 2.5 km hinter AS Zweibrücken-Ernstweiler und 0.5 km vor AS Einöd', '', 'Länge: 0.52 km | Maximale Durchfahrtsbreite: 6.2 m', '', 'A8 BW 6709 601 Traglasteinschränkung']",2024-12-04 13:00:00+00:00,2027-12-31 22:00:00+00:00,False,False
A8,2026-028530--vi-fbm.2026-06-08_07-00-00-000.de0,A8 | Walshausen - Contwig, Karlsruhe -> Neunkirchen, Karlsruhe -> Neunkirchen,ROADWORKS,49.23068908631362,7.4151237050515,,,,,Contwig,Walshausen,,,,2026-06-08T07:00:00+02:00,2026-07-11T00:00:00+02:00,"Zeitraum dieser Bauphase: Beginn: 08.06.26 um 07:00 Uhr Ende: 11.07.26 um 00:00 Uhr (Ende der Gesamtmaßnahme: 11.07.26)  A8: Karlsruhe -> Neunkirchen, zwischen 4.5 km hinter AS Walshausen und 0.4 km vor AS Contwig  Länge: 1 km | Maximale Durchfahrtsbreite: 6.5 m  A8 von Contwig (AS) Aufstellen von Hinweistafeln für LKW Umleitung, FR LUX",False,false,2+0_bidirectional,"2+0 configuration: 0 lane(s) in driving direction, 2 lane(s) for oncoming traffic, bidirectional traffic on one carriageway",2,2,0,True,True,"['SEPARATE', 'ARROW_UP', 'ARROW_UP', 'BORDER_RIGHT', 'BREAKDOWN_LANE']",,"['Zeitraum dieser Bauphase:', 'Beginn: 08.06.26 um 07:00 Uhr', 'Ende: 11.07.26 um 00:00 Uhr', '(Ende der Gesamtmaßnahme: 11.07.26)', '', 'A8: Karlsruhe -> Neunkirchen, zwischen 4.5 km hinter AS Walshausen und 0.4 km vor AS Contwig', '', 'Länge: 1 km | Maximale Durchfahrtsbreite: 6.5 m', '', 'A8 von Contwig (AS) Aufstellen von Hinweistafeln für LKW Umleitung, FR LUX']",2026-06-08 05:00:00+00:00,2026-07-10 22:00:00+00:00,False,False
A8,2026-011052--vi-bs.2026-03-06_08-00-00-000_010.de0,A8 | Walshausen - Pirmasens, Neunkirchen -> Karlsruhe, Neunkirchen -> Karlsruhe,ROADWORKS,49.21946173672306,7.539848744398143,,,,,Pirmasens,Walshausen,,,,2026-03-06T08:00:00+01:00,2026-12-01T00:00:00+02:00,"Zeitraum dieser Bauphase: Beginn: 06.03.26 um 08:00 Uhr Ende: 01.12.26 um 00:00 Uhr (Ende der Gesamtmaßnahme: 01.12.26)  A8: Neunkirchen -> Karlsruhe, zwischen 3.3 km hinter Walshausen und 1.4 km vor AS Pirmasens  Länge: 0.62 km | Maximale Durchfahrtsbreite: 3.75 m  A8 von Pirmasens-WinzelnL600 (AS) Brückeninstandsetzung",False,false,2+0_bidirectional,"2+0 configuration: 0 lane(s) in driving direction, 1 lane(s) for oncoming traffic, bidirectional traffic on one carriageway",2,1,1,True,False,"['SEPARATE', 'ARROW_UP', 'BORDER_RIGHT', 'CLOSED']",,"['Zeitraum dieser Bauphase:', 'Beginn: 06.03.26 um 08:00 Uhr', 'Ende: 01.12.26 um 00:00 Uhr', '(Ende der Gesamtmaßnahme: 01.12.26)', '', 'A8: Neunkirchen -> Karlsruhe, zwischen 3.3 km hinter Walshausen und 1.4 km vor AS Pirmasens', '', 'Länge: 0.62 km | Maximale Durchfahrtsbreite: 3.75 m', '', 'A8 von Pirmasens-WinzelnL600 (AS) Brückeninstandsetzung']",2026-03-06 07:00:00+00:00,2026-11-30 22:00:00+00:00,False,False
A8,2025-063400--vi-bs.2026-01-16_05-00-00-000.devi-zus.2021-09-27_00-00-00-000_003.de47,A8 | Am Waisenrain - Pforzheim-Ost, Karlsruhe -> Stuttgart, Karlsruhe -> Stuttgart,ROADWORKS,48.914787338615405,8.71235255294063,,,,,Pforzheim-Ost,Am Waisenrain,,,,2026-01-16T05:00:00+01:00,2027-07-01T00:00:00+02:00,"Zeitraum dieser Bauphase: Beginn: 16.01.26 um 05:00 Uhr Ende: 01.07.27 um 00:00 Uhr (Ende der Gesamtmaßnahme: 01.01.28)  A8: Karlsruhe -> Stuttgart, zwischen 1.8 km hinter Am Waisenrain und 0.2 km vor AS Pforzheim-Ost  Länge: 4.48 km | Maximale Durchfahrtsbreite: 6.2 m  A8 Neubau Enztalquerung bei Pforzheim-Ost ",False,false,2+0_bidirectional,"2+0 configuration: 2 lane(s) in driving direction, 2 lane(s) for oncoming traffic, bidirectional traffic on one carriageway",6,4,2,True,False,"['CLOSED', 'CLOSED', 'SEPARATE', 'ARROW_DOWN', 'ARROW_DOWN', 'SEPARATE', 'ARROW_UP', 'ARROW_UP']",,"['Zeitraum dieser Bauphase:', 'Beginn: 16.01.26 um 05:00 Uhr', 'Ende: 01.07.27 um 00:00 Uhr', '(Ende der Gesamtmaßnahme: 01.01.28)', '', 'A8: Karlsruhe -> Stuttgart, zwischen 1.8 km hinter Am Waisenrain und 0.2 km vor AS Pforzheim-Ost', '', 'Länge: 4.48 km | Maximale Durchfahrtsbreite: 6.2 m', '', 'A8 Neubau Enztalquerung bei Pforzheim-Ost ']",2026-01-16 04:00:00+00:00,2027-06-30 22:00:00+00:00,False,False
A8,2025-063400--vi-bs.2026-01-16_05-00-00-000.devi-zus.2021-09-27_00-00-00-000_003.de65,A8 | Pforzheim-Nord - Pforzheim-Süd, Karlsruhe -> Stuttgart, Karlsruhe -> Stuttgart,ROADWORKS,48.91498570219214,8.763936892464361,,,,,Pforzheim-Süd,Pforzheim-Nord,,,,2026-01-16T05:00:00+01:00,2027-07-01T00:00:00+02:00,"Zeitraum dieser Bauphase: Beginn: 16.01.26 um 05:00 Uhr Ende: 01.07.27 um 00:00 Uhr (Ende der Gesamtmaßnahme: 01.01.28)  A8: Karlsruhe -> Stuttgart, zwischen 4.1 km hinter AS Pforzheim-Nord und 1.7 km vor AS Pforzheim-Süd  Länge: 2.88 km | Maximale Durchfahrtsbreite: 6.2 m  A8 Neubau Enztalquerung bei Pforzheim-Ost ",False,false,2+0_bidirectional,"2+0 configuration: 2 lane(s) in driving direction, 2 lane(s) for oncoming traffic, bidirectional traffic on one carriageway",6,4,2,True,False,"['CLOSED', 'CLOSED', 'SEPARATE', 'ARROW_DOWN', 'ARROW_DOWN', 'SEPARATE', 'ARROW_UP', 'ARROW_UP']",,"['Zeitraum dieser Bauphase:', 'Beginn: 16.01.26 um 05:00 Uhr', 'Ende: 01.07.27 um 00:00 Uhr', '(Ende der Gesamtmaßnahme: 01.01.28)', '', 'A8: Karlsruhe -> Stuttgart, zwischen 4.1 km hinter AS Pforzheim-Nord und 1.7 km vor AS Pforzheim-Süd', '', 'Länge: 2.88 km | Maximale Durchfahrtsbreite: 6.2 m', '', 'A8 Neubau Enztalquerung bei Pforzheim-Ost ']",2026-01-16 04:00:00+00:00,2027-06-30 22:00:00+00:00,False,False
A8,2025-063400--vi-bs.2026-01-16_05-00-00-000.devi-zus.2021-09-27_00-00-00-000_003.de53,A8 | Pforzheim-Nord - Pforzheim-Süd, Karlsruhe -> Stuttgart, Karlsruhe -> Stuttgart,ROADWORKS,48.91771738754354,8.723471004655886,,,,,Pforzheim-Süd,Pforzheim-Nord,,,,2026-01-16T05:00:00+01:00,2027-07-01T00:00:00+02:00,"Zeitraum dieser Bauphase: Beginn: 16.01.26 um 05:00 Uhr Ende: 01.07.27 um 00:00 Uhr (Ende der Gesamtmaßnahme: 01.01.28)  A8: Karlsruhe -> Stuttgart, zwischen 0.4 km hinter AS Pforzheim-Nord und 0.5 km vor AS Pforzheim-Süd  Länge: 7.68 km | Maximale Durchfahrtsbreite: 6.2 m  A8 Neubau Enztalquerung bei Pforzheim-Ost ",False,false,2+0_bidirectional,"2+0 configuration: 2 lane(s) in driving direction, 2 lane(s) for oncoming traffic, bidirectional traffic on one carriageway",6,4,2,True,False,"['CLOSED', 'CLOSED', 'SEPARATE', 'ARROW_DOWN', 'ARROW_DOWN', 'SEPARATE', 'ARROW_UP', 'ARROW_UP']",,"['Zeitraum dieser Bauphase:', 'Beginn: 16.01.26 um 05:00 Uhr', 'Ende: 01.07.27 um 00:00 Uhr', '(Ende der Gesamtmaßnahme: 01.01.28)', '', 'A8: Karlsruhe -> Stuttgart, zwischen 0.4 km hinter AS Pforzheim-Nord und 0.5 km vor AS Pforzheim-Süd', '', 'Länge: 7.68 km | Maximale Durchfahrtsbreite: 6.2 m', '', 'A8 Neubau Enztalquerung bei Pforzheim-Ost ']",2026-01-16 04:00:00+00:00,2027-06-30 22:00:00+00:00,False,False
A8,2026-030479--vi-bs.2026-06-22_09-00-00-000_006.de0,A8 | Pforzheim-Nord - Pforzheim-Ost, Karlsruhe -> Stuttgart, Karlsruhe -> Stuttgart,SHORT_TERM_ROADWORKS,48.91668838157358,8.719238154241891,,,,,Pforzheim-Ost,Pforzheim-Nord,,,,,,"Die Baustelle ist zu folgenden Zeiträumen gültig: 22.06.26 von 09:00 bis 16:00 Uhr 23.06.26 von 09:00 bis 16:00 Uhr 24.06.26 von 09:00 bis 16:00 Uhr  A8: Karlsruhe -> Stuttgart, zwischen 0.1 km hinter AS Pforzheim-Nord und 4.0 km vor AS Pforzheim-Ost  Länge: 0.11 km | Maximale Durchfahrtsbreite: 7 m  A8 von Pforzheim-Nord (AS) nach Pforzheim-Ost (AS) Beseitigung Unfallfolgen",True,false,2+0_bidirectional,"2+0 configuration: 0 lane(s) in driving direction, 2 lane(s) for oncoming traffic, bidirectional traffic on one carriageway",4,2,2,True,False,"['SEPARATE', 'CLOSED', 'ARROW_UP', 'ARROW_UP', 'BORDER_RIGHT', 'CLOSED']",,"['Die Baustelle ist zu folgenden Zeiträumen gültig:', '22.06.26 von 09:00 bis 16:00 Uhr', '23.06.26 von 09:00 bis 16:00 Uhr', '24.06.26 von 09:00 bis 16:00 Uhr', '', 'A8: Karlsruhe -> Stuttgart, zwischen 0.1 km hinter AS Pforzheim-Nord und 4.0 km vor AS Pforzheim-Ost', '', 'Länge: 0.11 km | Maximale Durchfahrtsbreite: 7 m', '', 'A8 von Pforzheim-Nord (AS) nach Pforzheim-Ost (AS) Beseitigung Unfallfolgen']",,,False,False
A8,2025-063400--vi-bs.2026-01-16_05-00-00-000.devi-zus.2021-09-27_00-00-00-000_003.de49,A8 | Pforzheim-Ost - Am Waisenrain, Stuttgart -> Karlsruhe, Stuttgart -> Karlsruhe,ROADWORKS,48.91513645914174,8.764245603301227,,,,,Am Waisenrain,Pforzheim-Ost,,,,2026-01-16T05:00:00+01:00,2027-07-01T00:00:00+02:00,"Zeitraum dieser Bauphase: Beginn: 16.01.26 um 05:00 Uhr Ende: 01.07.27 um 00:00 Uhr (Ende der Gesamtmaßnahme: 01.01.28)  A8: Stuttgart -> Karlsruhe, zwischen 0.2 km hinter AS Pforzheim-Ost und 1.7 km vor Am Waisenrain  Länge: 4.48 km | Maximale Durchfahrtsbreite: 6.5 m  A8 Neubau Enztalquerung bei Pforzheim-Ost ",False,false,2+0_bidirectional,"2+0 configuration: 2 lane(s) in driving direction, 2 lane(s) for oncoming traffic, bidirectional traffic on one carriageway",6,4,2,True,False,"['ARROW_DOWN', 'ARROW_DOWN', 'SEPARATE', 'ARROW_UP', 'ARROW_UP', 'SEPARATE', 'CLOSED', 'CLOSED']",,"['Zeitraum dieser Bauphase:', 'Beginn: 16.01.26 um 05:00 Uhr', 'Ende: 01.07.27 um 00:00 Uhr', '(Ende der Gesamtmaßnahme: 01.01.28)', '', 'A8: Stuttgart -> Karlsruhe, zwischen 0.2 km hinter AS Pforzheim-Ost und 1.7 km vor Am Waisenrain', '', 'Länge: 4.48 km | Maximale Durchfahrtsbreite: 6.5 m', '', 'A8 Neubau Enztalquerung bei Pforzheim-Ost ']",2026-01-16 04:00:00+00:00,2027-06-30 22:00:00+00:00,False,False
A8,2025-063400--vi-bs.2026-01-16_05-00-00-000.devi-zus.2021-09-27_00-00-00-000_003.de67,A8 | Pforzheim-Süd - Pforzheim-Nord, Stuttgart -> Karlsruhe, Stuttgart -> Karlsruhe,ROADWORKS,48.893595880144986,8.785716351671576,,,,,Pforzheim-Nord,Pforzheim-Süd,,,,2026-01-16T05:00:00+01:00,2027-07-01T00:00:00+02:00,"Zeitraum dieser Bauphase: Beginn: 16.01.26 um 05:00 Uhr Ende: 01.07.27 um 00:00 Uhr (Ende der Gesamtmaßnahme: 01.01.28)  A8: Stuttgart -> Karlsruhe, zwischen 1.7 km hinter AS Pforzheim-Süd und 4.1 km vor AS Pforzheim-Nord  Länge: 2.88 km | Maximale Durchfahrtsbreite: 6.5 m  A8 Neubau Enztalquerung bei Pforzheim-Ost ",False,false,2+0_bidirectional,"2+0 configuration: 2 lane(s) in driving direction, 2 lane(s) for oncoming traffic, bidirectional traffic on one carriageway",6,4,2,True,False,"['ARROW_DOWN', 'ARROW_DOWN', 'SEPARATE', 'ARROW_UP', 'ARROW_UP', 'SEPARATE', 'CLOSED', 'CLOSED']",,"['Zeitraum dieser Bauphase:', 'Beginn: 16.01.26 um 05:00 Uhr', 'Ende: 01.07.27 um 00:00 Uhr', '(Ende der Gesamtmaßnahme: 01.01.28)', '', 'A8: Stuttgart -> Karlsruhe, zwischen 1.7 km hinter AS Pforzheim-Süd und 4.1 km vor AS Pforzheim-Nord', '', 'Länge: 2.88 km | Maximale Durchfahrtsbreite: 6.5 m', '', 'A8 Neubau Enztalquerung bei Pforzheim-Ost ']",2026-01-16 04:00:00+00:00,2027-06-30 22:00:00+00:00,False,False
A8,2025-063400--vi-bs.2026-01-16_05-00-00-000.devi-zus.2021-09-27_00-00-00-000_003.de51,A8 | Pforzheim-Süd - Pforzheim-Nord, Stuttgart -> Karlsruhe, Stuttgart -> Karlsruhe,ROADWORKS,48.88292941353085,8.788079848256029,,,,,Pforzheim-Nord,Pforzheim-Süd,,,,2026-01-16T05:00:00+01:00,2027-07-01T00:00:00+02:00,"Zeitraum dieser Bauphase: Beginn: 16.01.26 um 05:00 Uhr Ende: 01.07.27 um 00:00 Uhr (Ende der Gesamtmaßnahme: 01.01.28)  A8: Stuttgart -> Karlsruhe, zwischen 0.5 km hinter AS Pforzheim-Süd und 0.4 km vor AS Pforzheim-Nord  Länge: 7.68 km | Maximale Durchfahrtsbreite: 6.5 m  A8 Neubau Enztalquerung bei Pforzheim-Ost ",False,false,2+0_bidirectional,"2+0 configuration: 2 lane(s) in driving direction, 2 lane(s) for oncoming traffic, bidirectional traffic on one carriageway",6,4,2,True,False,"['ARROW_DOWN', 'ARROW_DOWN', 'SEPARATE', 'ARROW_UP', 'ARROW_UP', 'SEPARATE', 'CLOSED', 'CLOSED']",,"['Zeitraum dieser Bauphase:', 'Beginn: 16.01.26 um 05:00 Uhr', 'Ende: 01.07.27 um 00:00 Uhr', '(Ende der Gesamtmaßnahme: 01.01.28)', '', 'A8: Stuttgart -> Karlsruhe, zwischen 0.5 km hinter AS Pforzheim-Süd und 0.4 km vor AS Pforzheim-Nord', '', 'Länge: 7.68 km | Maximale Durchfahrtsbreite: 6.5 m', '', 'A8 Neubau Enztalquerung bei Pforzheim-Ost ']",2026-01-16 04:00:00+00:00,2027-06-30 22:00:00+00:00,False,False
A8,2026-003080--vi-bs.2026-06-22_09-00-00-000.devi-zus.2026-02-23_09-00-00-000_012.de19,A8 | Leonberg - Leonberg-Ost, Karlsruhe -> Stuttgart, Karlsruhe -> Stuttgart,SHORT_TERM_ROADWORKS,48.780469914455644,9.014307744602341,,,,,Leonberg-Ost,Leonberg,,,,,,"Die Baustelle ist zu folgenden Zeiträumen gültig: 22.06.26 von 14:00 bis 14:30 Uhr  A8: Karlsruhe -> Stuttgart, zwischen AD Leonberg und 0.8 km vor AS Leonberg-Ost  Länge: 0.16 km | Maximale Durchfahrtsbreite: 6.25 m  A8 Kleine Wartung Geschwindigkeitsmessanlagen",True,false,2+0_bidirectional,"2+0 configuration: 0 lane(s) in driving direction, 1 lane(s) for oncoming traffic, bidirectional traffic on one carriageway",2,1,1,True,True,"['SEPARATE', 'CLOSED', 'ARROW_UP', 'BORDER_RIGHT', 'BREAKDOWN_LANE']",,"['Die Baustelle ist zu folgenden Zeiträumen gültig:', '22.06.26 von 14:00 bis 14:30 Uhr', '', 'A8: Karlsruhe -> Stuttgart, zwischen AD Leonberg und 0.8 km vor AS Leonberg-Ost', '', 'Länge: 0.16 km | Maximale Durchfahrtsbreite: 6.25 m', '', 'A8 Kleine Wartung Geschwindigkeitsmessanlagen']",,,False,False
A8,2026-003080--vi-bs.2026-06-22_09-00-00-000.devi-zus.2026-02-23_09-00-00-000_012.de17,A8 | Leonberg - Leonberg-Ost, Karlsruhe -> Stuttgart, Karlsruhe -> Stuttgart,SHORT_TERM_ROADWORKS,48.780469914455644,9.014307744602341,,,,,Leonberg-Ost,Leonberg,,,,,,"Die Baustelle ist zu folgenden Zeiträumen gültig: 22.06.26 von 10:00 bis 10:30 Uhr  A8: Karlsruhe -> Stuttgart, zwischen AD Leonberg und 0.8 km vor AS Leonberg-Ost  Länge: 0.16 km | Maximale Durchfahrtsbreite: 7.5 m  A8 Kleine Wartung Geschwindigkeitsmessanlagen",True,false,2+0_bidirectional,"2+0 configuration: 0 lane(s) in driving direction, 2 lane(s) for oncoming traffic, bidirectional traffic on one carriageway",3,2,1,True,False,"['SEPARATE', 'ARROW_UP', 'ARROW_UP', 'BORDER_RIGHT', 'CLOSED']",,"['Die Baustelle ist zu folgenden Zeiträumen gültig:', '22.06.26 von 10:00 bis 10:30 Uhr', '', 'A8: Karlsruhe -> Stuttgart, zwischen AD Leonberg und 0.8 km vor AS Leonberg-Ost', '', 'Länge: 0.16 km | Maximale Durchfahrtsbreite: 7.5 m', '', 'A8 Kleine Wartung Geschwindigkeitsmessanlagen']",,,False,False
A8,2026-003080--vi-bs.2026-06-22_09-00-00-000.devi-zus.2026-02-23_09-00-00-000_012.de31,A8 | Sindelfinger Wald - Leonberg-Ost, Stuttgart -> Karlsruhe, Stuttgart -> Karlsruhe,SHORT_TERM_ROADWORKS,48.751027796538786,9.034152565847357,,,,,Leonberg-Ost,Sindelfinger Wald,,,,,,"Die Baustelle ist zu folgenden Zeiträumen gültig: 22.06.26 von 13:00 bis 13:30 Uhr  A8: Stuttgart -> Karlsruhe, zwischen 1.0 km hinter Sindelfinger Wald und 2.1 km vor AS Leonberg-Ost  Länge: 0.74 km | Maximale Durchfahrtsbreite: 10.75 m  A8 Kleine Wartung Geschwindigkeitsmessanlagen",True,false,2+0_bidirectional,"2+0 configuration: 0 lane(s) in driving direction, 3 lane(s) for oncoming traffic, bidirectional traffic on one carriageway",4,3,1,True,True,"['SEPARATE', 'CLOSED', 'ARROW_UP', 'ARROW_UP', 'ARROW_UP', 'BORDER_RIGHT', 'BREAKDOWN_LANE']",,"['Die Baustelle ist zu folgenden Zeiträumen gültig:', '22.06.26 von 13:00 bis 13:30 Uhr', '', 'A8: Stuttgart -> Karlsruhe, zwischen 1.0 km hinter Sindelfinger Wald und 2.1 km vor AS Leonberg-Ost', '', 'Länge: 0.74 km | Maximale Durchfahrtsbreite: 10.75 m', '', 'A8 Kleine Wartung Geschwindigkeitsmessanlagen']",,,False,False
A8,2026-003080--vi-bs.2026-06-22_09-00-00-000.devi-zus.2026-02-23_09-00-00-000_012.de29,A8 | Sindelfinger Wald - Leonberg-Ost, Stuttgart -> Karlsruhe, Stuttgart -> Karlsruhe,SHORT_TERM_ROADWORKS,48.751027796538786,9.034152565847357,,,,,Leonberg-Ost,Sindelfinger Wald,,,,,,"Die Baustelle ist zu folgenden Zeiträumen gültig: 22.06.26 von 09:00 bis 09:30 Uhr  A8: Stuttgart -> Karlsruhe, zwischen 1.0 km hinter Sindelfinger Wald und 2.1 km vor AS Leonberg-Ost  Länge: 0.74 km | Maximale Durchfahrtsbreite: 14.5 m  A8 Kleine Wartung Geschwindigkeitsmessanlagen",True,false,2+0_bidirectional,"2+0 configuration: 0 lane(s) in driving direction, 4 lane(s) for oncoming traffic, bidirectional traffic on one carriageway",5,4,1,True,False,"['SEPARATE', 'ARROW_UP', 'ARROW_UP', 'ARROW_UP', 'ARROW_UP', 'BORDER_RIGHT', 'CLOSED']",,"['Die Baustelle ist zu folgenden Zeiträumen gültig:', '22.06.26 von 09:00 bis 09:30 Uhr', '', 'A8: Stuttgart -> Karlsruhe, zwischen 1.0 km hinter Sindelfinger Wald und 2.1 km vor AS Leonberg-Ost', '', 'Länge: 0.74 km | Maximale Durchfahrtsbreite: 14.5 m', '', 'A8 Kleine Wartung Geschwindigkeitsmessanlagen']",,,False,False
A8,2026-003080--vi-bs.2026-06-22_09-00-00-000.devi-zus.2026-02-23_09-00-00-000_012.de23,A8 | Stuttgart - Stuttgart-Möhringen, Karlsruhe -> Stuttgart, Karlsruhe -> Stuttgart,SHORT_TERM_ROADWORKS,48.708642281817674,9.117137610555579,,,,,Stuttgart-Möhringen,Stuttgart,,,,,,"Die Baustelle ist zu folgenden Zeiträumen gültig: 22.06.26 von 15:00 bis 15:30 Uhr  A8: Karlsruhe -> Stuttgart, zwischen 4.2 km hinter AK Stuttgart und 0.8 km vor AS Stuttgart-Möhringen  Länge: 0.9 km | Maximale Durchfahrtsbreite: 7.25 m  A8 Kleine Wartung Geschwindigkeitsmessanlagen",True,false,2+0_bidirectional,"2+0 configuration: 0 lane(s) in driving direction, 2 lane(s) for oncoming traffic, bidirectional traffic on one carriageway",3,2,1,True,True,"['SEPARATE', 'CLOSED', 'ARROW_UP', 'ARROW_UP', 'BORDER_RIGHT', 'BREAKDOWN_LANE']",,"['Die Baustelle ist zu folgenden Zeiträumen gültig:', '22.06.26 von 15:00 bis 15:30 Uhr', '', 'A8: Karlsruhe -> Stuttgart, zwischen 4.2 km hinter AK Stuttgart und 0.8 km vor AS Stuttgart-Möhringen', '', 'Länge: 0.9 km | Maximale Durchfahrtsbreite: 7.25 m', '', 'A8 Kleine Wartung Geschwindigkeitsmessanlagen']",,,False,False
A8,2026-003080--vi-bs.2026-06-22_09-00-00-000.devi-zus.2026-02-23_09-00-00-000_012.de21,A8 | Stuttgart - Stuttgart-Möhringen, Karlsruhe -> Stuttgart, Karlsruhe -> Stuttgart,SHORT_TERM_ROADWORKS,48.708642281817674,9.117137610555579,,,,,Stuttgart-Möhringen,Stuttgart,,,,,,"Die Baustelle ist zu folgenden Zeiträumen gültig: 22.06.26 von 11:00 bis 11:30 Uhr  A8: Karlsruhe -> Stuttgart, zwischen 4.2 km hinter AK Stuttgart und 0.8 km vor AS Stuttgart-Möhringen  Länge: 0.9 km | Maximale Durchfahrtsbreite: 10.75 m  A8 Kleine Wartung Geschwindigkeitsmessanlagen",True,false,2+0_bidirectional,"2+0 configuration: 0 lane(s) in driving direction, 3 lane(s) for oncoming traffic, bidirectional traffic on one carriageway",4,3,1,True,False,"['SEPARATE', 'ARROW_UP', 'ARROW_UP', 'ARROW_UP', 'BORDER_RIGHT', 'CLOSED']",,"['Die Baustelle ist zu folgenden Zeiträumen gültig:', '22.06.26 von 11:00 bis 11:30 Uhr', '', 'A8: Karlsruhe -> Stuttgart, zwischen 4.2 km hinter AK Stuttgart und 0.8 km vor AS Stuttgart-Möhringen', '', 'Länge: 0.9 km | Maximale Durchfahrtsbreite: 10.75 m', '', 'A8 Kleine Wartung Geschwindigkeitsmessanlagen']",,,False,False
A8,2026-003080--vi-bs.2026-06-22_09-00-00-000.devi-zus.2026-02-23_09-00-00-000_012.de25,A8 | Stuttgart-Plieningen - Stuttgart-Flughafen/Messe, München -> Stuttgart, München -> Stuttgart,SHORT_TERM_ROADWORKS,48.69379300415747,9.199534290280075,,,,,Stuttgart-Flughafen/Messe,Stuttgart-Plieningen,,,,,,"Die Baustelle ist zu folgenden Zeiträumen gültig: 22.06.26 von 12:00 bis 12:30 Uhr  A8: München -> Stuttgart, zwischen 1.5 km hinter AS Stuttgart-Plieningen und 0.1 km vor AS Stuttgart-Flughafen/Messe  Länge: 0.97 km | Maximale Durchfahrtsbreite: 11 m  A8 Kleine Wartung Geschwindigkeitsmessanlagen",True,false,2+0_bidirectional,"2+0 configuration: 0 lane(s) in driving direction, 3 lane(s) for oncoming traffic, bidirectional traffic on one carriageway",4,3,1,True,True,"['SEPARATE', 'CLOSED', 'ARROW_UP', 'ARROW_UP', 'ARROW_UP', 'BORDER_RIGHT', 'BREAKDOWN_LANE']",,"['Die Baustelle ist zu folgenden Zeiträumen gültig:', '22.06.26 von 12:00 bis 12:30 Uhr', '', 'A8: München -> Stuttgart, zwischen 1.5 km hinter AS Stuttgart-Plieningen und 0.1 km vor AS Stuttgart-Flughafen/Messe', '', 'Länge: 0.97 km | Maximale Durchfahrtsbreite: 11 m', '', 'A8 Kleine Wartung Geschwindigkeitsmessanlagen']",,,False,False
A8,2026-003532--vi-bs.2026-06-19_20-00-00-000.devi-bs.2026-06-12_20-00-00-000.de3,A8 | Stuttgart-Plieningen - Esslingen, Stuttgart -> München, Stuttgart -> München,SHORT_TERM_ROADWORKS,48.69699445664108,9.25622816330591,,,,,Esslingen,Stuttgart-Plieningen,,,,,,"Die Baustelle ist zu folgenden Zeiträumen gültig: 19.06.26 20:00 bis zum 20.06.26 17:30 Uhr. 21.06.26 von 07:00 bis 18:00 Uhr 22.06.26 von 02:00 bis 06:00 Uhr  A8: Stuttgart -> München, zwischen 2.7 km hinter AS Stuttgart-Plieningen und 0.4 km vor AS Esslingen  Länge: 1.59 km | Maximale Durchfahrtsbreite: 7 m  A8 Vollsperrung AS Neuhausen FR München - Sanierung Rampen",False,false,2+0_bidirectional,"2+0 configuration: 0 lane(s) in driving direction, 2 lane(s) for oncoming traffic, bidirectional traffic on one carriageway",4,2,2,True,False,"['SEPARATE', 'ARROW_UP', 'ARROW_UP', 'CLOSED', 'BORDER_RIGHT', 'CLOSED']",,"['Die Baustelle ist zu folgenden Zeiträumen gültig:', '19.06.26 20:00 bis zum 20.06.26 17:30 Uhr.', '21.06.26 von 07:00 bis 18:00 Uhr', '22.06.26 von 02:00 bis 06:00 Uhr', '', 'A8: Stuttgart -> München, zwischen 2.7 km hinter AS Stuttgart-Plieningen und 0.4 km vor AS Esslingen', '', 'Länge: 1.59 km | Maximale Durchfahrtsbreite: 7 m', '', 'A8 Vollsperrung AS Neuhausen FR München - Sanierung Rampen']",,,False,False
A8,2026-003080--vi-bs.2026-06-22_09-00-00-000.devi-zus.2026-02-23_09-00-00-000_012.de27,A8 | Stuttgart-Plieningen - Stuttgart-Flughafen/Messe, München -> Stuttgart, München -> Stuttgart,SHORT_TERM_ROADWORKS,48.69379300415747,9.199534290280075,,,,,Stuttgart-Flughafen/Messe,Stuttgart-Plieningen,,,,,,"Die Baustelle ist zu folgenden Zeiträumen gültig: 22.06.26 von 16:00 bis 16:30 Uhr  A8: München -> Stuttgart, zwischen 1.5 km hinter AS Stuttgart-Plieningen und 0.1 km vor AS Stuttgart-Flughafen/Messe  Länge: 0.97 km | Maximale Durchfahrtsbreite: 10.75 m  A8 Kleine Wartung Geschwindigkeitsmessanlagen",True,false,2+0_bidirectional,"2+0 configuration: 0 lane(s) in driving direction, 3 lane(s) for oncoming traffic, bidirectional traffic on one carriageway",4,3,1,True,False,"['SEPARATE', 'ARROW_UP', 'ARROW_UP', 'ARROW_UP', 'BORDER_RIGHT', 'CLOSED']",,"['Die Baustelle ist zu folgenden Zeiträumen gültig:', '22.06.26 von 16:00 bis 16:30 Uhr', '', 'A8: München -> Stuttgart, zwischen 1.5 km hinter AS Stuttgart-Plieningen und 0.1 km vor AS Stuttgart-Flughafen/Messe', '', 'Länge: 0.97 km | Maximale Durchfahrtsbreite: 10.75 m', '', 'A8 Kleine Wartung Geschwindigkeitsmessanlagen']",,,False,False
A8,2026-024959--vi-bs.2026-06-22_19-00-00-000.devi-zus.2026-05-26_19-00-00-000.de6,A8 | Esslingen / Ab- und Zufahrt Neuhausen - Stuttgart-Plieningen, München -> Stuttgart, München -> Stuttgart,SHORT_TERM_ROADWORKS,48.6977184567239,9.24729559665428,,,,,Stuttgart-Plieningen,Esslingen / Ab- und Zufahrt Neuhausen,,,,,,"Die Baustelle ist zu folgenden Zeiträumen gültig: Jeden Montag und Dienstag zwischen dem 22.06.26 und dem 24.06.26 von 19:00 bis 00:00 Uhr. Jeden Dienstag und Mittwoch zwischen dem 23.06.26 und dem 24.06.26 von 00:00 bis 05:30 Uhr.  A8: München -> Stuttgart, zwischen 1.3 km hinter AS Esslingen / Ab- und Zufahrt Neuhausen und 1.0 km vor AS Stuttgart-Plieningen  Länge: 1.01 km | Max. 80 km/h | Maximale Durchfahrtsbreite: 7 m  A8 von Stuttgart-Plieningen (AS) Tiefbauarbeiten neben der Fahrbahn",True,false,2+0_bidirectional,"2+0 configuration: 0 lane(s) in driving direction, 2 lane(s) for oncoming traffic, bidirectional traffic on one carriageway",4,2,2,True,False,"['SEPARATE', 'ARROW_UP', 'ARROW_UP', 'CLOSED', 'BORDER_RIGHT', 'CLOSED']",,"['Die Baustelle ist zu folgenden Zeiträumen gültig:', 'Jeden Montag und Dienstag zwischen dem 22.06.26 und dem 24.06.26 von 19:00 bis 00:00 Uhr.', 'Jeden Dienstag und Mittwoch zwischen dem 23.06.26 und dem 24.06.26 von 00:00 bis 05:30 Uhr.', '', 'A8: München -> Stuttgart, zwischen 1.3 km hinter AS Esslingen / Ab- und Zufahrt Neuhausen und 1.0 km vor AS Stuttgart-Plieningen', '', 'Länge: 1.01 km | Max. 80 km/h | Maximale Durchfahrtsbreite: 7 m', '', 'A8 von Stuttgart-Plieningen (AS) Tiefbauarbeiten neben der Fahrbahn']",,,False,False
A8,2026-024959--vi-bs.2026-06-09_19-00-00-000.devi-zus.2026-05-26_19-00-00-000.de3,A8 | Esslingen / Ab- und Zufahrt Neuhausen - Stuttgart-Flughafen/Messe, München -> Stuttgart, München -> Stuttgart,SHORT_TERM_ROADWORKS,48.693941327097654,9.22431243009776,,,,,Stuttgart-Flughafen/Messe,Esslingen / Ab- und Zufahrt Neuhausen,,,,,,"Die Baustelle ist zu folgenden Zeiträumen gültig: Jeden Montag, Dienstag, Mittwoch, Donnerstag, Freitag und Samstag zwischen dem 09.06.26 und dem 21.06.26 von 19:00 bis 00:00 Uhr. Jeden Dienstag, Mittwoch, Donnerstag, Freitag, Samstag und Sonntag zwischen dem 10.06.26 und dem 21.06.26 von 00:00 bis 05:30 Uhr.  A8: München -> Stuttgart, zwischen 3.1 km hinter AS Esslingen / Ab- und Zufahrt Neuhausen und 1.3 km vor AS Stuttgart-Flughafen/Messe  Länge: 1.62 km | Max. 80 km/h | Maximale Durchfahrtsb",False,false,2+0_bidirectional,"2+0 configuration: 0 lane(s) in driving direction, 2 lane(s) for oncoming traffic, bidirectional traffic on one carriageway",4,2,2,True,False,"['SEPARATE', 'ARROW_UP', 'ARROW_UP', 'CLOSED', 'BORDER_RIGHT', 'CLOSED']",,"['Die Baustelle ist zu folgenden Zeiträumen gültig:', 'Jeden Montag, Dienstag, Mittwoch, Donnerstag, Freitag und Samstag zwischen dem 09.06.26 und dem 21.06.26 von 19:00 bis 00:00 Uhr.', 'Jeden Dienstag, Mittwoch, Donnerstag, Freitag, Samstag und Sonntag zwischen dem 10.06.26 und dem 21.06.26 von 00:00 bis 05:30 Uhr.', '', 'A8: München -> Stuttgart, zwischen 3.1 km hinter AS Esslingen / Ab- und Zufahrt Neuhausen und 1.3 km vor AS Stuttgart-Flughafen/Messe', '', 'Länge: 1.62 km | Max. 80 km/h | Maximale Durchfahrtsbreite: 7 m', '', 'A8 von Stuttgart-Plieningen (AS) Tiefbauarbeiten neben der Fahrbahn']",,,False,False
A8,2026-026749--vi-fbm.2026-06-10_20-00-00-000.devi-zus.2026-06-10_20-00-00-000_003.de7,A8 | Lämmerbuckeltunnel - Mühlhausen, München -> Stuttgart, München -> Stuttgart,SHORT_TERM_ROADWORKS,48.583459545220386,9.66453634972894,,,,,Mühlhausen,Lämmerbuckeltunnel,,,,,,"Die Baustelle ist zu folgenden Zeiträumen gültig: 30.09.26 20:00 bis zum 01.10.26 05:00 Uhr. 02.10.26 20:00 bis zum 03.10.26 05:00 Uhr.  A8: München -> Stuttgart, zwischen 4.7 km hinter Lämmerbuckeltunnel und 0.1 km vor AS Mühlhausen  Länge: 0.03 km | Maximale Durchfahrtsbreite: 3.5 m  A8 Ausbau Gruibingen-Mühlhausen, Wirtschaftsweganbindung, Herstellung bzw. Rückbau Baustellenzufahrt",False,false,2+0_bidirectional,"2+0 configuration: 0 lane(s) in driving direction, 1 lane(s) for oncoming traffic, bidirectional traffic on one carriageway",2,1,1,True,False,"['SEPARATE', 'ARROW_UP', 'CLOSED']",,"['Die Baustelle ist zu folgenden Zeiträumen gültig:', '30.09.26 20:00 bis zum 01.10.26 05:00 Uhr.', '02.10.26 20:00 bis zum 03.10.26 05:00 Uhr.', '', 'A8: München -> Stuttgart, zwischen 4.7 km hinter Lämmerbuckeltunnel und 0.1 km vor AS Mühlhausen', '', 'Länge: 0.03 km | Maximale Durchfahrtsbreite: 3.5 m', '', 'A8 Ausbau Gruibingen-Mühlhausen, Wirtschaftsweganbindung, Herstellung bzw. Rückbau Baustellenzufahrt']",,,False,False
A8,2026-031219--vi-bs.2026-06-24_20-00-00-000_002.de0,A8 | Ulm-Nord - Leipheim, Stuttgart -> München, Stuttgart -> München,SHORT_TERM_ROADWORKS,48.45743871819339,10.016647048120841,,,,,Leipheim,Ulm-Nord,,,,,,"Die Baustelle ist zu folgenden Zeiträumen gültig: 24.06.26 20:00 bis zum 25.06.26 05:00 Uhr.  A8: Stuttgart -> München, zwischen 3.3 km hinter AS Ulm-Nord und 7.6 km vor AS Leipheim  Länge: 7.63 km | Max. 80 km/h | Maximale Durchfahrtsbreite: 4.5 m  A8 von Ulm-Nord (AS) nach Leipheim (AS) Beseitigung Unfallfolgen",True,false,2+0_bidirectional,"2+0 configuration: 0 lane(s) in driving direction, 1 lane(s) for oncoming traffic, bidirectional traffic on one carriageway",2,1,1,True,True,"['SEPARATE', 'CLOSED', 'ARROW_UP', 'BORDER_RIGHT', 'BREAKDOWN_LANE']",,"['Die Baustelle ist zu folgenden Zeiträumen gültig:', '24.06.26 20:00 bis zum 25.06.26 05:00 Uhr.', '', 'A8: Stuttgart -> München, zwischen 3.3 km hinter AS Ulm-Nord und 7.6 km vor AS Leipheim', '', 'Länge: 7.63 km | Max. 80 km/h | Maximale Durchfahrtsbreite: 4.5 m', '', 'A8 von Ulm-Nord (AS) nach Leipheim (AS) Beseitigung Unfallfolgen']",,,False,False
A8,2026-031223--vi-bs.2026-06-25_20-00-00-000_004.de0,A8 | Ulm-Nord - Ulm-Ost, Stuttgart -> München, Stuttgart -> München,SHORT_TERM_ROADWORKS,48.457837832697464,9.99502966020084,,,,,Ulm-Ost,Ulm-Nord,,,,,,"Die Baustelle ist zu folgenden Zeiträumen gültig: 25.06.26 20:00 bis zum 26.06.26 05:00 Uhr.  A8: Stuttgart -> München, zwischen 1.7 km hinter AS Ulm-Nord und 1.4 km vor AS Ulm-Ost  Länge: 1 km | Max. 80 km/h | Maximale Durchfahrtsbreite: 4.5 m  A8 von Ulm-Nord (AS) nach Ulm-Ost (AS) Beseitigung Unfallfolgen",True,false,2+0_bidirectional,"2+0 configuration: 0 lane(s) in driving direction, 1 lane(s) for oncoming traffic, bidirectional traffic on one carriageway",2,1,1,True,True,"['SEPARATE', 'CLOSED', 'ARROW_UP', 'BORDER_RIGHT', 'BREAKDOWN_LANE']",,"['Die Baustelle ist zu folgenden Zeiträumen gültig:', '25.06.26 20:00 bis zum 26.06.26 05:00 Uhr.', '', 'A8: Stuttgart -> München, zwischen 1.7 km hinter AS Ulm-Nord und 1.4 km vor AS Ulm-Ost', '', 'Länge: 1 km | Max. 80 km/h | Maximale Durchfahrtsbreite: 4.5 m', '', 'A8 von Ulm-Nord (AS) nach Ulm-Ost (AS) Beseitigung Unfallfolgen']",,,False,False
A8,2026-031145--vi-bs.2026-06-22_07-00-00-000.devi-bs.2026-06-22_07-00-00-000_005.de1,A8 | Günzburg - Burgauer See, Stuttgart -> München, Stuttgart -> München,SHORT_TERM_ROADWORKS,48.43607636525152,10.328114577842532,,,,,Burgauer See,Günzburg,,,,,,"Die Baustelle ist zu folgenden Zeiträumen gültig: 22.06.26 von 07:00 bis 17:00 Uhr  A8: Stuttgart -> München, zwischen 2.8 km hinter AS Günzburg und 0.2 km vor Burgauer See  Länge: 8 km | Maximale Durchfahrtsbreite: 12 m  A8 von Günzburg (AS) nach Burgauer See (Raststaette) Grünpflege",True,false,2+0_bidirectional,"2+0 configuration: 0 lane(s) in driving direction, 3 lane(s) for oncoming traffic, bidirectional traffic on one carriageway",4,3,1,True,False,"['SEPARATE', 'ARROW_UP', 'ARROW_UP', 'ARROW_UP', 'BORDER_RIGHT', 'CLOSED']",,"['Die Baustelle ist zu folgenden Zeiträumen gültig:', '22.06.26 von 07:00 bis 17:00 Uhr', '', 'A8: Stuttgart -> München, zwischen 2.8 km hinter AS Günzburg und 0.2 km vor Burgauer See', '', 'Länge: 8 km | Maximale Durchfahrtsbreite: 12 m', '', 'A8 von Günzburg (AS) nach Burgauer See (Raststaette) Grünpflege']",,,False,False
A8,2026-029604--vi-bs.2026-06-24_19-00-00-000.devi-zus.2026-06-15_19-00-00-000_009.de17,A8 | Limbach - Knöringen, Stuttgart -> München, Stuttgart -> München,SHORT_TERM_ROADWORKS,48.4312963369041,10.367798238436565,,,,,Knöringen,Limbach,,,,,,"Die Baustelle ist zu folgenden Zeiträumen gültig: 25.06.26 von 00:00 bis 05:00 Uhr  A8: Stuttgart -> München, zwischen 1.2 km hinter Limbach und 0.6 km vor Knöringen  Länge: 1 km | Max. 80 km/h | Maximale Durchfahrtsbreite: 6 m  PSV - Sanierung Hohlstellen",True,false,2+0_bidirectional,"2+0 configuration: 0 lane(s) in driving direction, 1 lane(s) for oncoming traffic, bidirectional traffic on one carriageway",3,1,2,True,True,"['SEPARATE', 'CLOSED', 'CLOSED', 'ARROW_UP', 'BORDER_RIGHT', 'BREAKDOWN_LANE']",,"['Die Baustelle ist zu folgenden Zeiträumen gültig:', '25.06.26 von 00:00 bis 05:00 Uhr', '', 'A8: Stuttgart -> München, zwischen 1.2 km hinter Limbach und 0.6 km vor Knöringen', '', 'Länge: 1 km | Max. 80 km/h | Maximale Durchfahrtsbreite: 6 m', '', 'PSV - Sanierung Hohlstellen']",,,False,False
A8,2026-029604--vi-bs.2026-06-24_19-00-00-000.devi-zus.2026-06-15_19-00-00-000_009.de15,A8 | Limbach - Knöringen, Stuttgart -> München, Stuttgart -> München,SHORT_TERM_ROADWORKS,48.4312963369041,10.367798238436565,,,,,Knöringen,Limbach,,,,,,"Die Baustelle ist zu folgenden Zeiträumen gültig: 24.06.26 21:00 bis zum 25.06.26 03:00 Uhr.  A8: Stuttgart -> München, zwischen 1.2 km hinter Limbach und 0.6 km vor Knöringen  Länge: 1 km | Maximale Durchfahrtsbreite: 3.5 m  PSV - Sanierung Hohlstellen",True,false,2+0_bidirectional,"2+0 configuration: 0 lane(s) in driving direction, 1 lane(s) for oncoming traffic, bidirectional traffic on one carriageway",4,1,3,True,False,"['SEPARATE', 'ARROW_UP', 'CLOSED', 'CLOSED', 'BORDER_RIGHT', 'CLOSED']",,"['Die Baustelle ist zu folgenden Zeiträumen gültig:', '24.06.26 21:00 bis zum 25.06.26 03:00 Uhr.', '', 'A8: Stuttgart -> München, zwischen 1.2 km hinter Limbach und 0.6 km vor Knöringen', '', 'Länge: 1 km | Maximale Durchfahrtsbreite: 3.5 m', '', 'PSV - Sanierung Hohlstellen']",,,False,False
A8,2026-029604--vi-bs.2026-06-24_19-00-00-000.devi-zus.2026-06-15_19-00-00-000_009.de13,A8 | Limbach - Knöringen, Stuttgart -> München, Stuttgart -> München,SHORT_TERM_ROADWORKS,48.4312963369041,10.367798238436565,,,,,Knöringen,Limbach,,,,,,"Die Baustelle ist zu folgenden Zeiträumen gültig: 24.06.26 von 19:00 bis 21:00 Uhr  A8: Stuttgart -> München, zwischen 1.2 km hinter Limbach und 0.6 km vor Knöringen  Länge: 1 km | Max. 80 km/h | Maximale Durchfahrtsbreite: 7 m  PSV - Sanierung Hohlstellen",True,false,2+0_bidirectional,"2+0 configuration: 0 lane(s) in driving direction, 2 lane(s) for oncoming traffic, bidirectional traffic on one carriageway",4,2,2,True,False,"['SEPARATE', 'ARROW_UP', 'ARROW_UP', 'CLOSED', 'BORDER_RIGHT', 'CLOSED']",,"['Die Baustelle ist zu folgenden Zeiträumen gültig:', '24.06.26 von 19:00 bis 21:00 Uhr', '', 'A8: Stuttgart -> München, zwischen 1.2 km hinter Limbach und 0.6 km vor Knöringen', '', 'Länge: 1 km | Max. 80 km/h | Maximale Durchfahrtsbreite: 7 m', '', 'PSV - Sanierung Hohlstellen']",,,False,False
A8,2026-030071--vi-bs.2026-06-25_08-30-00-000.de0,A8 | Limbach - Günzburg, München -> Stuttgart, München -> Stuttgart,SHORT_TERM_ROADWORKS,48.43561450175722,10.33071377493753,,,,,Günzburg,Limbach,,,,,,"Die Baustelle ist zu folgenden Zeiträumen gültig: 25.06.26 von 08:30 bis 12:30 Uhr  A8: München -> Stuttgart, zwischen 1.6 km hinter Limbach und 1.8 km vor AS Günzburg  Länge: 1.2 km | Max. 80 km/h | Maximale Durchfahrtsbreite: 7 m  PSV - Sanierung Legolandschild",True,false,2+0_bidirectional,"2+0 configuration: 0 lane(s) in driving direction, 2 lane(s) for oncoming traffic, bidirectional traffic on one carriageway",3,2,1,True,True,"['SEPARATE', 'ARROW_UP', 'ARROW_UP', 'CLOSED', 'BORDER_RIGHT', 'BREAKDOWN_LANE']",,"['Die Baustelle ist zu folgenden Zeiträumen gültig:', '25.06.26 von 08:30 bis 12:30 Uhr', '', 'A8: München -> Stuttgart, zwischen 1.6 km hinter Limbach und 1.8 km vor AS Günzburg', '', 'Länge: 1.2 km | Max. 80 km/h | Maximale Durchfahrtsbreite: 7 m', '', 'PSV - Sanierung Legolandschild']",,,False,False
A8,2026-029604--vi-bs.2026-06-22_19-00-00-000.devi-zus.2026-06-15_19-00-00-000_009.de49,A8 | Knöringen - Limbach, München -> Stuttgart, München -> Stuttgart,SHORT_TERM_ROADWORKS,48.431425717133045,10.367836857900542,,,,,Limbach,Knöringen,,,,,,"Die Baustelle ist zu folgenden Zeiträumen gültig: 22.06.26 22:30 bis zum 23.06.26 05:00 Uhr.  A8: München -> Stuttgart, zwischen 1.6 km hinter Knöringen und 0.2 km vor Limbach  Länge: 1 km | Max. 80 km/h | Maximale Durchfahrtsbreite: 6 m  PSV - Sanierung Hohlstellen",True,false,2+0_bidirectional,"2+0 configuration: 0 lane(s) in driving direction, 1 lane(s) for oncoming traffic, bidirectional traffic on one carriageway",3,1,2,True,True,"['SEPARATE', 'CLOSED', 'CLOSED', 'ARROW_UP', 'BORDER_RIGHT', 'BREAKDOWN_LANE']",,"['Die Baustelle ist zu folgenden Zeiträumen gültig:', '22.06.26 22:30 bis zum 23.06.26 05:00 Uhr.', '', 'A8: München -> Stuttgart, zwischen 1.6 km hinter Knöringen und 0.2 km vor Limbach', '', 'Länge: 1 km | Max. 80 km/h | Maximale Durchfahrtsbreite: 6 m', '', 'PSV - Sanierung Hohlstellen']",,,False,False
A8,2026-029604--vi-bs.2026-06-22_19-00-00-000.devi-zus.2026-06-15_19-00-00-000_009.de47,A8 | Knöringen - Limbach, München -> Stuttgart, München -> Stuttgart,SHORT_TERM_ROADWORKS,48.431425717133045,10.367836857900542,,,,,Limbach,Knöringen,,,,,,"Die Baustelle ist zu folgenden Zeiträumen gültig: 22.06.26 20:00 bis zum 23.06.26 03:00 Uhr.  A8: München -> Stuttgart, zwischen 1.6 km hinter Knöringen und 0.2 km vor Limbach  Länge: 1 km | Maximale Durchfahrtsbreite: 3.5 m  PSV - Sanierung Hohlstellen",True,false,2+0_bidirectional,"2+0 configuration: 0 lane(s) in driving direction, 1 lane(s) for oncoming traffic, bidirectional traffic on one carriageway",4,1,3,True,False,"['SEPARATE', 'ARROW_UP', 'CLOSED', 'CLOSED', 'BORDER_RIGHT', 'CLOSED']",,"['Die Baustelle ist zu folgenden Zeiträumen gültig:', '22.06.26 20:00 bis zum 23.06.26 03:00 Uhr.', '', 'A8: München -> Stuttgart, zwischen 1.6 km hinter Knöringen und 0.2 km vor Limbach', '', 'Länge: 1 km | Maximale Durchfahrtsbreite: 3.5 m', '', 'PSV - Sanierung Hohlstellen']",,,False,False
A8,2026-029604--vi-bs.2026-06-22_19-00-00-000.devi-zus.2026-06-15_19-00-00-000_009.de45,A8 | Knöringen - Limbach, München -> Stuttgart, München -> Stuttgart,SHORT_TERM_ROADWORKS,48.431425717133045,10.367836857900542,,,,,Limbach,Knöringen,,,,,,"Die Baustelle ist zu folgenden Zeiträumen gültig: 22.06.26 von 19:00 bis 21:00 Uhr  A8: München -> Stuttgart, zwischen 1.6 km hinter Knöringen und 0.2 km vor Limbach  Länge: 1 km | Max. 80 km/h | Maximale Durchfahrtsbreite: 7 m  PSV - Sanierung Hohlstellen",True,false,2+0_bidirectional,"2+0 configuration: 0 lane(s) in driving direction, 2 lane(s) for oncoming traffic, bidirectional traffic on one carriageway",4,2,2,True,False,"['SEPARATE', 'ARROW_UP', 'ARROW_UP', 'CLOSED', 'BORDER_RIGHT', 'CLOSED']",,"['Die Baustelle ist zu folgenden Zeiträumen gültig:', '22.06.26 von 19:00 bis 21:00 Uhr', '', 'A8: München -> Stuttgart, zwischen 1.6 km hinter Knöringen und 0.2 km vor Limbach', '', 'Länge: 1 km | Max. 80 km/h | Maximale Durchfahrtsbreite: 7 m', '', 'PSV - Sanierung Hohlstellen']",,,False,False
A8,2026-029604--vi-bs.2026-06-24_22-00-00-000.devi-zus.2026-06-15_19-00-00-000_009.de21,A8 | Burgau - Knöringen, München -> Stuttgart, München -> Stuttgart,SHORT_TERM_ROADWORKS,48.41277901282454,10.433751354045404,,,,,Knöringen,Burgau,,,,,,"Die Baustelle ist zu folgenden Zeiträumen gültig: 25.06.26 von 00:00 bis 05:00 Uhr  A8: München -> Stuttgart, zwischen 0.2 km hinter AS Burgau und 2.4 km vor Knöringen  Länge: 1.49 km | Max. 80 km/h | Maximale Durchfahrtsbreite: 6 m  PSV - Sanierung Hohlstellen",True,false,2+0_bidirectional,"2+0 configuration: 0 lane(s) in driving direction, 1 lane(s) for oncoming traffic, bidirectional traffic on one carriageway",3,1,2,True,True,"['SEPARATE', 'CLOSED', 'CLOSED', 'ARROW_UP', 'BORDER_RIGHT', 'BREAKDOWN_LANE']",,"['Die Baustelle ist zu folgenden Zeiträumen gültig:', '25.06.26 von 00:00 bis 05:00 Uhr', '', 'A8: München -> Stuttgart, zwischen 0.2 km hinter AS Burgau und 2.4 km vor Knöringen', '', 'Länge: 1.49 km | Max. 80 km/h | Maximale Durchfahrtsbreite: 6 m', '', 'PSV - Sanierung Hohlstellen']",,,False,False
A8,2026-029604--vi-bs.2026-06-24_22-00-00-000.devi-zus.2026-06-15_19-00-00-000_009.de19,A8 | Burgau - Knöringen, München -> Stuttgart, München -> Stuttgart,SHORT_TERM_ROADWORKS,48.41277901282454,10.433751354045404,,,,,Knöringen,Burgau,,,,,,"Die Baustelle ist zu folgenden Zeiträumen gültig: 24.06.26 22:00 bis zum 25.06.26 03:00 Uhr.  A8: München -> Stuttgart, zwischen 0.2 km hinter AS Burgau und 2.4 km vor Knöringen  Länge: 1.49 km | Maximale Durchfahrtsbreite: 3.5 m  PSV - Sanierung Hohlstellen",True,false,2+0_bidirectional,"2+0 configuration: 0 lane(s) in driving direction, 1 lane(s) for oncoming traffic, bidirectional traffic on one carriageway",4,1,3,True,False,"['SEPARATE', 'ARROW_UP', 'CLOSED', 'CLOSED', 'BORDER_RIGHT', 'CLOSED']",,"['Die Baustelle ist zu folgenden Zeiträumen gültig:', '24.06.26 22:00 bis zum 25.06.26 03:00 Uhr.', '', 'A8: München -> Stuttgart, zwischen 0.2 km hinter AS Burgau und 2.4 km vor Knöringen', '', 'Länge: 1.49 km | Maximale Durchfahrtsbreite: 3.5 m', '', 'PSV - Sanierung Hohlstellen']",,,False,False
A8,2026-031145--vi-bs.2026-06-22_06-00-00-000.devi-bs.2026-06-22_07-00-00-000_005.de3,A8 | Burgau - Streitheimer Forst-Nord, Stuttgart -> München, Stuttgart -> München,SHORT_TERM_ROADWORKS,48.41273641175616,10.440445167235065,,,,,Streitheimer Forst-Nord,Burgau,,,,,,"Die Baustelle ist zu folgenden Zeiträumen gültig: 22.06.26 von 06:00 bis 17:00 Uhr  A8: Stuttgart -> München, zwischen 0.3 km hinter AS Burgau und 0.1 km vor Streitheimer Forst-Nord  Länge: 15.98 km | Maximale Durchfahrtsbreite: 12 m  A8 von Günzburg (AS) nach Burgauer See (Raststaette) Grünpflege",True,false,2+0_bidirectional,"2+0 configuration: 0 lane(s) in driving direction, 3 lane(s) for oncoming traffic, bidirectional traffic on one carriageway",4,3,1,True,False,"['SEPARATE', 'ARROW_UP', 'ARROW_UP', 'ARROW_UP', 'BORDER_RIGHT', 'CLOSED']",,"['Die Baustelle ist zu folgenden Zeiträumen gültig:', '22.06.26 von 06:00 bis 17:00 Uhr', '', 'A8: Stuttgart -> München, zwischen 0.3 km hinter AS Burgau und 0.1 km vor Streitheimer Forst-Nord', '', 'Länge: 15.98 km | Maximale Durchfahrtsbreite: 12 m', '', 'A8 von Günzburg (AS) nach Burgauer See (Raststaette) Grünpflege']",,,False,False
A8,2026-029714--vi-bs.2026-06-11_17-00-00-000.devi-bs.2026-06-11_17-00-00-000.de1,A8 | Scheppacher Forst - Burgau, München -> Stuttgart, München -> Stuttgart,ROADWORKS,48.4123451760082,10.472733547025562,,,,,Burgau,Scheppacher Forst,,,,2026-06-11T17:00:00+02:00,2026-06-30T16:00:00+02:00,"Zeitraum dieser Bauphase: Beginn: 11.06.26 um 17:00 Uhr Ende: 30.06.26 um 16:00 Uhr (Ende der Gesamtmaßnahme: 30.06.26)  A8: München -> Stuttgart, zwischen 2.7 km hinter Scheppacher Forst und 2.0 km vor AS Burgau  Länge: 0.7 km | Maximale Durchfahrtsbreite: 12 m  A8 von Scheppacher Forst (Parkplatz) nach Burgau (AS) Beseitigung Unfallfolgen",False,false,2+0_bidirectional,"2+0 configuration: 0 lane(s) in driving direction, 3 lane(s) for oncoming traffic, bidirectional traffic on one carriageway",3,3,0,True,True,"['SEPARATE', 'ARROW_UP', 'ARROW_UP', 'ARROW_UP', 'BORDER_RIGHT', 'BREAKDOWN_LANE']",,"['Zeitraum dieser Bauphase:', 'Beginn: 11.06.26 um 17:00 Uhr', 'Ende: 30.06.26 um 16:00 Uhr', '(Ende der Gesamtmaßnahme: 30.06.26)', '', 'A8: München -> Stuttgart, zwischen 2.7 km hinter Scheppacher Forst und 2.0 km vor AS Burgau', '', 'Länge: 0.7 km | Maximale Durchfahrtsbreite: 12 m', '', 'A8 von Scheppacher Forst (Parkplatz) nach Burgau (AS) Beseitigung Unfallfolgen']",2026-06-11 15:00:00+00:00,2026-06-30 14:00:00+00:00,False,False
A8,2026-029840--vi-bs.2026-06-22_08-00-00-000.devi-zus.2026-06-22_08-00-00-000_003.de7,A8 | Zusmarshausen - Streitheimer Forst-Süd, Stuttgart -> München, Stuttgart -> München,SHORT_TERM_ROADWORKS,48.409812202947265,10.611310223654181,,,,,Streitheimer Forst-Süd,Zusmarshausen,,,,,,"Die Baustelle ist zu folgenden Zeiträumen gültig: 22.06.26 von 08:00 bis 17:00 Uhr  A8: Stuttgart -> München, zwischen 0.9 km hinter AS Zusmarshausen und 0.2 km vor Streitheimer Forst-Süd  Länge: 1.7 km | Maximale Durchfahrtsbreite: 9 m  A8 Anpassung Hinweisbeschilderung für Ladesäulen",True,false,2+0_bidirectional,"2+0 configuration: 0 lane(s) in driving direction, 3 lane(s) for oncoming traffic, bidirectional traffic on one carriageway",4,3,1,True,False,"['SEPARATE', 'ARROW_UP', 'ARROW_UP', 'ARROW_UP', 'BORDER_RIGHT', 'CLOSED']",,"['Die Baustelle ist zu folgenden Zeiträumen gültig:', '22.06.26 von 08:00 bis 17:00 Uhr', '', 'A8: Stuttgart -> München, zwischen 0.9 km hinter AS Zusmarshausen und 0.2 km vor Streitheimer Forst-Süd', '', 'Länge: 1.7 km | Maximale Durchfahrtsbreite: 9 m', '', 'A8 Anpassung Hinweisbeschilderung für Ladesäulen']",,,False,False
A8,2026-031314--vi-bs.2026-06-30_08-00-00-000.devi-zus.2026-06-30_08-00-00-000_003.de3,A8 | Streitheimer Forst-Nord - Streitheimer Forst-Süd, München -> Stuttgart, München -> Stuttgart,SHORT_TERM_ROADWORKS,48.41114014604202,10.645368250160487,,,,,Streitheimer Forst-Süd,Streitheimer Forst-Nord,,,,,,"Die Baustelle ist zu folgenden Zeiträumen gültig: Jeden Dienstag, Mittwoch, Donnerstag und Freitag zwischen dem 30.06.26 und dem 09.07.26 von 08:00 bis 18:00 Uhr. 06.07.26 von 08:00 bis 18:00 Uhr  A8: München -> Stuttgart, zwischen 0.4 km hinter Streitheimer Forst-Nord und 0.5 km vor Streitheimer Forst-Süd  Länge: 0.15 km | Maximale Durchfahrtsbreite: 9 m  A8 Lärmschutzarbeiten Hirblingen",True,false,2+0_bidirectional,"2+0 configuration: 0 lane(s) in driving direction, 3 lane(s) for oncoming traffic, bidirectional traffic on one carriageway",4,3,1,True,False,"['SEPARATE', 'ARROW_UP', 'ARROW_UP', 'ARROW_UP', 'BORDER_RIGHT', 'CLOSED']",,"['Die Baustelle ist zu folgenden Zeiträumen gültig:', 'Jeden Dienstag, Mittwoch, Donnerstag und Freitag zwischen dem 30.06.26 und dem 09.07.26 von 08:00 bis 18:00 Uhr.', '06.07.26 von 08:00 bis 18:00 Uhr', '', 'A8: München -> Stuttgart, zwischen 0.4 km hinter Streitheimer Forst-Nord und 0.5 km vor Streitheimer Forst-Süd', '', 'Länge: 0.15 km | Maximale Durchfahrtsbreite: 9 m', '', 'A8 Lärmschutzarbeiten Hirblingen']",,,False,False
A8,2026-013235--vi-bs.2026-06-22_00-00-00-000.devi-zus.2026-04-13_00-00-00-000_026.de13,A8 | Streitheimer Forst-Nord - Adelsried, Stuttgart -> München, Stuttgart -> München,ROADWORKS,48.418365702658924,10.701014344036777,,,,,Adelsried,Streitheimer Forst-Nord,,,,2026-06-22T00:00:00+02:00,2026-06-27T00:00:00+02:00,"Zeitraum dieser Bauphase: Beginn: 22.06.26 um 00:00 Uhr Ende: 27.06.26 um 00:00 Uhr (Ende der Gesamtmaßnahme: 27.06.26)  A8: Stuttgart -> München, zwischen 3.9 km hinter Streitheimer Forst-Nord und 1.1 km vor AS Adelsried  Länge: 0.3 km | Max. 80 km/h | Maximale Durchfahrtsbreite: 12 m  A8-West_BauGrund Süd_PANSUEVIA Erkundungsbohrungen für DB-Trasse Ulm-Augsburg",True,false,2+0_bidirectional,"2+0 configuration: 0 lane(s) in driving direction, 3 lane(s) for oncoming traffic, bidirectional traffic on one carriageway",4,3,1,True,False,"['SEPARATE', 'ARROW_UP', 'ARROW_UP', 'ARROW_UP', 'BORDER_RIGHT', 'CLOSED']",,"['Zeitraum dieser Bauphase:', 'Beginn: 22.06.26 um 00:00 Uhr', 'Ende: 27.06.26 um 00:00 Uhr', '(Ende der Gesamtmaßnahme: 27.06.26)', '', 'A8: Stuttgart -> München, zwischen 3.9 km hinter Streitheimer Forst-Nord und 1.1 km vor AS Adelsried', '', 'Länge: 0.3 km | Max. 80 km/h | Maximale Durchfahrtsbreite: 12 m', '', 'A8-West_BauGrund Süd_PANSUEVIA Erkundungsbohrungen für DB-Trasse Ulm-Augsburg']",2026-06-21 22:00:00+00:00,2026-06-26 22:00:00+00:00,False,False
A8,2026-029840--vi-bs.2026-06-22_08-00-00-000.devi-zus.2026-06-22_08-00-00-000_003.de5,A8 | Adelsried - Streitheimer Forst-Nord, München -> Stuttgart, München -> Stuttgart,SHORT_TERM_ROADWORKS,48.4169762465812,10.668408128710258,,,,,Streitheimer Forst-Nord,Adelsried,,,,,,"Die Baustelle ist zu folgenden Zeiträumen gültig: 22.06.26 von 08:00 bis 17:00 Uhr  A8: München -> Stuttgart, zwischen 3.9 km hinter AS Adelsried und 0.4 km vor Streitheimer Forst-Nord  Länge: 1 km | Maximale Durchfahrtsbreite: 9 m  A8 Anpassung Hinweisbeschilderung für Ladesäulen",True,false,2+0_bidirectional,"2+0 configuration: 0 lane(s) in driving direction, 3 lane(s) for oncoming traffic, bidirectional traffic on one carriageway",4,3,1,True,False,"['SEPARATE', 'ARROW_UP', 'ARROW_UP', 'ARROW_UP', 'BORDER_RIGHT', 'CLOSED']",,"['Die Baustelle ist zu folgenden Zeiträumen gültig:', '22.06.26 von 08:00 bis 17:00 Uhr', '', 'A8: München -> Stuttgart, zwischen 3.9 km hinter AS Adelsried und 0.4 km vor Streitheimer Forst-Nord', '', 'Länge: 1 km | Maximale Durchfahrtsbreite: 9 m', '', 'A8 Anpassung Hinweisbeschilderung für Ladesäulen']",,,False,False
A8,2026-029604--vi-bs.2026-06-23_19-00-00-000.devi-zus.2026-06-15_19-00-00-000_009.de11,A8 | Adelsried - Streitheimer Forst-Süd, München -> Stuttgart, München -> Stuttgart,SHORT_TERM_ROADWORKS,48.414442823902945,10.66284280654285,,,,,Streitheimer Forst-Süd,Adelsried,,,,,,"Die Baustelle ist zu folgenden Zeiträumen gültig: 24.06.26 von 00:00 bis 05:00 Uhr  A8: München -> Stuttgart, zwischen 4.4 km hinter AS Adelsried und Streitheimer Forst-Süd  Länge: 2 km | Max. 80 km/h | Maximale Durchfahrtsbreite: 6 m  PSV - Sanierung Hohlstellen",True,false,2+0_bidirectional,"2+0 configuration: 0 lane(s) in driving direction, 1 lane(s) for oncoming traffic, bidirectional traffic on one carriageway",3,1,2,True,True,"['SEPARATE', 'CLOSED', 'CLOSED', 'ARROW_UP', 'BORDER_RIGHT', 'BREAKDOWN_LANE']",,"['Die Baustelle ist zu folgenden Zeiträumen gültig:', '24.06.26 von 00:00 bis 05:00 Uhr', '', 'A8: München -> Stuttgart, zwischen 4.4 km hinter AS Adelsried und Streitheimer Forst-Süd', '', 'Länge: 2 km | Max. 80 km/h | Maximale Durchfahrtsbreite: 6 m', '', 'PSV - Sanierung Hohlstellen']",,,False,False
A8,2026-029604--vi-bs.2026-06-23_19-00-00-000.devi-zus.2026-06-15_19-00-00-000_009.de9,A8 | Adelsried - Streitheimer Forst-Süd, München -> Stuttgart, München -> Stuttgart,SHORT_TERM_ROADWORKS,48.414442823902945,10.66284280654285,,,,,Streitheimer Forst-Süd,Adelsried,,,,,,"Die Baustelle ist zu folgenden Zeiträumen gültig: 23.06.26 21:00 bis zum 24.06.26 03:00 Uhr.  A8: München -> Stuttgart, zwischen 4.4 km hinter AS Adelsried und Streitheimer Forst-Süd  Länge: 2 km | Maximale Durchfahrtsbreite: 3.5 m  PSV - Sanierung Hohlstellen",True,false,2+0_bidirectional,"2+0 configuration: 0 lane(s) in driving direction, 1 lane(s) for oncoming traffic, bidirectional traffic on one carriageway",4,1,3,True,False,"['SEPARATE', 'ARROW_UP', 'CLOSED', 'CLOSED', 'BORDER_RIGHT', 'CLOSED']",,"['Die Baustelle ist zu folgenden Zeiträumen gültig:', '23.06.26 21:00 bis zum 24.06.26 03:00 Uhr.', '', 'A8: München -> Stuttgart, zwischen 4.4 km hinter AS Adelsried und Streitheimer Forst-Süd', '', 'Länge: 2 km | Maximale Durchfahrtsbreite: 3.5 m', '', 'PSV - Sanierung Hohlstellen']",,,False,False
A8,2026-029604--vi-bs.2026-06-23_19-00-00-000.devi-zus.2026-06-15_19-00-00-000_009.de7,A8 | Adelsried - Streitheimer Forst-Süd, München -> Stuttgart, München -> Stuttgart,SHORT_TERM_ROADWORKS,48.414442823902945,10.66284280654285,,,,,Streitheimer Forst-Süd,Adelsried,,,,,,"Die Baustelle ist zu folgenden Zeiträumen gültig: 23.06.26 von 19:00 bis 21:00 Uhr  A8: München -> Stuttgart, zwischen 4.4 km hinter AS Adelsried und Streitheimer Forst-Süd  Länge: 2 km | Max. 80 km/h | Maximale Durchfahrtsbreite: 7 m  PSV - Sanierung Hohlstellen",True,false,2+0_bidirectional,"2+0 configuration: 0 lane(s) in driving direction, 2 lane(s) for oncoming traffic, bidirectional traffic on one carriageway",4,2,2,True,False,"['SEPARATE', 'ARROW_UP', 'ARROW_UP', 'CLOSED', 'BORDER_RIGHT', 'CLOSED']",,"['Die Baustelle ist zu folgenden Zeiträumen gültig:', '23.06.26 von 19:00 bis 21:00 Uhr', '', 'A8: München -> Stuttgart, zwischen 4.4 km hinter AS Adelsried und Streitheimer Forst-Süd', '', 'Länge: 2 km | Max. 80 km/h | Maximale Durchfahrtsbreite: 7 m', '', 'PSV - Sanierung Hohlstellen']",,,False,False
A8,2026-030047--vi-bs.2026-06-23_08-00-00-000.devi-bs.2026-06-23_08-00-00-000_003.de3,A8 | Edenbergen - Neusäß, Stuttgart -> München, Stuttgart -> München,SHORT_TERM_ROADWORKS,48.41884667267601,10.817914660352592,,,,,Neusäß,Edenbergen,,,,,,"Die Baustelle ist zu folgenden Zeiträumen gültig: Jeden Dienstag, Mittwoch, Donnerstag und Freitag zwischen dem 23.06.26 und dem 02.07.26 von 08:00 bis 18:00 Uhr. 29.06.26 von 08:00 bis 18:00 Uhr  A8: Stuttgart -> München, zwischen 1.1 km hinter Edenbergen und 1.0 km vor AS Neusäß  Länge: 0.55 km | Maximale Durchfahrtsbreite: 9 m  A8 Lärmschutzarbeiten Hirblingen",True,false,2+0_bidirectional,"2+0 configuration: 0 lane(s) in driving direction, 3 lane(s) for oncoming traffic, bidirectional traffic on one carriageway",4,3,1,True,False,"['SEPARATE', 'ARROW_UP', 'ARROW_UP', 'ARROW_UP', 'BORDER_RIGHT', 'CLOSED']",,"['Die Baustelle ist zu folgenden Zeiträumen gültig:', 'Jeden Dienstag, Mittwoch, Donnerstag und Freitag zwischen dem 23.06.26 und dem 02.07.26 von 08:00 bis 18:00 Uhr.', '29.06.26 von 08:00 bis 18:00 Uhr', '', 'A8: Stuttgart -> München, zwischen 1.1 km hinter Edenbergen und 1.0 km vor AS Neusäß', '', 'Länge: 0.55 km | Maximale Durchfahrtsbreite: 9 m', '', 'A8 Lärmschutzarbeiten Hirblingen']",,,False,False
A8,2026-030047--vi-bs.2026-06-23_08-00-00-000.devi-bs.2026-06-23_08-00-00-000_003.de1,A8 | Neusäß - Edenbergen, München -> Stuttgart, München -> Stuttgart,SHORT_TERM_ROADWORKS,48.41868143116709,10.821290595427069,,,,,Edenbergen,Neusäß,,,,,,"Die Baustelle ist zu folgenden Zeiträumen gültig: Jeden Montag, Dienstag, Mittwoch, Donnerstag und Freitag zwischen dem 23.06.26 und dem 02.07.26 von 08:00 bis 18:00 Uhr.  A8: München -> Stuttgart, zwischen 1.3 km hinter AS Neusäß und 0.8 km vor Edenbergen  Länge: 0.5 km | Maximale Durchfahrtsbreite: 9 m  A8 Lärmschutzarbeiten Hirblingen",True,false,2+0_bidirectional,"2+0 configuration: 0 lane(s) in driving direction, 3 lane(s) for oncoming traffic, bidirectional traffic on one carriageway",4,3,1,True,False,"['SEPARATE', 'ARROW_UP', 'ARROW_UP', 'ARROW_UP', 'BORDER_RIGHT', 'CLOSED']",,"['Die Baustelle ist zu folgenden Zeiträumen gültig:', 'Jeden Montag, Dienstag, Mittwoch, Donnerstag und Freitag zwischen dem 23.06.26 und dem 02.07.26 von 08:00 bis 18:00 Uhr.', '', 'A8: München -> Stuttgart, zwischen 1.3 km hinter AS Neusäß und 0.8 km vor Edenbergen', '', 'Länge: 0.5 km | Maximale Durchfahrtsbreite: 9 m', '', 'A8 Lärmschutzarbeiten Hirblingen']",,,False,False
A8,2026-031129--vi-bs.2026-06-22_07-00-00-000.devi-zus.2026-06-22_07-00-00-000_003.de3,A8 | Neusäß - München-Langwied, Stuttgart -> München, Stuttgart -> München,SHORT_TERM_ROADWORKS,48.41493283646049,10.863457543562216,,,,,München-Langwied,Neusäß,,,,,,"Die Baustelle ist zu folgenden Zeiträumen gültig: Jeden Montag, Dienstag, Mittwoch und Donnerstag zwischen dem 22.06.26 und dem 25.06.26 von 07:00 bis 16:00 Uhr. 26.06.26 von 07:00 bis 13:00 Uhr  A8: Stuttgart -> München, zwischen 1.9 km hinter AS Neusäß und 1.5 km vor AS München-Langwied  Länge: 47.74 km | Maximale Durchfahrtsbreite: 11 m  Aplus A8 West - KW 26 - Allgemeine Befahrung Standspur zur Abnahme und Schadensaufnahme - Sperre Sst.",True,false,2+0_bidirectional,"2+0 configuration: 0 lane(s) in driving direction, 3 lane(s) for oncoming traffic, bidirectional traffic on one carriageway",4,3,1,True,False,"['SEPARATE', 'ARROW_UP', 'ARROW_UP', 'ARROW_UP', 'BORDER_RIGHT', 'CLOSED']",,"['Die Baustelle ist zu folgenden Zeiträumen gültig:', 'Jeden Montag, Dienstag, Mittwoch und Donnerstag zwischen dem 22.06.26 und dem 25.06.26 von 07:00 bis 16:00 Uhr.', '26.06.26 von 07:00 bis 13:00 Uhr', '', 'A8: Stuttgart -> München, zwischen 1.9 km hinter AS Neusäß und 1.5 km vor AS München-Langwied', '', 'Länge: 47.74 km | Maximale Durchfahrtsbreite: 11 m', '', 'Aplus A8 West - KW 26 - Allgemeine Befahrung Standspur zur Abnahme und Schadensaufnahme - Sperre Sst.']",,,False,False
A8,2026-031133--vi-bs.2026-06-22_11-00-00-000.devi-zus.2026-06-22_07-00-00-000_002.de9,A8 | Neusäß - Adelzhausen, Stuttgart -> München, Stuttgart -> München,SHORT_TERM_ROADWORKS,48.41493283646049,10.863457543562216,,,,,Adelzhausen,Neusäß,,,,,,"Die Baustelle ist zu folgenden Zeiträumen gültig: Jeden Montag, Dienstag und Mittwoch zwischen dem 22.06.26 und dem 24.06.26 von 11:00 bis 18:00 Uhr. 25.06.26 von 11:00 bis 18:00 Uhr 26.06.26 von 11:00 bis 14:00 Uhr  A8: Stuttgart -> München, zwischen 1.9 km hinter AS Neusäß und 6.3 km vor AS Adelzhausen  Länge: 15.94 km | Max. 80 km/h | Maximale Durchfahrtsbreite: 7.5 m  Aplus A8 West - KW 26 - Grasmahd Mittelstreifen",True,false,2+0_bidirectional,"2+0 configuration: 0 lane(s) in driving direction, 2 lane(s) for oncoming traffic, bidirectional traffic on one carriageway",3,2,1,True,True,"['SEPARATE', 'CLOSED', 'ARROW_UP', 'ARROW_UP', 'BORDER_RIGHT', 'BREAKDOWN_LANE']",,"['Die Baustelle ist zu folgenden Zeiträumen gültig:', 'Jeden Montag, Dienstag und Mittwoch zwischen dem 22.06.26 und dem 24.06.26 von 11:00 bis 18:00 Uhr.', '25.06.26 von 11:00 bis 18:00 Uhr', '26.06.26 von 11:00 bis 14:00 Uhr', '', 'A8: Stuttgart -> München, zwischen 1.9 km hinter AS Neusäß und 6.3 km vor AS Adelzhausen', '', 'Länge: 15.94 km | Max. 80 km/h | Maximale Durchfahrtsbreite: 7.5 m', '', 'Aplus A8 West - KW 26 - Grasmahd Mittelstreifen']",,,False,False
A8,2026-031314--vi-bs.2026-06-30_08-00-00-000.devi-zus.2026-06-30_08-00-00-000_003.de1,A8 | Neusäß - Edenbergen, München -> Stuttgart, München -> Stuttgart,SHORT_TERM_ROADWORKS,48.41868143116709,10.821290595427069,,,,,Edenbergen,Neusäß,,,,,,"Die Baustelle ist zu folgenden Zeiträumen gültig: Jeden Montag, Dienstag, Mittwoch, Donnerstag und Freitag zwischen dem 30.06.26 und dem 09.07.26 von 08:00 bis 18:00 Uhr.  A8: München -> Stuttgart, zwischen 1.3 km hinter AS Neusäß und 0.8 km vor Edenbergen  Länge: 0.5 km | Maximale Durchfahrtsbreite: 9 m  A8 Lärmschutzarbeiten Hirblingen",True,false,2+0_bidirectional,"2+0 configuration: 0 lane(s) in driving direction, 3 lane(s) for oncoming traffic, bidirectional traffic on one carriageway",4,3,1,True,False,"['SEPARATE', 'ARROW_UP', 'ARROW_UP', 'ARROW_UP', 'BORDER_RIGHT', 'CLOSED']",,"['Die Baustelle ist zu folgenden Zeiträumen gültig:', 'Jeden Montag, Dienstag, Mittwoch, Donnerstag und Freitag zwischen dem 30.06.26 und dem 09.07.26 von 08:00 bis 18:00 Uhr.', '', 'A8: München -> Stuttgart, zwischen 1.3 km hinter AS Neusäß und 0.8 km vor Edenbergen', '', 'Länge: 0.5 km | Maximale Durchfahrtsbreite: 9 m', '', 'A8 Lärmschutzarbeiten Hirblingen']",,,False,False
A8,2026-029618--vi-bs.2026-06-29_07-00-00-000.devi-zus.2026-06-29_07-00-00-000.de13,A8 | Friedberg (Bayern) - Augsburg-West, München -> Stuttgart, München -> Stuttgart,SHORT_TERM_ROADWORKS,48.40842449591217,10.929209427155737,,,,,Augsburg-West,Friedberg (Bayern),,,,,,"Die Baustelle ist zu folgenden Zeiträumen gültig: 02.07.26 von 07:00 bis 12:00 Uhr  A8: München -> Stuttgart, zwischen 1.9 km hinter AS Friedberg (Bayern) und 2.4 km vor AS Augsburg-West  Länge: 1.98 km | Maximale Durchfahrtsbreite: 7.5 m  Aplus A8 West - Bankettschälarbeiten - KW 27 - Sperre 1.Fs",True,false,2+0_bidirectional,"2+0 configuration: 0 lane(s) in driving direction, 2 lane(s) for oncoming traffic, bidirectional traffic on one carriageway",4,2,2,True,False,"['SEPARATE', 'ARROW_UP', 'ARROW_UP', 'CLOSED', 'BORDER_RIGHT', 'CLOSED']",,"['Die Baustelle ist zu folgenden Zeiträumen gültig:', '02.07.26 von 07:00 bis 12:00 Uhr', '', 'A8: München -> Stuttgart, zwischen 1.9 km hinter AS Friedberg (Bayern) und 2.4 km vor AS Augsburg-West', '', 'Länge: 1.98 km | Maximale Durchfahrtsbreite: 7.5 m', '', 'Aplus A8 West - Bankettschälarbeiten - KW 27 - Sperre 1.Fs']",,,False,False
A8,2026-029618--vi-bs.2026-06-29_07-00-00-000.devi-zus.2026-06-29_07-00-00-000.de15,A8 | Kirchholz - Dasing, Stuttgart -> München, Stuttgart -> München,SHORT_TERM_ROADWORKS,48.4012108577201,10.99009938653416,,,,,Dasing,Kirchholz,,,,,,"Die Baustelle ist zu folgenden Zeiträumen gültig: 02.07.26 von 12:00 bis 17:00 Uhr  A8: Stuttgart -> München, zwischen 0.5 km hinter Kirchholz und 3.1 km vor AS Dasing  Länge: 2.7 km | Maximale Durchfahrtsbreite: 7.5 m  Aplus A8 West - Bankettschälarbeiten - KW 27 - Sperre 1.Fs",True,false,2+0_bidirectional,"2+0 configuration: 0 lane(s) in driving direction, 2 lane(s) for oncoming traffic, bidirectional traffic on one carriageway",4,2,2,True,False,"['SEPARATE', 'ARROW_UP', 'ARROW_UP', 'CLOSED', 'BORDER_RIGHT', 'CLOSED']",,"['Die Baustelle ist zu folgenden Zeiträumen gültig:', '02.07.26 von 12:00 bis 17:00 Uhr', '', 'A8: Stuttgart -> München, zwischen 0.5 km hinter Kirchholz und 3.1 km vor AS Dasing', '', 'Länge: 2.7 km | Maximale Durchfahrtsbreite: 7.5 m', '', 'Aplus A8 West - Bankettschälarbeiten - KW 27 - Sperre 1.Fs']",,,False,False
A8,2026-029618--vi-bs.2026-06-29_07-00-00-000.devi-zus.2026-06-29_07-00-00-000.de11,A8 | Kirchholz - Dasing, Stuttgart -> München, Stuttgart -> München,SHORT_TERM_ROADWORKS,48.4012108577201,10.99009938653416,,,,,Dasing,Kirchholz,,,,,,"Die Baustelle ist zu folgenden Zeiträumen gültig: 01.07.26 von 12:00 bis 17:00 Uhr  A8: Stuttgart -> München, zwischen 0.5 km hinter Kirchholz und 3.1 km vor AS Dasing  Länge: 2.7 km | Maximale Durchfahrtsbreite: 7.5 m  Aplus A8 West - Bankettschälarbeiten - KW 27 - Sperre 1.Fs",True,false,2+0_bidirectional,"2+0 configuration: 0 lane(s) in driving direction, 2 lane(s) for oncoming traffic, bidirectional traffic on one carriageway",4,2,2,True,False,"['SEPARATE', 'ARROW_UP', 'ARROW_UP', 'CLOSED', 'BORDER_RIGHT', 'CLOSED']",,"['Die Baustelle ist zu folgenden Zeiträumen gültig:', '01.07.26 von 12:00 bis 17:00 Uhr', '', 'A8: Stuttgart -> München, zwischen 0.5 km hinter Kirchholz und 3.1 km vor AS Dasing', '', 'Länge: 2.7 km | Maximale Durchfahrtsbreite: 7.5 m', '', 'Aplus A8 West - Bankettschälarbeiten - KW 27 - Sperre 1.Fs']",,,False,False
A8,2026-029618--vi-bs.2026-06-29_07-00-00-000.devi-zus.2026-06-29_07-00-00-000.de7,A8 | Kirchholz - Dasing, Stuttgart -> München, Stuttgart -> München,SHORT_TERM_ROADWORKS,48.396532954462984,11.05117648828471,,,,,Dasing,Kirchholz,,,,,,"Die Baustelle ist zu folgenden Zeiträumen gültig: 30.06.26 von 12:00 bis 17:00 Uhr  A8: Stuttgart -> München, zwischen 5.1 km hinter Kirchholz und AS Dasing  Länge: 1.2 km | Maximale Durchfahrtsbreite: 7.5 m  Aplus A8 West - Bankettschälarbeiten - KW 27 - Sperre 1.Fs",True,false,2+0_bidirectional,"2+0 configuration: 0 lane(s) in driving direction, 2 lane(s) for oncoming traffic, bidirectional traffic on one carriageway",4,2,2,True,False,"['SEPARATE', 'ARROW_UP', 'ARROW_UP', 'CLOSED', 'BORDER_RIGHT', 'CLOSED']",,"['Die Baustelle ist zu folgenden Zeiträumen gültig:', '30.06.26 von 12:00 bis 17:00 Uhr', '', 'A8: Stuttgart -> München, zwischen 5.1 km hinter Kirchholz und AS Dasing', '', 'Länge: 1.2 km | Maximale Durchfahrtsbreite: 7.5 m', '', 'Aplus A8 West - Bankettschälarbeiten - KW 27 - Sperre 1.Fs']",,,False,False
A8,2026-031133--vi-bs.2026-06-22_11-00-00-000.devi-zus.2026-06-22_07-00-00-000_002.de11,A8 | Dasing - Sulzemoos, Stuttgart -> München, Stuttgart -> München,SHORT_TERM_ROADWORKS,48.38981562102282,11.072400697606968,,,,,Sulzemoos,Dasing,,,,,,"Die Baustelle ist zu folgenden Zeiträumen gültig: Jeden Montag, Dienstag und Mittwoch zwischen dem 22.06.26 und dem 24.06.26 von 11:00 bis 18:00 Uhr. 25.06.26 von 11:00 bis 18:00 Uhr 26.06.26 von 11:00 bis 14:00 Uhr  A8: Stuttgart -> München, zwischen 0.6 km hinter AS Dasing und 0.3 km vor AS Sulzemoos  Länge: 19 km | Max. 80 km/h | Maximale Durchfahrtsbreite: 7.5 m  Aplus A8 West - KW 26 - Grasmahd Mittelstreifen",True,false,2+0_bidirectional,"2+0 configuration: 0 lane(s) in driving direction, 2 lane(s) for oncoming traffic, bidirectional traffic on one carriageway",3,2,1,True,True,"['SEPARATE', 'CLOSED', 'ARROW_UP', 'ARROW_UP', 'BORDER_RIGHT', 'BREAKDOWN_LANE']",,"['Die Baustelle ist zu folgenden Zeiträumen gültig:', 'Jeden Montag, Dienstag und Mittwoch zwischen dem 22.06.26 und dem 24.06.26 von 11:00 bis 18:00 Uhr.', '25.06.26 von 11:00 bis 18:00 Uhr', '26.06.26 von 11:00 bis 14:00 Uhr', '', 'A8: Stuttgart -> München, zwischen 0.6 km hinter AS Dasing und 0.3 km vor AS Sulzemoos', '', 'Länge: 19 km | Max. 80 km/h | Maximale Durchfahrtsbreite: 7.5 m', '', 'Aplus A8 West - KW 26 - Grasmahd Mittelstreifen']",,,False,False
A8,2026-031133--vi-bs.2026-06-22_07-00-00-000.devi-zus.2026-06-22_07-00-00-000_002.de7,A8 | Adelzhausen - Neusäß, München -> Stuttgart, München -> Stuttgart,SHORT_TERM_ROADWORKS,48.389927253214765,11.072567472467885,,,,,Neusäß,Adelzhausen,,,,,,"Die Baustelle ist zu folgenden Zeiträumen gültig: Jeden Montag, Dienstag und Mittwoch zwischen dem 22.06.26 und dem 24.06.26 von 07:00 bis 15:00 Uhr. 25.06.26 von 07:00 bis 15:00 Uhr 26.06.26 von 07:00 bis 14:00 Uhr  A8: München -> Stuttgart, zwischen 6.3 km hinter AS Adelzhausen und 1.9 km vor AS Neusäß  Länge: 15.94 km | Max. 80 km/h | Maximale Durchfahrtsbreite: 7.5 m  Aplus A8 West - KW 26 - Grasmahd Mittelstreifen",True,false,2+0_bidirectional,"2+0 configuration: 0 lane(s) in driving direction, 2 lane(s) for oncoming traffic, bidirectional traffic on one carriageway",3,2,1,True,True,"['SEPARATE', 'CLOSED', 'ARROW_UP', 'ARROW_UP', 'BORDER_RIGHT', 'BREAKDOWN_LANE']",,"['Die Baustelle ist zu folgenden Zeiträumen gültig:', 'Jeden Montag, Dienstag und Mittwoch zwischen dem 22.06.26 und dem 24.06.26 von 07:00 bis 15:00 Uhr.', '25.06.26 von 07:00 bis 15:00 Uhr', '26.06.26 von 07:00 bis 14:00 Uhr', '', 'A8: München -> Stuttgart, zwischen 6.3 km hinter AS Adelzhausen und 1.9 km vor AS Neusäß', '', 'Länge: 15.94 km | Max. 80 km/h | Maximale Durchfahrtsbreite: 7.5 m', '', 'Aplus A8 West - KW 26 - Grasmahd Mittelstreifen']",,,False,False
A8,2026-029618--vi-bs.2026-06-29_07-00-00-000.devi-zus.2026-06-29_07-00-00-000.de9,A8 | Odelzhausen - Adelzhauser Berg, München -> Stuttgart, München -> Stuttgart,SHORT_TERM_ROADWORKS,48.32303976046049,11.180620375483683,,,,,Adelzhauser Berg,Odelzhausen,,,,,,"Die Baustelle ist zu folgenden Zeiträumen gültig: 01.07.26 von 07:00 bis 12:00 Uhr  A8: München -> Stuttgart, zwischen 2.6 km hinter AS Odelzhausen und 0.8 km vor Adelzhauser Berg  Länge: 2.3 km | Maximale Durchfahrtsbreite: 7.5 m  Aplus A8 West - Bankettschälarbeiten - KW 27 - Sperre 1.Fs",True,false,2+0_bidirectional,"2+0 configuration: 0 lane(s) in driving direction, 2 lane(s) for oncoming traffic, bidirectional traffic on one carriageway",4,2,2,True,False,"['SEPARATE', 'ARROW_UP', 'ARROW_UP', 'CLOSED', 'BORDER_RIGHT', 'CLOSED']",,"['Die Baustelle ist zu folgenden Zeiträumen gültig:', '01.07.26 von 07:00 bis 12:00 Uhr', '', 'A8: München -> Stuttgart, zwischen 2.6 km hinter AS Odelzhausen und 0.8 km vor Adelzhauser Berg', '', 'Länge: 2.3 km | Maximale Durchfahrtsbreite: 7.5 m', '', 'Aplus A8 West - Bankettschälarbeiten - KW 27 - Sperre 1.Fs']",,,False,False
A8,2026-029618--vi-bs.2026-06-29_07-00-00-000.devi-zus.2026-06-29_07-00-00-000.de5,A8 | Odelzhausen - Adelzhauser Berg, München -> Stuttgart, München -> Stuttgart,SHORT_TERM_ROADWORKS,48.32303976046049,11.180620375483683,,,,,Adelzhauser Berg,Odelzhausen,,,,,,"Die Baustelle ist zu folgenden Zeiträumen gültig: 30.06.26 von 07:00 bis 12:00 Uhr  A8: München -> Stuttgart, zwischen 2.6 km hinter AS Odelzhausen und 0.8 km vor Adelzhauser Berg  Länge: 2.3 km | Max. 80 km/h | Maximale Durchfahrtsbreite: 7.5 m  Aplus A8 West - Bankettschälarbeiten - KW 27 - Sperre 1.Fs",True,false,2+0_bidirectional,"2+0 configuration: 0 lane(s) in driving direction, 2 lane(s) for oncoming traffic, bidirectional traffic on one carriageway",4,2,2,True,False,"['SEPARATE', 'ARROW_UP', 'ARROW_UP', 'CLOSED', 'BORDER_RIGHT', 'CLOSED']",,"['Die Baustelle ist zu folgenden Zeiträumen gültig:', '30.06.26 von 07:00 bis 12:00 Uhr', '', 'A8: München -> Stuttgart, zwischen 2.6 km hinter AS Odelzhausen und 0.8 km vor Adelzhauser Berg', '', 'Länge: 2.3 km | Max. 80 km/h | Maximale Durchfahrtsbreite: 7.5 m', '', 'Aplus A8 West - Bankettschälarbeiten - KW 27 - Sperre 1.Fs']",,,False,False
A8,2026-031133--vi-bs.2026-06-22_07-00-00-000.devi-zus.2026-06-22_07-00-00-000_002.de5,A8 | Sulzemoos - Dasing, München -> Stuttgart, München -> Stuttgart,SHORT_TERM_ROADWORKS,48.28240881776318,11.266690013861151,,,,,Dasing,Sulzemoos,,,,,,"Die Baustelle ist zu folgenden Zeiträumen gültig: Jeden Montag, Dienstag und Mittwoch zwischen dem 22.06.26 und dem 24.06.26 von 07:00 bis 15:00 Uhr. 25.06.26 von 07:00 bis 15:00 Uhr 26.06.26 von 07:00 bis 14:00 Uhr  A8: München -> Stuttgart, zwischen 0.3 km hinter AS Sulzemoos und 0.6 km vor AS Dasing  Länge: 18.99 km | Max. 80 km/h | Maximale Durchfahrtsbreite: 7.5 m  Aplus A8 West - KW 26 - Grasmahd Mittelstreifen",True,false,2+0_bidirectional,"2+0 configuration: 0 lane(s) in driving direction, 2 lane(s) for oncoming traffic, bidirectional traffic on one carriageway",3,2,1,True,True,"['SEPARATE', 'CLOSED', 'ARROW_UP', 'ARROW_UP', 'BORDER_RIGHT', 'BREAKDOWN_LANE']",,"['Die Baustelle ist zu folgenden Zeiträumen gültig:', 'Jeden Montag, Dienstag und Mittwoch zwischen dem 22.06.26 und dem 24.06.26 von 07:00 bis 15:00 Uhr.', '25.06.26 von 07:00 bis 15:00 Uhr', '26.06.26 von 07:00 bis 14:00 Uhr', '', 'A8: München -> Stuttgart, zwischen 0.3 km hinter AS Sulzemoos und 0.6 km vor AS Dasing', '', 'Länge: 18.99 km | Max. 80 km/h | Maximale Durchfahrtsbreite: 7.5 m', '', 'Aplus A8 West - KW 26 - Grasmahd Mittelstreifen']",,,False,False
A8,2026-031133--vi-bs.2026-06-22_11-00-00-000.devi-zus.2026-06-22_07-00-00-000_002.de1,A8 | Sulzemoos - München-Eschenried, Stuttgart -> München, Stuttgart -> München,SHORT_TERM_ROADWORKS,48.27964898191396,11.272173163126334,,,,,München-Eschenried,Sulzemoos,,,,,,"Die Baustelle ist zu folgenden Zeiträumen gültig: Jeden Montag, Dienstag und Mittwoch zwischen dem 22.06.26 und dem 24.06.26 von 11:00 bis 18:00 Uhr. 25.06.26 von 11:00 bis 18:00 Uhr 26.06.26 von 11:00 bis 14:00 Uhr  A8: Stuttgart -> München, zwischen 0.2 km hinter AS Sulzemoos und 0.2 km vor AD München-Eschenried  Länge: 12 km | Max. 80 km/h | Maximale Durchfahrtsbreite: 7.5 m  Aplus A8 West - KW 26 - Grasmahd Mittelstreifen",True,false,2+0_bidirectional,"2+0 configuration: 0 lane(s) in driving direction, 2 lane(s) for oncoming traffic, bidirectional traffic on one carriageway",3,2,1,True,True,"['SEPARATE', 'CLOSED', 'ARROW_UP', 'ARROW_UP', 'BORDER_RIGHT', 'BREAKDOWN_LANE']",,"['Die Baustelle ist zu folgenden Zeiträumen gültig:', 'Jeden Montag, Dienstag und Mittwoch zwischen dem 22.06.26 und dem 24.06.26 von 11:00 bis 18:00 Uhr.', '25.06.26 von 11:00 bis 18:00 Uhr', '26.06.26 von 11:00 bis 14:00 Uhr', '', 'A8: Stuttgart -> München, zwischen 0.2 km hinter AS Sulzemoos und 0.2 km vor AD München-Eschenried', '', 'Länge: 12 km | Max. 80 km/h | Maximale Durchfahrtsbreite: 7.5 m', '', 'Aplus A8 West - KW 26 - Grasmahd Mittelstreifen']",,,False,False
A8,2026-029618--vi-bs.2026-06-29_07-00-00-000.devi-zus.2026-06-29_07-00-00-000.de3,A8 | Sulzemoos - Adelzhauser Berg, München -> Stuttgart, München -> Stuttgart,SHORT_TERM_ROADWORKS,48.28876365422155,11.251987929909088,,,,,Adelzhauser Berg,Sulzemoos,,,,,,"Die Baustelle ist zu folgenden Zeiträumen gültig: 29.06.26 von 07:00 bis 12:00 Uhr  A8: München -> Stuttgart, zwischen 1.6 km hinter AS Sulzemoos und 5.7 km vor Adelzhauser Berg  Länge: 4 km | Maximale Durchfahrtsbreite: 7.5 m  Aplus A8 West - Bankettschälarbeiten - KW 27 - Sperre 1.Fs",True,false,2+0_bidirectional,"2+0 configuration: 0 lane(s) in driving direction, 2 lane(s) for oncoming traffic, bidirectional traffic on one carriageway",4,2,2,True,False,"['SEPARATE', 'ARROW_UP', 'ARROW_UP', 'CLOSED', 'BORDER_RIGHT', 'CLOSED']",,"['Die Baustelle ist zu folgenden Zeiträumen gültig:', '29.06.26 von 07:00 bis 12:00 Uhr', '', 'A8: München -> Stuttgart, zwischen 1.6 km hinter AS Sulzemoos und 5.7 km vor Adelzhauser Berg', '', 'Länge: 4 km | Maximale Durchfahrtsbreite: 7.5 m', '', 'Aplus A8 West - Bankettschälarbeiten - KW 27 - Sperre 1.Fs']",,,False,False
A8,2026-029618--vi-bs.2026-06-29_07-00-00-000.devi-zus.2026-06-29_07-00-00-000.de1,A8 | Sulzemoos - Fuchsberg, Stuttgart -> München, Stuttgart -> München,SHORT_TERM_ROADWORKS,48.27217777829659,11.28564390879498,,,,,Fuchsberg,Sulzemoos,,,,,,"Die Baustelle ist zu folgenden Zeiträumen gültig: 29.06.26 von 12:00 bis 17:00 Uhr  A8: Stuttgart -> München, zwischen 1.5 km hinter AS Sulzemoos und 0.1 km vor Fuchsberg  Länge: 1.8 km | Max. 80 km/h | Maximale Durchfahrtsbreite: 7.5 m  Aplus A8 West - Bankettschälarbeiten - KW 27 - Sperre 1.Fs",True,false,2+0_bidirectional,"2+0 configuration: 0 lane(s) in driving direction, 2 lane(s) for oncoming traffic, bidirectional traffic on one carriageway",4,2,2,True,False,"['SEPARATE', 'ARROW_UP', 'ARROW_UP', 'CLOSED', 'BORDER_RIGHT', 'CLOSED']",,"['Die Baustelle ist zu folgenden Zeiträumen gültig:', '29.06.26 von 12:00 bis 17:00 Uhr', '', 'A8: Stuttgart -> München, zwischen 1.5 km hinter AS Sulzemoos und 0.1 km vor Fuchsberg', '', 'Länge: 1.8 km | Max. 80 km/h | Maximale Durchfahrtsbreite: 7.5 m', '', 'Aplus A8 West - Bankettschälarbeiten - KW 27 - Sperre 1.Fs']",,,False,False
A8,2026-029840--vi-bs.2026-06-22_08-00-00-000.devi-zus.2026-06-22_08-00-00-000_003.de3,A8 | Sulzemoos - Fuchsberg, Stuttgart -> München, Stuttgart -> München,SHORT_TERM_ROADWORKS,48.26701672086424,11.291042222239893,,,,,Fuchsberg,Sulzemoos,,,,,,"Die Baustelle ist zu folgenden Zeiträumen gültig: 22.06.26 von 08:00 bis 17:00 Uhr  A8: Stuttgart -> München, zwischen 2.2 km hinter AS Sulzemoos und 0.2 km vor Fuchsberg  Länge: 1 km | Maximale Durchfahrtsbreite: 9 m  A8 Anpassung Hinweisbeschilderung für Ladesäulen",True,false,2+0_bidirectional,"2+0 configuration: 0 lane(s) in driving direction, 3 lane(s) for oncoming traffic, bidirectional traffic on one carriageway",4,3,1,True,False,"['SEPARATE', 'ARROW_UP', 'ARROW_UP', 'ARROW_UP', 'BORDER_RIGHT', 'CLOSED']",,"['Die Baustelle ist zu folgenden Zeiträumen gültig:', '22.06.26 von 08:00 bis 17:00 Uhr', '', 'A8: Stuttgart -> München, zwischen 2.2 km hinter AS Sulzemoos und 0.2 km vor Fuchsberg', '', 'Länge: 1 km | Maximale Durchfahrtsbreite: 9 m', '', 'A8 Anpassung Hinweisbeschilderung für Ladesäulen']",,,False,False
A8,2026-029840--vi-bs.2026-06-22_08-00-00-000.devi-zus.2026-06-22_08-00-00-000_003.de1,A8 | Dachau/Fürstenfeldbruck - Fuchsberg, München -> Stuttgart, München -> Stuttgart,SHORT_TERM_ROADWORKS,48.25093081833065,11.314023100632678,,,,,Fuchsberg,Dachau/Fürstenfeldbruck,,,,,,"Die Baustelle ist zu folgenden Zeiträumen gültig: 22.06.26 von 08:00 bis 17:00 Uhr  A8: München -> Stuttgart, zwischen 3.2 km hinter AS Dachau/Fürstenfeldbruck und 0.3 km vor Fuchsberg  Länge: 1 km | Maximale Durchfahrtsbreite: 9 m  A8 Anpassung Hinweisbeschilderung für Ladesäulen",True,false,2+0_bidirectional,"2+0 configuration: 0 lane(s) in driving direction, 3 lane(s) for oncoming traffic, bidirectional traffic on one carriageway",4,3,1,True,False,"['SEPARATE', 'ARROW_UP', 'ARROW_UP', 'ARROW_UP', 'BORDER_RIGHT', 'CLOSED']",,"['Die Baustelle ist zu folgenden Zeiträumen gültig:', '22.06.26 von 08:00 bis 17:00 Uhr', '', 'A8: München -> Stuttgart, zwischen 3.2 km hinter AS Dachau/Fürstenfeldbruck und 0.3 km vor Fuchsberg', '', 'Länge: 1 km | Maximale Durchfahrtsbreite: 9 m', '', 'A8 Anpassung Hinweisbeschilderung für Ladesäulen']",,,False,False
A8,2026-031133--vi-bs.2026-06-22_07-00-00-000.devi-zus.2026-06-22_07-00-00-000_002.de3,A8 | München-Eschenried - Odelzhausen, München -> Stuttgart, München -> Stuttgart,SHORT_TERM_ROADWORKS,48.20806665200738,11.391579765443563,,,,,Odelzhausen,München-Eschenried,,,,,,"Die Baustelle ist zu folgenden Zeiträumen gültig: Jeden Montag, Dienstag und Mittwoch zwischen dem 22.06.26 und dem 24.06.26 von 07:00 bis 13:00 Uhr. 25.06.26 von 07:00 bis 13:00 Uhr 26.06.26 von 07:00 bis 13:00 Uhr  A8: München -> Stuttgart, zwischen 0.2 km hinter AD München-Eschenried und 5.3 km vor AS Odelzhausen  Länge: 12.5 km | Max. 80 km/h | Maximale Durchfahrtsbreite: 7.5 m  Aplus A8 West - KW 26 - Grasmahd Mittelstreifen",True,false,2+0_bidirectional,"2+0 configuration: 0 lane(s) in driving direction, 2 lane(s) for oncoming traffic, bidirectional traffic on one carriageway",3,2,1,True,True,"['SEPARATE', 'CLOSED', 'ARROW_UP', 'ARROW_UP', 'BORDER_RIGHT', 'BREAKDOWN_LANE']",,"['Die Baustelle ist zu folgenden Zeiträumen gültig:', 'Jeden Montag, Dienstag und Mittwoch zwischen dem 22.06.26 und dem 24.06.26 von 07:00 bis 13:00 Uhr.', '25.06.26 von 07:00 bis 13:00 Uhr', '26.06.26 von 07:00 bis 13:00 Uhr', '', 'A8: München -> Stuttgart, zwischen 0.2 km hinter AD München-Eschenried und 5.3 km vor AS Odelzhausen', '', 'Länge: 12.5 km | Max. 80 km/h | Maximale Durchfahrtsbreite: 7.5 m', '', 'Aplus A8 West - KW 26 - Grasmahd Mittelstreifen']",,,False,False
A8,2026-031129--vi-bs.2026-06-22_07-00-00-000.devi-zus.2026-06-22_07-00-00-000_003.de1,A8 | München-Langwied - Neusäß, München -> Stuttgart, München -> Stuttgart,SHORT_TERM_ROADWORKS,48.206277266987954,11.394531984608637,,,,,Neusäß,München-Langwied,,,,,,"Die Baustelle ist zu folgenden Zeiträumen gültig: Jeden Montag, Dienstag, Mittwoch und Donnerstag zwischen dem 22.06.26 und dem 25.06.26 von 07:00 bis 16:00 Uhr. 26.06.26 von 07:00 bis 13:00 Uhr  A8: München -> Stuttgart, zwischen 1.6 km hinter AS München-Langwied und 1.9 km vor AS Neusäß  Länge: 47.73 km | Maximale Durchfahrtsbreite: 11 m  Aplus A8 West - KW 26 - Allgemeine Befahrung Standspur zur Abnahme und Schadensaufnahme - Sperre Sst.",True,false,2+0_bidirectional,"2+0 configuration: 0 lane(s) in driving direction, 3 lane(s) for oncoming traffic, bidirectional traffic on one carriageway",4,3,1,True,False,"['SEPARATE', 'ARROW_UP', 'ARROW_UP', 'ARROW_UP', 'BORDER_RIGHT', 'CLOSED']",,"['Die Baustelle ist zu folgenden Zeiträumen gültig:', 'Jeden Montag, Dienstag, Mittwoch und Donnerstag zwischen dem 22.06.26 und dem 25.06.26 von 07:00 bis 16:00 Uhr.', '26.06.26 von 07:00 bis 13:00 Uhr', '', 'A8: München -> Stuttgart, zwischen 1.6 km hinter AS München-Langwied und 1.9 km vor AS Neusäß', '', 'Länge: 47.73 km | Maximale Durchfahrtsbreite: 11 m', '', 'Aplus A8 West - KW 26 - Allgemeine Befahrung Standspur zur Abnahme und Schadensaufnahme - Sperre Sst.']",,,False,False
A8,2025-041538--vi-bs.2025-08-27_00-00-00-000_003.de0,A8 | Eulenauer Filz - Im Moos, München -> Salzburg,München → Salzburg,ROADWORKS,47.821654019785484,11.977113970798099,,,,,Im Moos,Eulenauer Filz,,,,2025-08-27T00:00:00+02:00,2027-07-03T00:00:00+02:00,"Zeitraum dieser Bauphase: Beginn: 27.08.25 um 00:00 Uhr Ende: 03.07.27 um 00:00 Uhr (Ende der Gesamtmaßnahme: 03.07.27)  A8: München -> Salzburg, zwischen Eulenauer Filz und 1.4 km vor Im Moos  Länge: konnte nicht ermittelt werden | Maximale Durchfahrtsbreite: 11 m  A8 Parkplatz Eulenauer Filz",False,false,2+0_bidirectional,"2+0 configuration: 0 lane(s) in driving direction, 3 lane(s) for oncoming traffic, bidirectional traffic on one carriageway",3,3,0,True,True,"['SEPARATE', 'ARROW_UP', 'ARROW_UP', 'ARROW_UP', 'BREAKDOWN_LANE']",A8_Ost,"['Zeitraum dieser Bauphase:', 'Beginn: 27.08.25 um 00:00 Uhr', 'Ende: 03.07.27 um 00:00 Uhr', '(Ende der Gesamtmaßnahme: 03.07.27)', '', 'A8: München -> Salzburg, zwischen Eulenauer Filz und 1.4 km vor Im Moos', '', 'Länge: konnte nicht ermittelt werden | Maximale Durchfahrtsbreite: 11 m', '', 'A8 Parkplatz Eulenauer Filz']",2025-08-26 22:00:00+00:00,2027-07-02 22:00:00+00:00,True,False
A8,2025-041540--vi-bs.2025-08-27_00-00-00-000_004.de0,A8 | Im Moos - Eulenauer Filz, Salzburg -> München,München → Salzburg,ROADWORKS,47.82151750466502,12.000078373367964,,,,,Eulenauer Filz,Im Moos,,,,2025-08-27T00:00:00+02:00,2027-07-03T00:00:00+02:00,"Zeitraum dieser Bauphase: Beginn: 27.08.25 um 00:00 Uhr Ende: 03.07.27 um 00:00 Uhr (Ende der Gesamtmaßnahme: 03.07.27)  A8: Salzburg -> München, zwischen Im Moos und 1.4 km vor Eulenauer Filz  Länge: konnte nicht ermittelt werden | Maximale Durchfahrtsbreite: 11 m  A8 Parkplatz Im Moos",False,false,2+0_bidirectional,"2+0 configuration: 0 lane(s) in driving direction, 3 lane(s) for oncoming traffic, bidirectional traffic on one carriageway",3,3,0,True,True,"['SEPARATE', 'ARROW_UP', 'ARROW_UP', 'ARROW_UP', 'BREAKDOWN_LANE']",A8_Ost,"['Zeitraum dieser Bauphase:', 'Beginn: 27.08.25 um 00:00 Uhr', 'Ende: 03.07.27 um 00:00 Uhr', '(Ende der Gesamtmaßnahme: 03.07.27)', '', 'A8: Salzburg -> München, zwischen Im Moos und 1.4 km vor Eulenauer Filz', '', 'Länge: konnte nicht ermittelt werden | Maximale Durchfahrtsbreite: 11 m', '', 'A8 Parkplatz Im Moos']",2025-08-26 22:00:00+00:00,2027-07-02 22:00:00+00:00,True,False
A8,2025-056130--vi-bs.2026-07-01_08-00-00-000.devi-zus.2026-09-21_00-00-00-000.de9,A8 | Rosenheim - Rohrdorf, München -> Salzburg,München → Salzburg,ROADWORKS,47.80639829309898,12.133330370089304,,,,,Rohrdorf,Rosenheim,,,,2026-07-01T08:00:00+02:00,2026-07-17T06:00:00+02:00,"Zeitraum dieser Bauphase: Beginn: 01.07.26 um 08:00 Uhr Ende: 17.07.26 um 06:00 Uhr (Ende der Gesamtmaßnahme: 01.11.26)  A8: München -> Salzburg, zwischen 1.0 km hinter AS Rosenheim und AS Rohrdorf  Länge: 2.25 km | Maximale Durchfahrtsbreite: 3.75 m  A8 Ost Ersatzneubau BW 95 über Rohrdorfer Ache",True,false,2+0_bidirectional,"2+0 configuration: 1 lane(s) in driving direction, 1 lane(s) for oncoming traffic, bidirectional traffic on one carriageway",4,2,2,True,True,"['BREAKDOWN_LANE', 'BORDER_LEFT', 'ARROW_DOWN', 'CLOSED', 'SEPARATE', 'CLOSED', 'ARROW_UP', 'BORDER_RIGHT', 'BREAKDOWN_LANE']",A8_Ost,"['Zeitraum dieser Bauphase:', 'Beginn: 01.07.26 um 08:00 Uhr', 'Ende: 17.07.26 um 06:00 Uhr', '(Ende der Gesamtmaßnahme: 01.11.26)', '', 'A8: München -> Salzburg, zwischen 1.0 km hinter AS Rosenheim und AS Rohrdorf', '', 'Länge: 2.25 km | Maximale Durchfahrtsbreite: 3.75 m', '', 'A8 Ost Ersatzneubau BW 95 über Rohrdorfer Ache']",2026-07-01 06:00:00+00:00,2026-07-17 04:00:00+00:00,True,False
A8,2025-056130--vi-bs.2026-07-01_08-00-00-000.devi-zus.2026-09-21_00-00-00-000.de11,A8 | Rohrdorf - Rosenheim, Salzburg -> München,München → Salzburg,ROADWORKS,47.80369294809058,12.163081188961122,,,,,Rosenheim,Rohrdorf,,,,2026-07-01T08:00:00+02:00,2026-07-17T06:00:00+02:00,"Zeitraum dieser Bauphase: Beginn: 01.07.26 um 08:00 Uhr Ende: 17.07.26 um 06:00 Uhr (Ende der Gesamtmaßnahme: 01.11.26)  A8: Salzburg -> München, zwischen AS Rohrdorf und 1.0 km vor AS Rosenheim  Länge: 2.25 km | Maximale Durchfahrtsbreite: 3.75 m  A8 Ost Ersatzneubau BW 95 über Rohrdorfer Ache",True,false,2+0_bidirectional,"2+0 configuration: 1 lane(s) in driving direction, 1 lane(s) for oncoming traffic, bidirectional traffic on one carriageway",4,2,2,True,True,"['BREAKDOWN_LANE', 'BORDER_LEFT', 'ARROW_DOWN', 'CLOSED', 'SEPARATE', 'CLOSED', 'ARROW_UP', 'BORDER_RIGHT', 'BREAKDOWN_LANE']",A8_Ost,"['Zeitraum dieser Bauphase:', 'Beginn: 01.07.26 um 08:00 Uhr', 'Ende: 17.07.26 um 06:00 Uhr', '(Ende der Gesamtmaßnahme: 01.11.26)', '', 'A8: Salzburg -> München, zwischen AS Rohrdorf und 1.0 km vor AS Rosenheim', '', 'Länge: 2.25 km | Maximale Durchfahrtsbreite: 3.75 m', '', 'A8 Ost Ersatzneubau BW 95 über Rohrdorfer Ache']",2026-07-01 06:00:00+00:00,2026-07-17 04:00:00+00:00,True,False
A8,2024-046866--vi-bs.2026-05-09_06-00-00-000.devi-zus.2025-05-26_06-00-00-000.f.de17,A8 | Prien - Bernau am Chiemsee, München -> Salzburg,München → Salzburg,ROADWORKS,47.80272281074104,12.304875105603388,,,,,Bernau am Chiemsee,Prien,,,,2026-05-09T06:00:00+02:00,2026-07-13T06:00:00+02:00,"Zeitraum dieser Bauphase: Beginn: 09.05.26 um 06:00 Uhr Ende: 13.07.26 um 06:00 Uhr (Ende der Gesamtmaßnahme: 06.11.26)  A8: München -> Salzburg, zwischen 0.3 km hinter Prien und 2.7 km vor AS Bernau am Chiemsee  Länge: 2 km | Max. 80 km/h | Maximale Durchfahrtsbreite: 7.2 m  A8 Ost Ersatzneubau BW 119",False,false,2+0_bidirectional,"2+0 configuration: 2 lane(s) in driving direction, 2 lane(s) for oncoming traffic, bidirectional traffic on one carriageway",4,4,0,True,True,"['BREAKDOWN_LANE', 'BORDER_LEFT', 'ARROW_DOWN', 'ARROW_DOWN', 'SEPARATE', 'ARROW_UP', 'ARROW_UP', 'BORDER_RIGHT', 'BREAKDOWN_LANE']",A8_Ost,"['Zeitraum dieser Bauphase:', 'Beginn: 09.05.26 um 06:00 Uhr', 'Ende: 13.07.26 um 06:00 Uhr', '(Ende der Gesamtmaßnahme: 06.11.26)', '', 'A8: München -> Salzburg, zwischen 0.3 km hinter Prien und 2.7 km vor AS Bernau am Chiemsee', '', 'Länge: 2 km | Max. 80 km/h | Maximale Durchfahrtsbreite: 7.2 m', '', 'A8 Ost Ersatzneubau BW 119']",2026-05-09 04:00:00+00:00,2026-07-13 04:00:00+00:00,True,False
A8,2024-046866--vi-bs.2026-05-09_06-00-00-000.devi-zus.2025-05-26_06-00-00-000.f.de19,A8 | Bernau am Chiemsee - Prien, Salzburg -> München,München → Salzburg,ROADWORKS,47.80591740260442,12.330508977013254,,,,,Prien,Bernau am Chiemsee,,,,2026-05-09T06:00:00+02:00,2026-07-13T06:00:00+02:00,"Zeitraum dieser Bauphase: Beginn: 09.05.26 um 06:00 Uhr Ende: 13.07.26 um 06:00 Uhr (Ende der Gesamtmaßnahme: 06.11.26)  A8: Salzburg -> München, zwischen 2.7 km hinter AS Bernau am Chiemsee und 0.3 km vor Prien  Länge: 2 km | Max. 80 km/h | Maximale Durchfahrtsbreite: 7.3 m  A8 Ost Ersatzneubau BW 119",False,false,2+0_bidirectional,"2+0 configuration: 2 lane(s) in driving direction, 2 lane(s) for oncoming traffic, bidirectional traffic on one carriageway",4,4,0,True,True,"['BREAKDOWN_LANE', 'BORDER_LEFT', 'ARROW_DOWN', 'ARROW_DOWN', 'SEPARATE', 'ARROW_UP', 'ARROW_UP', 'BORDER_RIGHT', 'BREAKDOWN_LANE']",A8_Ost,"['Zeitraum dieser Bauphase:', 'Beginn: 09.05.26 um 06:00 Uhr', 'Ende: 13.07.26 um 06:00 Uhr', '(Ende der Gesamtmaßnahme: 06.11.26)', '', 'A8: Salzburg -> München, zwischen 2.7 km hinter AS Bernau am Chiemsee und 0.3 km vor Prien', '', 'Länge: 2 km | Max. 80 km/h | Maximale Durchfahrtsbreite: 7.3 m', '', 'A8 Ost Ersatzneubau BW 119']",2026-05-09 04:00:00+00:00,2026-07-13 04:00:00+00:00,True,False
A8,2023-000999--vi-bs.2026-03-21_05-00-00-000.devi-zus.2025-04-28_00-00-00-000_002.de23,A8 | Übersee - Grabenstätt, München -> Salzburg,München → Salzburg,ROADWORKS,47.83494410760432,12.501317186912562,,,,,Grabenstätt,Übersee,,,,2026-03-21T05:00:00+01:00,2026-10-30T20:00:00+02:00,"Zeitraum dieser Bauphase: Beginn: 21.03.26 um 05:00 Uhr Ende: 30.10.26 um 20:00 Uhr (Ende der Gesamtmaßnahme: 30.10.26)  A8: München -> Salzburg, zwischen 0.9 km hinter AS Übersee und 0.1 km vor AS Grabenstätt  Länge: 1.6 km | Maximale Durchfahrtsbreite: 6.25 m  A8 Ost BW 148 Tiroler Ache",False,false,2+0_bidirectional,"2+0 configuration: 2 lane(s) in driving direction, 2 lane(s) for oncoming traffic, bidirectional traffic on one carriageway",6,4,2,True,False,"['ARROW_DOWN', 'BORDER_LEFT', 'ARROW_DOWN', 'CLOSED', 'SEPARATE', 'CLOSED', 'ARROW_UP', 'BORDER_RIGHT', 'ARROW_UP']",A8_Ost,"['Zeitraum dieser Bauphase:', 'Beginn: 21.03.26 um 05:00 Uhr', 'Ende: 30.10.26 um 20:00 Uhr', '(Ende der Gesamtmaßnahme: 30.10.26)', '', 'A8: München -> Salzburg, zwischen 0.9 km hinter AS Übersee und 0.1 km vor AS Grabenstätt', '', 'Länge: 1.6 km | Maximale Durchfahrtsbreite: 6.25 m', '', 'A8 Ost BW 148 Tiroler Ache']",2026-03-21 04:00:00+00:00,2026-10-30 18:00:00+00:00,True,False
A8,2023-000999--vi-bs.2026-03-21_05-00-00-000.devi-zus.2025-04-28_00-00-00-000_002.de25,A8 | Grabenstätt - Übersee, Salzburg -> München,München → Salzburg,ROADWORKS,47.83043773444799,12.521590213670516,,,,,Übersee,Grabenstätt,,,,2026-03-21T05:00:00+01:00,2026-10-30T20:00:00+02:00,"Zeitraum dieser Bauphase: Beginn: 21.03.26 um 05:00 Uhr Ende: 30.10.26 um 20:00 Uhr (Ende der Gesamtmaßnahme: 30.10.26)  A8: Salzburg -> München, zwischen 0.1 km hinter AS Grabenstätt und 0.9 km vor AS Übersee  Länge: 1.6 km | Maximale Durchfahrtsbreite: 6.25 m  A8 Ost BW 148 Tiroler Ache",False,false,2+0_bidirectional,"2+0 configuration: 2 lane(s) in driving direction, 2 lane(s) for oncoming traffic, bidirectional traffic on one carriageway",6,4,2,True,False,"['ARROW_DOWN', 'BORDER_LEFT', 'ARROW_DOWN', 'CLOSED', 'SEPARATE', 'CLOSED', 'ARROW_UP', 'BORDER_RIGHT', 'ARROW_UP']",A8_Ost,"['Zeitraum dieser Bauphase:', 'Beginn: 21.03.26 um 05:00 Uhr', 'Ende: 30.10.26 um 20:00 Uhr', '(Ende der Gesamtmaßnahme: 30.10.26)', '', 'A8: Salzburg -> München, zwischen 0.1 km hinter AS Grabenstätt und 0.9 km vor AS Übersee', '', 'Länge: 1.6 km | Maximale Durchfahrtsbreite: 6.25 m', '', 'A8 Ost BW 148 Tiroler Ache']",2026-03-21 04:00:00+00:00,2026-10-30 18:00:00+00:00,True,False
A8,2024-046722--vi-bs.2026-06-08_06-00-00-000.devi-zus.2025-09-15_06-00-00-000.f.de1,A8 | Bad Reichenhall - Schwarzbach, München -> Salzburg,München → Salzburg,ROADWORKS,47.76601016722025,12.90772483941626,,,,,Schwarzbach,Bad Reichenhall,,,,2026-06-08T06:00:00+02:00,2026-08-28T20:00:00+02:00,"Zeitraum dieser Bauphase: Beginn: 08.06.26 um 06:00 Uhr Ende: 28.08.26 um 20:00 Uhr (Ende der Gesamtmaßnahme: 28.08.26)  A8: München -> Salzburg, zwischen 0.2 km hinter AS Bad Reichenhall und 2.3 km vor Schwarzbach  Länge: 0.2 km | Max. 80 km/h | Maximale Durchfahrtsbreite: 5.85 m  A8 Ost Sickerschacht bei Piding",False,false,2+0_bidirectional,"2+0 configuration: 0 lane(s) in driving direction, 2 lane(s) for oncoming traffic, bidirectional traffic on one carriageway",2,2,0,True,True,"['SEPARATE', 'ARROW_UP', 'ARROW_UP', 'BORDER_RIGHT', 'BREAKDOWN_LANE']",A8_Ost,"['Zeitraum dieser Bauphase:', 'Beginn: 08.06.26 um 06:00 Uhr', 'Ende: 28.08.26 um 20:00 Uhr', '(Ende der Gesamtmaßnahme: 28.08.26)', '', 'A8: München -> Salzburg, zwischen 0.2 km hinter AS Bad Reichenhall und 2.3 km vor Schwarzbach', '', 'Länge: 0.2 km | Max. 80 km/h | Maximale Durchfahrtsbreite: 5.85 m', '', 'A8 Ost Sickerschacht bei Piding']",2026-06-08 04:00:00+00:00,2026-08-28 18:00:00+00:00,True,False
A8,2025-037105--vi-bs.2026-06-09_20-00-00-000.devi-zus.2025-07-31_00-00-00-000_002.de5,Aplus A8 West - KW 31 - Aufbau Verkehrszeichen AS A.-West Stg. - U2024_254, AS Augsburg-West (aus Richtung Augsburg), AS Augsburg-West (aus Richtung Augsburg),ROADWORKS,48.414661578486516,10.877071235533558,,,,,,,,,,2026-06-09T20:00:00+02:00,2026-09-01T00:00:00+02:00,Zeitraum dieser Bauphase: Beginn: 09.06.26 um 20:00 Uhr Ende: 01.09.26 um 00:00 Uhr (Ende der Gesamtmaßnahme: 01.09.26)  Abfahrt von der A8: AS Augsburg-West (aus Richtung Augsburg)  Länge: 0.01 km | Maximale Durchfahrtsbreite: 6 m  Aplus A8 West - KW 31 - Aufbau Verkehrszeichen AS A.-West Stg. - U2024_254,False,false,2+0_bidirectional,"2+0 configuration: 0 lane(s) in driving direction, 2 lane(s) for oncoming traffic, bidirectional traffic on one carriageway",2,2,0,True,True,"['SEPARATE', 'ARROW_UP', 'ARROW_UP', 'BORDER_RIGHT', 'BREAKDOWN_LANE']",,"['Zeitraum dieser Bauphase:', 'Beginn: 09.06.26 um 20:00 Uhr', 'Ende: 01.09.26 um 00:00 Uhr', '(Ende der Gesamtmaßnahme: 01.09.26)', '', 'Abfahrt von der A8: AS Augsburg-West (aus Richtung Augsburg)', '', 'Länge: 0.01 km | Maximale Durchfahrtsbreite: 6 m', '', 'Aplus A8 West - KW 31 - Aufbau Verkehrszeichen AS A.-West Stg. - U2024_254']",2026-06-09 18:00:00+00:00,2026-08-31 22:00:00+00:00,False,False
A8,2026-009136--vi-fbm.2026-06-08_00-00-00-000.devi-zus.2026-05-26_00-00-00-000.de3,"A8 AS Walshausen Sperrung der Auf- und Abfahrt, FR LUX, wg. Sanierung L477", AS Walshausen (aus Richtung Walshausen), AS Walshausen (aus Richtung Walshausen),ROADWORKS,49.21987112567405,7.467633945751556,,,,,,,,,,2026-06-08T00:00:00+02:00,2026-06-27T00:00:00+02:00,"Zeitraum dieser Bauphase: Beginn: 08.06.26 um 00:00 Uhr Ende: 27.06.26 um 00:00 Uhr (Ende der Gesamtmaßnahme: 27.06.26)  Auffahrt auf die A8: AS Walshausen (aus Richtung Walshausen)  Länge: 0.09 km | Maximale Durchfahrtsbreite: 6.5 m  A8 AS Walshausen Sperrung der Auf- und Abfahrt, FR LUX, wg. Sanierung L477",False,false,2+0_bidirectional,"2+0 configuration: 0 lane(s) in driving direction, 2 lane(s) for oncoming traffic, bidirectional traffic on one carriageway",3,2,1,True,False,"['SEPARATE', 'ARROW_UP', 'ARROW_UP', 'CLOSED']",,"['Zeitraum dieser Bauphase:', 'Beginn: 08.06.26 um 00:00 Uhr', 'Ende: 27.06.26 um 00:00 Uhr', '(Ende der Gesamtmaßnahme: 27.06.26)', '', 'Auffahrt auf die A8: AS Walshausen (aus Richtung Walshausen)', '', 'Länge: 0.09 km | Maximale Durchfahrtsbreite: 6.5 m', '', 'A8 AS Walshausen Sperrung der Auf- und Abfahrt, FR LUX, wg. Sanierung L477']",2026-06-07 22:00:00+00:00,2026-06-26 22:00:00+00:00,False,False
A8,2026-009136--vi-fbm.2026-06-08_00-00-00-000.devi-zus.2026-05-26_00-00-00-000.de1,"A8 AS Walshausen Sperrung der Auf- und Abfahrt, FR LUX, wg. Sanierung L477", Karlsruhe -> Neunkirchen, Karlsruhe -> Neunkirchen,ROADWORKS,49.2196918694712,7.470114485856422,,,,,,,,,,2026-06-08T00:00:00+02:00,2026-06-27T00:00:00+02:00,"Zeitraum dieser Bauphase: Beginn: 08.06.26 um 00:00 Uhr Ende: 27.06.26 um 00:00 Uhr (Ende der Gesamtmaßnahme: 27.06.26)  Von A8: Karlsruhe -> Neunkirchen, zwischen 2.1 km hinter Walshausen und AS Contwig nach Abfahrt von der A8: AS Walshausen (aus Richtung Walshausen)  Länge: 0.17 km | Maximale Durchfahrtsbreite: 6.5 m  A8 AS Walshausen Sperrung der Auf- und Abfahrt, FR LUX, wg. Sanierung L477",False,false,2+0_bidirectional,"2+0 configuration: 0 lane(s) in driving direction, 2 lane(s) for oncoming traffic, bidirectional traffic on one carriageway",3,2,1,True,False,"['SEPARATE', 'ARROW_UP', 'ARROW_UP', 'CLOSED']",,"['Zeitraum dieser Bauphase:', 'Beginn: 08.06.26 um 00:00 Uhr', 'Ende: 27.06.26 um 00:00 Uhr', '(Ende der Gesamtmaßnahme: 27.06.26)', '', 'Von A8: Karlsruhe -> Neunkirchen, zwischen 2.1 km hinter Walshausen und AS Contwig nach Abfahrt von der A8: AS Walshausen (aus Richtung Walshausen)', '', 'Länge: 0.17 km | Maximale Durchfahrtsbreite: 6.5 m', '', 'A8 AS Walshausen Sperrung der Auf- und Abfahrt, FR LUX, wg. Sanierung L477']",2026-06-07 22:00:00+00:00,2026-06-26 22:00:00+00:00,False,False
A8,2025-048807--vi-bs.2026-06-08_00-00-00-000.devi-bs.2026-05-01_00-00-00-000.de1,Aplus A8 West - Sanierung Unfallschaden Kragarm GVZ AK A.-West Stg., München -> Stuttgart, München -> Stuttgart,ROADWORKS,48.41446807096893,10.881544320924553,,,,,,,,,,2026-06-08T00:00:00+02:00,2026-08-01T00:00:00+02:00,"Zeitraum dieser Bauphase: Beginn: 08.06.26 um 00:00 Uhr Ende: 01.08.26 um 00:00 Uhr (Ende der Gesamtmaßnahme: 01.08.26)  Von A8: München -> Stuttgart, zwischen 2.5 km hinter Augsburg und AS Augsburg-West nach Abfahrt von der A8: AS Augsburg-West (aus Richtung Augsburg)  Länge: 0.4 km | Maximale Durchfahrtsbreite: 3.25 m  Aplus A8 West - Sanierung Unfallschaden Kragarm GVZ AK A.-West Stg.",False,false,2+0_bidirectional,"2+0 configuration: 0 lane(s) in driving direction, 2 lane(s) for oncoming traffic, bidirectional traffic on one carriageway",2,2,0,True,False,"['SEPARATE', 'ARROW_UP', 'ARROW_UP']",,"['Zeitraum dieser Bauphase:', 'Beginn: 08.06.26 um 00:00 Uhr', 'Ende: 01.08.26 um 00:00 Uhr', '(Ende der Gesamtmaßnahme: 01.08.26)', '', 'Von A8: München -> Stuttgart, zwischen 2.5 km hinter Augsburg und AS Augsburg-West nach Abfahrt von der A8: AS Augsburg-West (aus Richtung Augsburg)', '', 'Länge: 0.4 km | Maximale Durchfahrtsbreite: 3.25 m', '', 'Aplus A8 West - Sanierung Unfallschaden Kragarm GVZ AK A.-West Stg.']",2026-06-07 22:00:00+00:00,2026-07-31 22:00:00+00:00,False,False
A8,2026-028618--vi-fbm.2026-06-15_00-00-00-000.de0,A8 Änderung Verkehrsführung KVP L127 Merchweiler, AS Merchweiler (aus Richtung Saarbrücken), AS Merchweiler (aus Richtung Saarbrücken),ROADWORKS,49.340574379368256,7.049323690222887,,,,,,,,,,2026-06-15T00:00:00+02:00,2027-07-01T00:00:00+02:00,Zeitraum dieser Bauphase: Beginn: 15.06.26 um 00:00 Uhr Ende: 01.07.27 um 00:00 Uhr (Ende der Gesamtmaßnahme: 01.07.27)  Abfahrt von der A8: AS Merchweiler (aus Richtung Saarbrücken)  Länge: 0.02 km | Maximale Durchfahrtsbreite: 3.25 m  A8 Änderung Verkehrsführung KVP L127 Merchweiler,False,false,2+0_bidirectional,"2+0 configuration: 0 lane(s) in driving direction, 1 lane(s) for oncoming traffic, bidirectional traffic on one carriageway",1,1,0,True,True,"['SEPARATE', 'ARROW_UP', 'BORDER_RIGHT', 'BREAKDOWN_LANE']",,"['Zeitraum dieser Bauphase:', 'Beginn: 15.06.26 um 00:00 Uhr', 'Ende: 01.07.27 um 00:00 Uhr', '(Ende der Gesamtmaßnahme: 01.07.27)', '', 'Abfahrt von der A8: AS Merchweiler (aus Richtung Saarbrücken)', '', 'Länge: 0.02 km | Maximale Durchfahrtsbreite: 3.25 m', '', 'A8 Änderung Verkehrsführung KVP L127 Merchweiler']",2026-06-14 22:00:00+00:00,2027-06-30 22:00:00+00:00,False,False
A8,2026-025009--vi-bs.2026-05-28_07-00-00-000.devi-zus.2026-05-20_00-00-00-000.de3,A8 Zuwegung Bodenlager,,unknown,ROADWORKS,48.66982161164826,9.35336376770529,,,,,,,,,,2026-05-28T07:00:00+02:00,2026-07-31T15:00:00+02:00,Zeitraum dieser Bauphase: Beginn: 28.05.26 um 07:00 Uhr Ende: 31.07.26 um 15:00 Uhr (Ende der Gesamtmaßnahme: 31.07.26)  Abfahrt von der B313  Länge: 0.15 km | Max. 60 km/h | Maximale Durchfahrtsbreite: 4.5 m  A8 Zuwegung Bodenlager,False,false,2+0_bidirectional,"2+0 configuration: 0 lane(s) in driving direction, 1 lane(s) for oncoming traffic, bidirectional traffic on one carriageway",1,1,0,True,False,"['SEPARATE', 'ARROW_UP']",,"['Zeitraum dieser Bauphase:', 'Beginn: 28.05.26 um 07:00 Uhr', 'Ende: 31.07.26 um 15:00 Uhr', '(Ende der Gesamtmaßnahme: 31.07.26)', '', 'Abfahrt von der B313', '', 'Länge: 0.15 km | Max. 60 km/h | Maximale Durchfahrtsbreite: 4.5 m', '', 'A8 Zuwegung Bodenlager']",2026-05-28 05:00:00+00:00,2026-07-31 13:00:00+00:00,False,False
A8,2025-063400--vi-bs.2026-01-16_05-00-00-000.devi-zus.2021-09-27_00-00-00-000_003.de63,A8 Neubau Enztalquerung bei Pforzheim-Ost , AS Pforzheim-Nord (aus Richtung Am Waisenrain), AS Pforzheim-Nord (aus Richtung Am Waisenrain),ROADWORKS,48.91672126089907,8.720450355387538,,,,,,,,,,2026-01-16T05:00:00+01:00,2027-07-01T00:00:00+02:00,Zeitraum dieser Bauphase: Beginn: 16.01.26 um 05:00 Uhr Ende: 01.07.27 um 00:00 Uhr (Ende der Gesamtmaßnahme: 01.01.28)  Auffahrt auf die A8: AS Pforzheim-Nord (aus Richtung Am Waisenrain)  Länge: 0.06 km | Maximale Durchfahrtsbreite: 4.5 m  A8 Neubau Enztalquerung bei Pforzheim-Ost ,False,false,2+0_bidirectional,"2+0 configuration: 0 lane(s) in driving direction, 1 lane(s) for oncoming traffic, bidirectional traffic on one carriageway",1,1,0,True,False,"['SEPARATE', 'ARROW_UP']",,"['Zeitraum dieser Bauphase:', 'Beginn: 16.01.26 um 05:00 Uhr', 'Ende: 01.07.27 um 00:00 Uhr', '(Ende der Gesamtmaßnahme: 01.01.28)', '', 'Auffahrt auf die A8: AS Pforzheim-Nord (aus Richtung Am Waisenrain)', '', 'Länge: 0.06 km | Maximale Durchfahrtsbreite: 4.5 m', '', 'A8 Neubau Enztalquerung bei Pforzheim-Ost ']",2026-01-16 04:00:00+00:00,2027-06-30 22:00:00+00:00,False,False
A8,2025-063400--vi-bs.2026-01-16_05-00-00-000.devi-zus.2021-09-27_00-00-00-000_003.de61,A8 Neubau Enztalquerung bei Pforzheim-Ost , Karlsruhe -> Stuttgart, Karlsruhe -> Stuttgart,ROADWORKS,48.91657087035611,8.718789466967145,,,,,,,,,,2026-01-16T05:00:00+01:00,2027-07-01T00:00:00+02:00,"Zeitraum dieser Bauphase: Beginn: 16.01.26 um 05:00 Uhr Ende: 01.07.27 um 00:00 Uhr (Ende der Gesamtmaßnahme: 01.01.28)  Von A8: Karlsruhe -> Stuttgart, zwischen 0.1 km hinter AS Pforzheim-Nord und AS Pforzheim-Ost nach Abfahrt von der A8: AS Pforzheim-Nord (aus Richtung Am Waisenrain)  Länge: 0.12 km | Maximale Durchfahrtsbreite: 4.5 m  A8 Neubau Enztalquerung bei Pforzheim-Ost ",False,false,2+0_bidirectional,"2+0 configuration: 0 lane(s) in driving direction, 1 lane(s) for oncoming traffic, bidirectional traffic on one carriageway",1,1,0,True,False,"['SEPARATE', 'ARROW_UP']",,"['Zeitraum dieser Bauphase:', 'Beginn: 16.01.26 um 05:00 Uhr', 'Ende: 01.07.27 um 00:00 Uhr', '(Ende der Gesamtmaßnahme: 01.01.28)', '', 'Von A8: Karlsruhe -> Stuttgart, zwischen 0.1 km hinter AS Pforzheim-Nord und AS Pforzheim-Ost nach Abfahrt von der A8: AS Pforzheim-Nord (aus Richtung Am Waisenrain)', '', 'Länge: 0.12 km | Maximale Durchfahrtsbreite: 4.5 m', '', 'A8 Neubau Enztalquerung bei Pforzheim-Ost ']",2026-01-16 04:00:00+00:00,2027-06-30 22:00:00+00:00,False,False
A8,2025-063400--vi-bs.2026-01-16_05-00-00-000.devi-zus.2021-09-27_00-00-00-000_003.de57,A8 Neubau Enztalquerung bei Pforzheim-Ost , AS Pforzheim-Ost (aus Richtung Pforzheim-Nord) nach A8, AS Pforzheim-Ost (aus Richtung Pforzheim-Nord) nach A8,ROADWORKS,48.9133844736451,8.76439195792071,,,,,,,,,,2026-01-16T05:00:00+01:00,2027-07-01T00:00:00+02:00,"Zeitraum dieser Bauphase: Beginn: 16.01.26 um 05:00 Uhr Ende: 01.07.27 um 00:00 Uhr (Ende der Gesamtmaßnahme: 01.01.28)  Von Auffahrt auf die A8: AS Pforzheim-Ost (aus Richtung Pforzheim-Nord) nach A8: Karlsruhe -> Stuttgart, zwischen AS Pforzheim-Nord und AS Pforzheim-Ost  Länge: 0.26 km | Maximale Durchfahrtsbreite: 4.5 m  A8 Neubau Enztalquerung bei Pforzheim-Ost ",False,false,2+0_bidirectional,"2+0 configuration: 0 lane(s) in driving direction, 1 lane(s) for oncoming traffic, bidirectional traffic on one carriageway",1,1,0,True,False,"['SEPARATE', 'ARROW_UP']",,"['Zeitraum dieser Bauphase:', 'Beginn: 16.01.26 um 05:00 Uhr', 'Ende: 01.07.27 um 00:00 Uhr', '(Ende der Gesamtmaßnahme: 01.01.28)', '', 'Von Auffahrt auf die A8: AS Pforzheim-Ost (aus Richtung Pforzheim-Nord) nach A8: Karlsruhe -> Stuttgart, zwischen AS Pforzheim-Nord und AS Pforzheim-Ost', '', 'Länge: 0.26 km | Maximale Durchfahrtsbreite: 4.5 m', '', 'A8 Neubau Enztalquerung bei Pforzheim-Ost ']",2026-01-16 04:00:00+00:00,2027-06-30 22:00:00+00:00,False,False
A8,2025-063400--vi-bs.2026-01-16_05-00-00-000.devi-zus.2021-09-27_00-00-00-000_003.de55,A8 Neubau Enztalquerung bei Pforzheim-Ost , Karlsruhe -> Stuttgart, Karlsruhe -> Stuttgart,ROADWORKS,48.91583718544526,8.76290097790655,,,,,,,,,,2026-01-16T05:00:00+01:00,2027-07-01T00:00:00+02:00,"Zeitraum dieser Bauphase: Beginn: 16.01.26 um 05:00 Uhr Ende: 01.07.27 um 00:00 Uhr (Ende der Gesamtmaßnahme: 01.01.28)  Von A8: Karlsruhe -> Stuttgart, zwischen 3.9 km hinter AS Pforzheim-Nord und AS Pforzheim-Ost nach Abfahrt von der A8: AS Pforzheim-Ost (aus Richtung Pforzheim-Nord)  Länge: 0.29 km | Maximale Durchfahrtsbreite: 4.5 m  A8 Neubau Enztalquerung bei Pforzheim-Ost ",False,false,2+0_bidirectional,"2+0 configuration: 0 lane(s) in driving direction, 1 lane(s) for oncoming traffic, bidirectional traffic on one carriageway",1,1,0,True,False,"['SEPARATE', 'ARROW_UP']",,"['Zeitraum dieser Bauphase:', 'Beginn: 16.01.26 um 05:00 Uhr', 'Ende: 01.07.27 um 00:00 Uhr', '(Ende der Gesamtmaßnahme: 01.01.28)', '', 'Von A8: Karlsruhe -> Stuttgart, zwischen 3.9 km hinter AS Pforzheim-Nord und AS Pforzheim-Ost nach Abfahrt von der A8: AS Pforzheim-Ost (aus Richtung Pforzheim-Nord)', '', 'Länge: 0.29 km | Maximale Durchfahrtsbreite: 4.5 m', '', 'A8 Neubau Enztalquerung bei Pforzheim-Ost ']",2026-01-16 04:00:00+00:00,2027-06-30 22:00:00+00:00,False,False
A8,2026-026749--vi-bs.2026-06-13_05-00-00-000.devi-zus.2026-06-10_20-00-00-000_003.de3,"A8 Ausbau Gruibingen-Mühlhausen, Wirtschaftsweganbindung, Herstellung bzw. Rückbau Baustellenzufahrt", AS Mühlhausen (aus Richtung Lämmerbuckeltunnel), AS Mühlhausen (aus Richtung Lämmerbuckeltunnel),ROADWORKS,48.582776451916274,9.662068120121507,,,,,,,,,,2026-06-13T05:00:00+02:00,2026-09-30T20:00:00+02:00,"Zeitraum dieser Bauphase: Beginn: 13.06.26 um 05:00 Uhr Ende: 30.09.26 um 20:00 Uhr (Ende der Gesamtmaßnahme: 03.10.26)  Auffahrt auf die A8: AS Mühlhausen (aus Richtung Lämmerbuckeltunnel)  Länge: 0.46 km | Maximale Durchfahrtsbreite: 3.25 m  A8 Ausbau Gruibingen-Mühlhausen, Wirtschaftsweganbindung, Herstellung bzw. Rückbau Baustellenzufahrt",False,false,2+0_bidirectional,"2+0 configuration: 0 lane(s) in driving direction, 1 lane(s) for oncoming traffic, bidirectional traffic on one carriageway",1,1,0,True,False,"['SEPARATE', 'ARROW_UP']",,"['Zeitraum dieser Bauphase:', 'Beginn: 13.06.26 um 05:00 Uhr', 'Ende: 30.09.26 um 20:00 Uhr', '(Ende der Gesamtmaßnahme: 03.10.26)', '', 'Auffahrt auf die A8: AS Mühlhausen (aus Richtung Lämmerbuckeltunnel)', '', 'Länge: 0.46 km | Maximale Durchfahrtsbreite: 3.25 m', '', 'A8 Ausbau Gruibingen-Mühlhausen, Wirtschaftsweganbindung, Herstellung bzw. Rückbau Baustellenzufahrt']",2026-06-13 03:00:00+00:00,2026-09-30 18:00:00+00:00,False,False
A93,2026-031043--vi-bs.2026-06-18_00-00-00-000.de0,A93 | Kirnstein - Wildbarren, Rosenheim -> Kiefersfelden,Rosenheim → Kiefersfelden,ROADWORKS,47.69776096272948,12.16148246493144,,,,,Wildbarren,Kirnstein,,,,2026-06-18T00:00:00+02:00,2026-06-27T00:00:00+02:00,"Zeitraum dieser Bauphase: Beginn: 18.06.26 um 00:00 Uhr Ende: 27.06.26 um 00:00 Uhr (Ende der Gesamtmaßnahme: 27.06.26)  A93: Rosenheim -> Kiefersfelden, zwischen 0.5 km hinter Kirnstein und 0.3 km vor Wildbarren  Länge: 1 km | Max. 80 km/h | Maximale Durchfahrtsbreite: 6.5 m  A93 von Kirnstein (Parkplatz) nach Wildbarren (Parkplatz) Akute Verkehrsgefährdung",False,false,2+0_bidirectional,"2+0 configuration: 0 lane(s) in driving direction, 2 lane(s) for oncoming traffic, bidirectional traffic on one carriageway",3,2,1,True,False,"['SEPARATE', 'ARROW_UP', 'ARROW_UP', 'BORDER_RIGHT', 'CLOSED']",A93_Sued,"['Zeitraum dieser Bauphase:', 'Beginn: 18.06.26 um 00:00 Uhr', 'Ende: 27.06.26 um 00:00 Uhr', '(Ende der Gesamtmaßnahme: 27.06.26)', '', 'A93: Rosenheim -> Kiefersfelden, zwischen 0.5 km hinter Kirnstein und 0.3 km vor Wildbarren', '', 'Länge: 1 km | Max. 80 km/h | Maximale Durchfahrtsbreite: 6.5 m', '', 'A93 von Kirnstein (Parkplatz) nach Wildbarren (Parkplatz) Akute Verkehrsgefährdung']",2026-06-17 22:00:00+00:00,2026-06-26 22:00:00+00:00,False,True
A93,2026-030471--vi-bs.2026-06-22_08-00-00-000_010.de0,A93 | Heuberg - Kiefersfelden, Rosenheim -> Kiefersfelden,Rosenheim → Kiefersfelden,SHORT_TERM_ROADWORKS,47.72090490741442,12.141332856221148,,,,,Kiefersfelden,Heuberg,,,,,,"Die Baustelle ist zu folgenden Zeiträumen gültig: 22.06.26 von 08:00 bis 17:00 Uhr 23.06.26 von 08:00 bis 17:00 Uhr 24.06.26 von 08:00 bis 17:00 Uhr 25.06.26 von 08:00 bis 17:00 Uhr 26.06.26 von 08:00 bis 12:00 Uhr 29.06.26 von 08:00 bis 17:00 Uhr 30.06.26 von 08:00 bis 17:00 Uhr 01.07.26 von 08:00 bis 17:00 Uhr 02.07.26 von 08:00 bis 17:00 Uhr 03.07.26 von 08:00 bis 12:00 Uhr  A93: Rosenheim -> Kiefersfelden, zwischen 1.4 km hinter Heuberg und 0.7 km vor AS Kiefersfelden  Länge: 11.8 km | Max. ",True,false,2+0_bidirectional,"2+0 configuration: 0 lane(s) in driving direction, 1 lane(s) for oncoming traffic, bidirectional traffic on one carriageway",2,1,1,True,True,"['SEPARATE', 'ARROW_UP', 'CLOSED', 'BORDER_RIGHT', 'BREAKDOWN_LANE']",A8_Ost,"['Die Baustelle ist zu folgenden Zeiträumen gültig:', '22.06.26 von 08:00 bis 17:00 Uhr', '23.06.26 von 08:00 bis 17:00 Uhr', '24.06.26 von 08:00 bis 17:00 Uhr', '25.06.26 von 08:00 bis 17:00 Uhr', '26.06.26 von 08:00 bis 12:00 Uhr', '29.06.26 von 08:00 bis 17:00 Uhr', '30.06.26 von 08:00 bis 17:00 Uhr', '01.07.26 von 08:00 bis 17:00 Uhr', '02.07.26 von 08:00 bis 17:00 Uhr', '03.07.26 von 08:00 bis 12:00 Uhr', '', 'A93: Rosenheim -> Kiefersfelden, zwischen 1.4 km hinter Heuberg und 0.7 km vor AS Kiefersfelden', '', 'Länge: 11.8 km | Max. 80 km/h | Maximale Durchfahrtsbreite: 4 m', '', 'A93 von Heuberg (Rastplatz) nach Kiefersfelden (AS) Fahrbahninstandhaltung']",,,True,False
A93,2026-010459--vi-bs.2026-04-18_23-00-00-000.devi-zus.2026-04-07_00-00-00-000_002.de3,A93 | Reischenhart - Nicklheim, Kiefersfelden -> Rosenheim,Rosenheim → Kiefersfelden,ROADWORKS,47.76197168073379,12.105438021357246,,,,,Nicklheim,Reischenhart,,,,2026-04-18T23:00:00+02:00,2026-09-14T00:00:00+02:00,"Zeitraum dieser Bauphase: Beginn: 18.04.26 um 23:00 Uhr Ende: 14.09.26 um 00:00 Uhr (Ende der Gesamtmaßnahme: 14.09.26)  A93: Kiefersfelden -> Rosenheim, zwischen 0.1 km hinter AS Reischenhart und 1.6 km vor Nicklheim  Länge: 0.73 km | Maximale Durchfahrtsbreite: 5.2 m  A93 Süd DB EÜ Reischenhart BW19 Korrosionsschutz",False,false,2+0_bidirectional,"2+0 configuration: 2 lane(s) in driving direction, 2 lane(s) for oncoming traffic, bidirectional traffic on one carriageway",7,4,3,True,False,"['ARROW_DOWN', 'BORDER_LEFT', 'ARROW_DOWN', 'SEPARATE', 'ARROW_UP', 'ARROW_UP', 'SEPARATE', 'CLOSED', 'CLOSED', 'BORDER_RIGHT', 'CLOSED']",A8_Ost,"['Zeitraum dieser Bauphase:', 'Beginn: 18.04.26 um 23:00 Uhr', 'Ende: 14.09.26 um 00:00 Uhr', '(Ende der Gesamtmaßnahme: 14.09.26)', '', 'A93: Kiefersfelden -> Rosenheim, zwischen 0.1 km hinter AS Reischenhart und 1.6 km vor Nicklheim', '', 'Länge: 0.73 km | Maximale Durchfahrtsbreite: 5.2 m', '', 'A93 Süd DB EÜ Reischenhart BW19 Korrosionsschutz']",2026-04-18 21:00:00+00:00,2026-09-13 22:00:00+00:00,True,False
A93,2026-010459--vi-bs.2026-04-18_23-00-00-000.devi-zus.2026-04-07_00-00-00-000_002.de1,A93 | Nicklheim - Reischenhart, Rosenheim -> Kiefersfelden,Rosenheim → Kiefersfelden,ROADWORKS,47.76751853774446,12.100240369526036,,,,,Reischenhart,Nicklheim,,,,2026-04-18T23:00:00+02:00,2026-09-14T00:00:00+02:00,"Zeitraum dieser Bauphase: Beginn: 18.04.26 um 23:00 Uhr Ende: 14.09.26 um 00:00 Uhr (Ende der Gesamtmaßnahme: 14.09.26)  A93: Rosenheim -> Kiefersfelden, zwischen 1.6 km hinter Nicklheim und 0.1 km vor AS Reischenhart  Länge: 0.73 km | Max. 60 km/h | Maximale Durchfahrtsbreite: 5.2 m  A93 Süd DB EÜ Reischenhart BW19 Korrosionsschutz",False,false,2+0_bidirectional,"2+0 configuration: 2 lane(s) in driving direction, 2 lane(s) for oncoming traffic, bidirectional traffic on one carriageway",7,4,3,True,False,"['CLOSED', 'BORDER_LEFT', 'CLOSED', 'CLOSED', 'SEPARATE', 'ARROW_DOWN', 'ARROW_DOWN', 'SEPARATE', 'ARROW_UP', 'BORDER_RIGHT', 'ARROW_UP']",A8_Ost,"['Zeitraum dieser Bauphase:', 'Beginn: 18.04.26 um 23:00 Uhr', 'Ende: 14.09.26 um 00:00 Uhr', '(Ende der Gesamtmaßnahme: 14.09.26)', '', 'A93: Rosenheim -> Kiefersfelden, zwischen 1.6 km hinter Nicklheim und 0.1 km vor AS Reischenhart', '', 'Länge: 0.73 km | Max. 60 km/h | Maximale Durchfahrtsbreite: 5.2 m', '', 'A93 Süd DB EÜ Reischenhart BW19 Korrosionsschutz']",2026-04-18 21:00:00+00:00,2026-09-13 22:00:00+00:00,True,False
A93,2025-050891--vi-fbm.2026-06-22_00-00-00-000.devi-zus.2026-04-13_00-00-00-000_011.de5,A93 | Großmuß - Saalhaupt, Holledau -> Regensburg, Holledau -> Regensburg,ROADWORKS,48.85132261342945,12.010198633527796,,,,,Saalhaupt,Großmuß,,,,2026-06-22T00:00:00+02:00,2026-07-31T00:00:00+02:00,"Zeitraum dieser Bauphase: Beginn: 22.06.26 um 00:00 Uhr Ende: 31.07.26 um 00:00 Uhr (Ende der Gesamtmaßnahme: 31.07.26)  A93: Holledau -> Regensburg, zwischen 3.5 km hinter Großmuß und 5.6 km vor AD Saalhaupt  Länge: 1 km | Maximale Durchfahrtsbreite: 5.7 m  A93 Sperrung AS Hausen",True,false,2+0_bidirectional,"2+0 configuration: 0 lane(s) in driving direction, 2 lane(s) for oncoming traffic, bidirectional traffic on one carriageway",3,2,1,True,False,"['SEPARATE', 'ARROW_UP', 'ARROW_UP', 'BORDER_RIGHT', 'CLOSED']",,"['Zeitraum dieser Bauphase:', 'Beginn: 22.06.26 um 00:00 Uhr', 'Ende: 31.07.26 um 00:00 Uhr', '(Ende der Gesamtmaßnahme: 31.07.26)', '', 'A93: Holledau -> Regensburg, zwischen 3.5 km hinter Großmuß und 5.6 km vor AD Saalhaupt', '', 'Länge: 1 km | Maximale Durchfahrtsbreite: 5.7 m', '', 'A93 Sperrung AS Hausen']",2026-06-21 22:00:00+00:00,2026-07-30 22:00:00+00:00,False,False
A93,2026-010308--vi-fbm.2026-06-19_09-00-00-000.devi-zus.2026-06-19_19-00-00-000.de3,A93 | Bad Abbach - Hausen, Regensburg -> Holledau, Regensburg -> Holledau,ROADWORKS,48.8998530254088,12.079701907619054,,,,,Hausen,Bad Abbach,,,,2026-06-19T09:00:00+02:00,2026-06-22T06:00:00+02:00,"Zeitraum dieser Bauphase: Beginn: 19.06.26 um 09:00 Uhr Ende: 22.06.26 um 06:00 Uhr (Ende der Gesamtmaßnahme: 22.06.26)  A93: Regensburg -> Holledau, zwischen 4.0 km hinter AS Bad Abbach und 6.2 km vor AS Hausen  Länge: 1.25 km | Maximale Durchfahrtsbreite: 3 m  A93 Sperrung AS Dreieck Saalhaupt",False,false,2+0_bidirectional,"2+0 configuration: 0 lane(s) in driving direction, 1 lane(s) for oncoming traffic, bidirectional traffic on one carriageway",3,1,2,True,False,"['SEPARATE', 'ARROW_UP', 'CLOSED', 'BORDER_RIGHT', 'CLOSED']",,"['Zeitraum dieser Bauphase:', 'Beginn: 19.06.26 um 09:00 Uhr', 'Ende: 22.06.26 um 06:00 Uhr', '(Ende der Gesamtmaßnahme: 22.06.26)', '', 'A93: Regensburg -> Holledau, zwischen 4.0 km hinter AS Bad Abbach und 6.2 km vor AS Hausen', '', 'Länge: 1.25 km | Maximale Durchfahrtsbreite: 3 m', '', 'A93 Sperrung AS Dreieck Saalhaupt']",2026-06-19 07:00:00+00:00,2026-06-22 04:00:00+00:00,False,False
A93,2025-063334--vi-bs.2026-06-24_00-00-00-000.devi-zus.2026-04-13_00-00-00-000_014.de77,A93 | Regensburg-Kumpfmühl - Regensburg-Königswiesen, Holledau -> Regensburg, Holledau -> Regensburg,ROADWORKS,49.0025237206469,12.062643445626165,,,,,Regensburg-Königswiesen,Regensburg-Kumpfmühl,,,,2026-06-24T00:00:00+02:00,2026-07-11T00:00:00+02:00,"Zeitraum dieser Bauphase: Beginn: 24.06.26 um 00:00 Uhr Ende: 11.07.26 um 00:00 Uhr (Ende der Gesamtmaßnahme: 24.11.26)  A93: Holledau -> Regensburg, zwischen 0.2 km hinter AS Regensburg-Kumpfmühl und 0.5 km vor AS Regensburg-Königswiesen  Länge: 0.41 km | Maximale Durchfahrtsbreite: 5.35 m  A3 Erneuerung BW 50 Vorarbeiten",True,false,2+0_bidirectional,"2+0 configuration: 0 lane(s) in driving direction, 2 lane(s) for oncoming traffic, bidirectional traffic on one carriageway",3,2,1,True,False,"['SEPARATE', 'ARROW_UP', 'ARROW_UP', 'BORDER_RIGHT', 'CLOSED']",,"['Zeitraum dieser Bauphase:', 'Beginn: 24.06.26 um 00:00 Uhr', 'Ende: 11.07.26 um 00:00 Uhr', '(Ende der Gesamtmaßnahme: 24.11.26)', '', 'A93: Holledau -> Regensburg, zwischen 0.2 km hinter AS Regensburg-Kumpfmühl und 0.5 km vor AS Regensburg-Königswiesen', '', 'Länge: 0.41 km | Maximale Durchfahrtsbreite: 5.35 m', '', 'A3 Erneuerung BW 50 Vorarbeiten']",2026-06-23 22:00:00+00:00,2026-07-10 22:00:00+00:00,False,False
A93,2026-030812--vi-bs.2026-06-22_19-00-00-000_014.de0,A93 | Regensburg-Nord - Regenstauf, Holledau -> Weiden, Holledau -> Weiden,SHORT_TERM_ROADWORKS,49.064507247079085,12.09204413738462,,,,,Regenstauf,Regensburg-Nord,,,,,,"Die Baustelle ist zu folgenden Zeiträumen gültig: 22.06.26 19:00 bis zum 23.06.26 06:00 Uhr. 23.06.26 19:00 bis zum 24.06.26 06:00 Uhr. 24.06.26 19:00 bis zum 25.06.26 06:00 Uhr. 25.06.26 19:00 bis zum 26.06.26 06:00 Uhr.  A93: Holledau -> Weiden, zwischen 2.3 km hinter AS Regensburg-Nord und 2.5 km vor AS Regenstauf  Länge: 4.01 km | Max. 80 km/h | Maximale Durchfahrtsbreite: 4.5 m  A93 von Benhof (Parkplatz) nach Regensburg-Pfaffenstein (AS) Entwässerungsarbeiten",True,false,2+0_bidirectional,"2+0 configuration: 0 lane(s) in driving direction, 1 lane(s) for oncoming traffic, bidirectional traffic on one carriageway",3,1,2,True,False,"['SEPARATE', 'ARROW_UP', 'CLOSED', 'BORDER_RIGHT', 'CLOSED']",,"['Die Baustelle ist zu folgenden Zeiträumen gültig:', '22.06.26 19:00 bis zum 23.06.26 06:00 Uhr.', '23.06.26 19:00 bis zum 24.06.26 06:00 Uhr.', '24.06.26 19:00 bis zum 25.06.26 06:00 Uhr.', '25.06.26 19:00 bis zum 26.06.26 06:00 Uhr.', '', 'A93: Holledau -> Weiden, zwischen 2.3 km hinter AS Regensburg-Nord und 2.5 km vor AS Regenstauf', '', 'Länge: 4.01 km | Max. 80 km/h | Maximale Durchfahrtsbreite: 4.5 m', '', 'A93 von Benhof (Parkplatz) nach Regensburg-Pfaffenstein (AS) Entwässerungsarbeiten']",,,False,False
A93,2026-030835--vi-bs.2026-06-22_20-00-00-000.devi-zus.2026-06-22_20-00-00-000_002.de1,A93 | Regenstauf - Harberhof Ost, Regensburg -> Weiden, Regensburg -> Weiden,SHORT_TERM_ROADWORKS,49.1231512105118,12.107963197941029,,,,,Harberhof Ost,Regenstauf,,,,,,"Die Baustelle ist zu folgenden Zeiträumen gültig: 22.06.26 20:00 bis zum 23.06.26 06:00 Uhr. 23.06.26 20:00 bis zum 24.06.26 06:00 Uhr. 24.06.26 20:00 bis zum 25.06.26 06:00 Uhr. 25.06.26 20:00 bis zum 26.06.26 06:00 Uhr.  A93: Regensburg -> Weiden, zwischen 0.5 km hinter AS Regenstauf und 1.4 km vor Harberhof Ost  Länge: 4 km | Max. 80 km/h | Maximale Durchfahrtsbreite: 5.5 m  A93 von Regenstauf (AS) nach Harberhof Ost (Parkplatz) Arbeiten an Schutzeinrichtungen",True,false,2+0_bidirectional,"2+0 configuration: 1 lane(s) in driving direction, 1 lane(s) for oncoming traffic, bidirectional traffic on one carriageway",4,2,2,True,True,"['BREAKDOWN_LANE', 'BORDER_LEFT', 'ARROW_DOWN', 'CLOSED', 'SEPARATE', 'CLOSED', 'ARROW_UP', 'BORDER_RIGHT', 'BREAKDOWN_LANE']",,"['Die Baustelle ist zu folgenden Zeiträumen gültig:', '22.06.26 20:00 bis zum 23.06.26 06:00 Uhr.', '23.06.26 20:00 bis zum 24.06.26 06:00 Uhr.', '24.06.26 20:00 bis zum 25.06.26 06:00 Uhr.', '25.06.26 20:00 bis zum 26.06.26 06:00 Uhr.', '', 'A93: Regensburg -> Weiden, zwischen 0.5 km hinter AS Regenstauf und 1.4 km vor Harberhof Ost', '', 'Länge: 4 km | Max. 80 km/h | Maximale Durchfahrtsbreite: 5.5 m', '', 'A93 von Regenstauf (AS) nach Harberhof Ost (Parkplatz) Arbeiten an Schutzeinrichtungen']",,,False,False
A93,2026-031269--vi-bs.2026-06-23_19-00-00-000.devi-bs.2026-06-23_19-00-00-000_007.de3,A93 | Regenstauf - Regensburg-Nord, Weiden -> Holledau, Weiden -> Holledau,SHORT_TERM_ROADWORKS,49.10647314027125,12.097823124024885,,,,,Regensburg-Nord,Regenstauf,,,,,,"Die Baustelle ist zu folgenden Zeiträumen gültig: 23.06.26 von 21:30 bis 24:00 Uhr  A93: Weiden -> Holledau, zwischen 1.5 km hinter AS Regenstauf und 3.3 km vor AS Regensburg-Nord  Länge: 4.01 km | Max. 80 km/h | Maximale Durchfahrtsbreite: 3.5 m  A93 von Regenstauf (AS) nach Regensburg-Nord (AS) Sonstiges",True,false,2+0_bidirectional,"2+0 configuration: 0 lane(s) in driving direction, 1 lane(s) for oncoming traffic, bidirectional traffic on one carriageway",3,1,2,True,False,"['SEPARATE', 'ARROW_UP', 'CLOSED', 'BORDER_RIGHT', 'CLOSED']",,"['Die Baustelle ist zu folgenden Zeiträumen gültig:', '23.06.26 von 21:30 bis 24:00 Uhr', '', 'A93: Weiden -> Holledau, zwischen 1.5 km hinter AS Regenstauf und 3.3 km vor AS Regensburg-Nord', '', 'Länge: 4.01 km | Max. 80 km/h | Maximale Durchfahrtsbreite: 3.5 m', '', 'A93 von Regenstauf (AS) nach Regensburg-Nord (AS) Sonstiges']",,,False,False
A93,2026-031269--vi-bs.2026-06-23_19-00-00-000.devi-bs.2026-06-23_19-00-00-000_007.de1,A93 | Regenstauf - Regensburg-Nord, Weiden -> Holledau, Weiden -> Holledau,SHORT_TERM_ROADWORKS,49.10647314027125,12.097823124024885,,,,,Regensburg-Nord,Regenstauf,,,,,,"Die Baustelle ist zu folgenden Zeiträumen gültig: 23.06.26 von 19:00 bis 21:30 Uhr  A93: Weiden -> Holledau, zwischen 1.5 km hinter AS Regenstauf und 3.3 km vor AS Regensburg-Nord  Länge: 4.01 km | Max. 80 km/h | Maximale Durchfahrtsbreite: 4.5 m  A93 von Regenstauf (AS) nach Regensburg-Nord (AS) Sonstiges",True,false,2+0_bidirectional,"2+0 configuration: 0 lane(s) in driving direction, 1 lane(s) for oncoming traffic, bidirectional traffic on one carriageway",2,1,1,True,True,"['SEPARATE', 'CLOSED', 'ARROW_UP', 'BORDER_RIGHT', 'BREAKDOWN_LANE']",,"['Die Baustelle ist zu folgenden Zeiträumen gültig:', '23.06.26 von 19:00 bis 21:30 Uhr', '', 'A93: Weiden -> Holledau, zwischen 1.5 km hinter AS Regenstauf und 3.3 km vor AS Regensburg-Nord', '', 'Länge: 4.01 km | Max. 80 km/h | Maximale Durchfahrtsbreite: 4.5 m', '', 'A93 von Regenstauf (AS) nach Regensburg-Nord (AS) Sonstiges']",,,False,False
A93,2026-030835--vi-bs.2026-06-22_20-00-00-000.devi-zus.2026-06-22_20-00-00-000_002.de3,A93 | Harberhof Ost - Regenstauf, Weiden -> Regensburg, Weiden -> Regensburg,SHORT_TERM_ROADWORKS,49.1579540214952,12.111198435895862,,,,,Regenstauf,Harberhof Ost,,,,,,"Die Baustelle ist zu folgenden Zeiträumen gültig: 22.06.26 20:00 bis zum 23.06.26 06:00 Uhr. 23.06.26 20:00 bis zum 24.06.26 06:00 Uhr. 24.06.26 20:00 bis zum 25.06.26 06:00 Uhr. 25.06.26 20:00 bis zum 26.06.26 06:00 Uhr.  A93: Weiden -> Regensburg, zwischen 1.4 km hinter Harberhof Ost und 0.5 km vor AS Regenstauf  Länge: 4 km | Max. 80 km/h | Maximale Durchfahrtsbreite: 5.5 m  A93 von Regenstauf (AS) nach Harberhof Ost (Parkplatz) Arbeiten an Schutzeinrichtungen",True,false,2+0_bidirectional,"2+0 configuration: 1 lane(s) in driving direction, 1 lane(s) for oncoming traffic, bidirectional traffic on one carriageway",4,2,2,True,True,"['BREAKDOWN_LANE', 'BORDER_LEFT', 'ARROW_DOWN', 'CLOSED', 'SEPARATE', 'CLOSED', 'ARROW_UP', 'BORDER_RIGHT', 'BREAKDOWN_LANE']",,"['Die Baustelle ist zu folgenden Zeiträumen gültig:', '22.06.26 20:00 bis zum 23.06.26 06:00 Uhr.', '23.06.26 20:00 bis zum 24.06.26 06:00 Uhr.', '24.06.26 20:00 bis zum 25.06.26 06:00 Uhr.', '25.06.26 20:00 bis zum 26.06.26 06:00 Uhr.', '', 'A93: Weiden -> Regensburg, zwischen 1.4 km hinter Harberhof Ost und 0.5 km vor AS Regenstauf', '', 'Länge: 4 km | Max. 80 km/h | Maximale Durchfahrtsbreite: 5.5 m', '', 'A93 von Regenstauf (AS) nach Harberhof Ost (Parkplatz) Arbeiten an Schutzeinrichtungen']",,,False,False
A93,2025-050334--vi-bs.2026-06-08_00-00-00-000.devi-zus.2026-06-29_00-00-00-000.de3,A93 | Kronstetten - Schwarzenfeld, Regensburg -> Weiden, Regensburg -> Weiden,ROADWORKS,49.33460246788209,12.151170017872142,,,,,Schwarzenfeld,Kronstetten,,,,2026-06-08T00:00:00+02:00,2026-12-01T00:00:00+02:00,"Zeitraum dieser Bauphase: Beginn: 08.06.26 um 00:00 Uhr Ende: 01.12.26 um 00:00 Uhr (Ende der Gesamtmaßnahme: 01.12.26)  A93: Regensburg -> Weiden, zwischen 0.4 km hinter Kronstetten und 0.8 km vor AS Schwarzenfeld  Länge: 5.2 km | Maximale Durchfahrtsbreite: 5.5 m  A93 Erneuerung an der Decke D153",False,false,2+0_bidirectional,"2+0 configuration: 2 lane(s) in driving direction, 2 lane(s) for oncoming traffic, bidirectional traffic on one carriageway",6,4,2,True,False,"['CLOSED', 'BORDER_LEFT', 'CLOSED', 'ARROW_DOWN', 'SEPARATE', 'ARROW_DOWN', 'SEPARATE', 'ARROW_UP', 'BORDER_RIGHT', 'ARROW_UP']",,"['Zeitraum dieser Bauphase:', 'Beginn: 08.06.26 um 00:00 Uhr', 'Ende: 01.12.26 um 00:00 Uhr', '(Ende der Gesamtmaßnahme: 01.12.26)', '', 'A93: Regensburg -> Weiden, zwischen 0.4 km hinter Kronstetten und 0.8 km vor AS Schwarzenfeld', '', 'Länge: 5.2 km | Maximale Durchfahrtsbreite: 5.5 m', '', 'A93 Erneuerung an der Decke D153']",2026-06-07 22:00:00+00:00,2026-11-30 22:00:00+00:00,False,False
A93,2025-050334--vi-bs.2026-06-08_00-00-00-000.devi-zus.2026-06-29_00-00-00-000.de1,A93 | Schwarzenfeld - Kronstetten, Weiden -> Regensburg, Weiden -> Regensburg,ROADWORKS,49.380976008946824,12.149346306704652,,,,,Kronstetten,Schwarzenfeld,,,,2026-06-08T00:00:00+02:00,2026-12-01T00:00:00+02:00,"Zeitraum dieser Bauphase: Beginn: 08.06.26 um 00:00 Uhr Ende: 01.12.26 um 00:00 Uhr (Ende der Gesamtmaßnahme: 01.12.26)  A93: Weiden -> Regensburg, zwischen 0.8 km hinter AS Schwarzenfeld und 0.4 km vor Kronstetten  Länge: 5.2 km | Maximale Durchfahrtsbreite: 3.5 m  A93 Erneuerung an der Decke D153",False,false,2+0_bidirectional,"2+0 configuration: 2 lane(s) in driving direction, 2 lane(s) for oncoming traffic, bidirectional traffic on one carriageway",6,4,2,True,False,"['ARROW_DOWN', 'BORDER_LEFT', 'ARROW_DOWN', 'SEPARATE', 'ARROW_UP', 'SEPARATE', 'ARROW_UP', 'CLOSED', 'BORDER_RIGHT', 'CLOSED']",,"['Zeitraum dieser Bauphase:', 'Beginn: 08.06.26 um 00:00 Uhr', 'Ende: 01.12.26 um 00:00 Uhr', '(Ende der Gesamtmaßnahme: 01.12.26)', '', 'A93: Weiden -> Regensburg, zwischen 0.8 km hinter AS Schwarzenfeld und 0.4 km vor Kronstetten', '', 'Länge: 5.2 km | Maximale Durchfahrtsbreite: 3.5 m', '', 'A93 Erneuerung an der Decke D153']",2026-06-07 22:00:00+00:00,2026-11-30 22:00:00+00:00,False,False
A93,2025-050324--vi-bs.2026-03-10_00-00-00-000.devi-zus.2026-02-02_00-00-00-000_001.de7,A93 | Schwarzenfeld - Schloßberg, Regensburg -> Weiden, Regensburg -> Weiden,ROADWORKS,49.44482458713037,12.189344976520482,,,,,Schloßberg,Schwarzenfeld,,,,2026-03-10T00:00:00+01:00,2027-03-01T00:00:00+02:00,"Zeitraum dieser Bauphase: Beginn: 10.03.26 um 00:00 Uhr Ende: 01.03.27 um 00:00 Uhr (Ende der Gesamtmaßnahme: 01.03.27)  A93: Regensburg -> Weiden, zwischen 7.1 km hinter AS Schwarzenfeld und 2.1 km vor Schloßberg  Länge: 1.4 km | Max. 100 km/h | Maximale Durchfahrtsbreite: 5.5 m  A93 Brückenneubau Bw 144c",False,false,2+0_bidirectional,"2+0 configuration: 2 lane(s) in driving direction, 2 lane(s) for oncoming traffic, bidirectional traffic on one carriageway",6,4,2,True,False,"['CLOSED', 'BORDER_LEFT', 'ARROW_DOWN', 'ARROW_DOWN', 'SEPARATE', 'ARROW_UP', 'ARROW_UP', 'BORDER_RIGHT', 'CLOSED']",,"['Zeitraum dieser Bauphase:', 'Beginn: 10.03.26 um 00:00 Uhr', 'Ende: 01.03.27 um 00:00 Uhr', '(Ende der Gesamtmaßnahme: 01.03.27)', '', 'A93: Regensburg -> Weiden, zwischen 7.1 km hinter AS Schwarzenfeld und 2.1 km vor Schloßberg', '', 'Länge: 1.4 km | Max. 100 km/h | Maximale Durchfahrtsbreite: 5.5 m', '', 'A93 Brückenneubau Bw 144c']",2026-03-09 23:00:00+00:00,2027-02-28 22:00:00+00:00,False,False
A93,2025-050324--vi-bs.2026-03-10_00-00-00-000.devi-zus.2026-02-02_00-00-00-000_001.de5,A93 | Schloßberg - Schwarzenfeld, Weiden -> Regensburg, Weiden -> Regensburg,ROADWORKS,49.456943428058274,12.194298349365505,,,,,Schwarzenfeld,Schloßberg,,,,2026-03-10T00:00:00+01:00,2027-03-01T00:00:00+02:00,"Zeitraum dieser Bauphase: Beginn: 10.03.26 um 00:00 Uhr Ende: 01.03.27 um 00:00 Uhr (Ende der Gesamtmaßnahme: 01.03.27)  A93: Weiden -> Regensburg, zwischen 2.1 km hinter Schloßberg und 7.1 km vor AS Schwarzenfeld  Länge: 1.4 km | Max. 100 km/h | Maximale Durchfahrtsbreite: 5.5 m  A93 Brückenneubau Bw 144c",False,false,2+0_bidirectional,"2+0 configuration: 2 lane(s) in driving direction, 2 lane(s) for oncoming traffic, bidirectional traffic on one carriageway",6,4,2,True,False,"['CLOSED', 'BORDER_LEFT', 'ARROW_DOWN', 'ARROW_DOWN', 'SEPARATE', 'ARROW_UP', 'ARROW_UP', 'BORDER_RIGHT', 'CLOSED']",,"['Zeitraum dieser Bauphase:', 'Beginn: 10.03.26 um 00:00 Uhr', 'Ende: 01.03.27 um 00:00 Uhr', '(Ende der Gesamtmaßnahme: 01.03.27)', '', 'A93: Weiden -> Regensburg, zwischen 2.1 km hinter Schloßberg und 7.1 km vor AS Schwarzenfeld', '', 'Länge: 1.4 km | Max. 100 km/h | Maximale Durchfahrtsbreite: 5.5 m', '', 'A93 Brückenneubau Bw 144c']",2026-03-09 23:00:00+00:00,2027-02-28 22:00:00+00:00,False,False
A93,2025-048814--vi-bs.2026-03-16_00-00-00-000.devi-zus.2026-03-02_00-00-00-000_002.de3,A93 | Neustadt an der Waldnaab - Windischeschenbach, Weiden -> Hof, Weiden -> Hof,ROADWORKS,49.77900046628182,12.160679206448197,,,,,Windischeschenbach,Neustadt an der Waldnaab,,,,2026-03-16T00:00:00+01:00,2029-08-29T00:00:00+02:00,"Zeitraum dieser Bauphase: Beginn: 16.03.26 um 00:00 Uhr Ende: 29.08.29 um 00:00 Uhr (Ende der Gesamtmaßnahme: 29.08.29)  A93: Weiden -> Hof, zwischen 4.6 km hinter AS Neustadt an der Waldnaab und 2.0 km vor AS Windischeschenbach  Länge: 1.4 km | Max. 80 km/h | Maximale Durchfahrtsbreite: 5.8 m  A93 Brückenneubau Bw 104 a Waldnaabbrücke",False,false,2+0_bidirectional,"2+0 configuration: 2 lane(s) in driving direction, 2 lane(s) for oncoming traffic, bidirectional traffic on one carriageway",7,4,3,True,False,"['ARROW_DOWN', 'BORDER_LEFT', 'ARROW_DOWN', 'SEPARATE', 'ARROW_UP', 'ARROW_UP', 'SEPARATE', 'CLOSED', 'CLOSED', 'BORDER_RIGHT', 'CLOSED']",,"['Zeitraum dieser Bauphase:', 'Beginn: 16.03.26 um 00:00 Uhr', 'Ende: 29.08.29 um 00:00 Uhr', '(Ende der Gesamtmaßnahme: 29.08.29)', '', 'A93: Weiden -> Hof, zwischen 4.6 km hinter AS Neustadt an der Waldnaab und 2.0 km vor AS Windischeschenbach', '', 'Länge: 1.4 km | Max. 80 km/h | Maximale Durchfahrtsbreite: 5.8 m', '', 'A93 Brückenneubau Bw 104 a Waldnaabbrücke']",2026-03-15 23:00:00+00:00,2029-08-28 22:00:00+00:00,False,False
A93,2025-048817--vi-bs.2026-07-01_00-00-00-000.devi-zus.2026-05-04_00-00-00-000_001.de3,A93 | Neustadt an der Waldnaab - Angerholz, Weiden -> Hof, Weiden -> Hof,ROADWORKS,49.754977509007475,12.154039009106246,,,,,Angerholz,Neustadt an der Waldnaab,,,,2026-07-01T00:00:00+02:00,2026-12-01T00:00:00+02:00,"Zeitraum dieser Bauphase: Beginn: 01.07.26 um 00:00 Uhr Ende: 01.12.26 um 00:00 Uhr (Ende der Gesamtmaßnahme: 01.12.26)  A93: Weiden -> Hof, zwischen 1.8 km hinter AS Neustadt an der Waldnaab und 1.3 km vor Angerholz  Länge: 1.75 km | Maximale Durchfahrtsbreite: 3.65 m  A93 Brückeninstandsetzung BW 107",True,false,2+0_bidirectional,"2+0 configuration: 2 lane(s) in driving direction, 2 lane(s) for oncoming traffic, bidirectional traffic on one carriageway",6,4,2,True,False,"['ARROW_DOWN', 'BORDER_LEFT', 'ARROW_DOWN', 'SEPARATE', 'ARROW_UP', 'SEPARATE', 'ARROW_UP', 'CLOSED', 'BORDER_RIGHT', 'CLOSED']",,"['Zeitraum dieser Bauphase:', 'Beginn: 01.07.26 um 00:00 Uhr', 'Ende: 01.12.26 um 00:00 Uhr', '(Ende der Gesamtmaßnahme: 01.12.26)', '', 'A93: Weiden -> Hof, zwischen 1.8 km hinter AS Neustadt an der Waldnaab und 1.3 km vor Angerholz', '', 'Länge: 1.75 km | Maximale Durchfahrtsbreite: 3.65 m', '', 'A93 Brückeninstandsetzung BW 107']",2026-06-30 22:00:00+00:00,2026-11-30 22:00:00+00:00,False,False
A93,2025-048817--vi-bs.2026-07-01_00-00-00-000.devi-zus.2026-05-04_00-00-00-000_001.de1,A93 | Angerholz - Neustadt an der Waldnaab, Hof -> Weiden, Hof -> Weiden,ROADWORKS,49.770542725972376,12.152865108693138,,,,,Neustadt an der Waldnaab,Angerholz,,,,2026-07-01T00:00:00+02:00,2026-12-01T00:00:00+02:00,"Zeitraum dieser Bauphase: Beginn: 01.07.26 um 00:00 Uhr Ende: 01.12.26 um 00:00 Uhr (Ende der Gesamtmaßnahme: 01.12.26)  A93: Hof -> Weiden, zwischen 1.3 km hinter Angerholz und 1.8 km vor AS Neustadt an der Waldnaab  Länge: 1.75 km | Maximale Durchfahrtsbreite: 6.5 m  A93 Brückeninstandsetzung BW 107",True,false,2+0_bidirectional,"2+0 configuration: 2 lane(s) in driving direction, 2 lane(s) for oncoming traffic, bidirectional traffic on one carriageway",6,4,2,True,False,"['CLOSED', 'BORDER_LEFT', 'CLOSED', 'ARROW_DOWN', 'SEPARATE', 'ARROW_DOWN', 'SEPARATE', 'ARROW_UP', 'BORDER_RIGHT', 'ARROW_UP']",,"['Zeitraum dieser Bauphase:', 'Beginn: 01.07.26 um 00:00 Uhr', 'Ende: 01.12.26 um 00:00 Uhr', '(Ende der Gesamtmaßnahme: 01.12.26)', '', 'A93: Hof -> Weiden, zwischen 1.3 km hinter Angerholz und 1.8 km vor AS Neustadt an der Waldnaab', '', 'Länge: 1.75 km | Maximale Durchfahrtsbreite: 6.5 m', '', 'A93 Brückeninstandsetzung BW 107']",2026-06-30 22:00:00+00:00,2026-11-30 22:00:00+00:00,False,False
A93,2025-048814--vi-bs.2026-03-16_00-00-00-000.devi-zus.2026-03-02_00-00-00-000_002.de1,A93 | Windischeschenbach - Neustadt an der Waldnaab, Hof -> Weiden, Hof -> Weiden,ROADWORKS,49.78954175244709,12.17132115042228,,,,,Neustadt an der Waldnaab,Windischeschenbach,,,,2026-03-16T00:00:00+01:00,2029-08-29T00:00:00+02:00,"Zeitraum dieser Bauphase: Beginn: 16.03.26 um 00:00 Uhr Ende: 29.08.29 um 00:00 Uhr (Ende der Gesamtmaßnahme: 29.08.29)  A93: Hof -> Weiden, zwischen 1.9 km hinter AS Windischeschenbach und 4.6 km vor AS Neustadt an der Waldnaab  Länge: 1.4 km | Max. 80 km/h | Maximale Durchfahrtsbreite: 5.8 m  A93 Brückenneubau Bw 104 a Waldnaabbrücke",False,false,2+0_bidirectional,"2+0 configuration: 2 lane(s) in driving direction, 2 lane(s) for oncoming traffic, bidirectional traffic on one carriageway",7,4,3,True,False,"['CLOSED', 'BORDER_LEFT', 'CLOSED', 'CLOSED', 'SEPARATE', 'ARROW_DOWN', 'ARROW_DOWN', 'SEPARATE', 'ARROW_UP', 'BORDER_RIGHT', 'ARROW_UP']",,"['Zeitraum dieser Bauphase:', 'Beginn: 16.03.26 um 00:00 Uhr', 'Ende: 29.08.29 um 00:00 Uhr', '(Ende der Gesamtmaßnahme: 29.08.29)', '', 'A93: Hof -> Weiden, zwischen 1.9 km hinter AS Windischeschenbach und 4.6 km vor AS Neustadt an der Waldnaab', '', 'Länge: 1.4 km | Max. 80 km/h | Maximale Durchfahrtsbreite: 5.8 m', '', 'A93 Brückenneubau Bw 104 a Waldnaabbrücke']",2026-03-15 23:00:00+00:00,2029-08-28 22:00:00+00:00,False,False
A93,2026-030869--vi-bs.2026-06-17_16-00-00-000.de0,A93 | Windischeschenbach - Scherreuth, Hof -> Weiden, Hof -> Weiden,SHORT_TERM_ROADWORKS,49.79882765369966,12.179721308320321,,,,,Scherreuth,Windischeschenbach,,,,,,"Die Baustelle ist zu folgenden Zeiträumen gültig: 19.06.26 00:00 bis zum 20.06.26 24:00 Uhr. 21.06.26 00:00 bis zum 22.06.26 12:00 Uhr.  A93: Hof -> Weiden, zwischen 0.7 km hinter AS Windischeschenbach und 1.5 km vor Scherreuth  Länge: 0.6 km | Max. 80 km/h | Maximale Durchfahrtsbreite: 4 m  A93 von Windischeschenbach (AS) nach Scherreuth (Parkplatz) Schallschutzarbeiten",False,false,2+0_bidirectional,"2+0 configuration: 0 lane(s) in driving direction, 1 lane(s) for oncoming traffic, bidirectional traffic on one carriageway",3,1,2,True,False,"['SEPARATE', 'ARROW_UP', 'CLOSED', 'BORDER_RIGHT', 'CLOSED']",,"['Die Baustelle ist zu folgenden Zeiträumen gültig:', '19.06.26 00:00 bis zum 20.06.26 24:00 Uhr.', '21.06.26 00:00 bis zum 22.06.26 12:00 Uhr.', '', 'A93: Hof -> Weiden, zwischen 0.7 km hinter AS Windischeschenbach und 1.5 km vor Scherreuth', '', 'Länge: 0.6 km | Max. 80 km/h | Maximale Durchfahrtsbreite: 4 m', '', 'A93 von Windischeschenbach (AS) nach Scherreuth (Parkplatz) Schallschutzarbeiten']",,,False,False
A93,2025-048809--vi-bs.2026-05-30_00-00-00-000.devi-zus.2026-03-16_00-00-00-000_001.de3,A93 | Höchstädt - Schönwald, Weiden -> Hof, Weiden -> Hof,ROADWORKS,50.13193492238086,12.090155482897933,,,,,Schönwald,Höchstädt,,,,2026-05-30T00:00:00+02:00,2026-08-17T00:00:00+02:00,"Zeitraum dieser Bauphase: Beginn: 30.05.26 um 00:00 Uhr Ende: 17.08.26 um 00:00 Uhr (Ende der Gesamtmaßnahme: 28.11.26)  A93: Weiden -> Hof, zwischen 3.3 km hinter AS Höchstädt und 5.3 km vor AS Schönwald  Länge: 7.23 km | Maximale Durchfahrtsbreite: 3.5 m  A93 Erneuerung an der Decke D51",False,false,2+0_bidirectional,"2+0 configuration: 1 lane(s) in driving direction, 1 lane(s) for oncoming traffic, bidirectional traffic on one carriageway",5,2,3,True,True,"['BREAKDOWN_LANE', 'BORDER_LEFT', 'ARROW_DOWN', 'SEPARATE', 'ARROW_UP', 'SEPARATE', 'CLOSED', 'CLOSED', 'BORDER_RIGHT', 'CLOSED']",,"['Zeitraum dieser Bauphase:', 'Beginn: 30.05.26 um 00:00 Uhr', 'Ende: 17.08.26 um 00:00 Uhr', '(Ende der Gesamtmaßnahme: 28.11.26)', '', 'A93: Weiden -> Hof, zwischen 3.3 km hinter AS Höchstädt und 5.3 km vor AS Schönwald', '', 'Länge: 7.23 km | Maximale Durchfahrtsbreite: 3.5 m', '', 'A93 Erneuerung an der Decke D51']",2026-05-29 22:00:00+00:00,2026-08-16 22:00:00+00:00,False,False
A93,2025-048808--vi-bs.2026-06-30_00-00-00-000.devi-zus.2026-06-30_00-00-00-000.de3,A93 | Selb-Nord - Schönwald, Weiden -> Hof, Weiden -> Hof,ROADWORKS,50.21015591423859,12.108168479056324,,,,,Schönwald,Selb-Nord,,,,2026-06-30T00:00:00+02:00,2026-12-01T00:00:00+02:00,"Zeitraum dieser Bauphase: Beginn: 30.06.26 um 00:00 Uhr Ende: 01.12.26 um 00:00 Uhr (Ende der Gesamtmaßnahme: 01.12.26)  A93: Weiden -> Hof, zwischen 4.3 km hinter AS Selb-Nord und 0.3 km vor AS Schönwald  Länge: 1.1 km | Maximale Durchfahrtsbreite: 3.5 m  A93 Schallschutzarbeiten",True,false,2+0_bidirectional,"2+0 configuration: 2 lane(s) in driving direction, 2 lane(s) for oncoming traffic, bidirectional traffic on one carriageway",6,4,2,True,False,"['ARROW_DOWN', 'BORDER_LEFT', 'ARROW_DOWN', 'SEPARATE', 'ARROW_UP', 'SEPARATE', 'ARROW_UP', 'CLOSED', 'BORDER_RIGHT', 'CLOSED']",,"['Zeitraum dieser Bauphase:', 'Beginn: 30.06.26 um 00:00 Uhr', 'Ende: 01.12.26 um 00:00 Uhr', '(Ende der Gesamtmaßnahme: 01.12.26)', '', 'A93: Weiden -> Hof, zwischen 4.3 km hinter AS Selb-Nord und 0.3 km vor AS Schönwald', '', 'Länge: 1.1 km | Maximale Durchfahrtsbreite: 3.5 m', '', 'A93 Schallschutzarbeiten']",2026-06-29 22:00:00+00:00,2026-11-30 22:00:00+00:00,False,False
A93,2025-048808--vi-bs.2026-06-30_00-00-00-000.devi-zus.2026-06-30_00-00-00-000.de1,A93 | Schönwald - Selb-Nord, Hof -> Weiden, Hof -> Weiden,ROADWORKS,50.21459787350136,12.095074831061764,,,,,Selb-Nord,Schönwald,,,,2026-06-30T00:00:00+02:00,2026-12-01T00:00:00+02:00,"Zeitraum dieser Bauphase: Beginn: 30.06.26 um 00:00 Uhr Ende: 01.12.26 um 00:00 Uhr (Ende der Gesamtmaßnahme: 01.12.26)  A93: Hof -> Weiden, zwischen 0.3 km hinter AS Schönwald und 4.3 km vor AS Selb-Nord  Länge: 1.1 km | Maximale Durchfahrtsbreite: 5.5 m  A93 Schallschutzarbeiten",True,false,2+0_bidirectional,"2+0 configuration: 2 lane(s) in driving direction, 2 lane(s) for oncoming traffic, bidirectional traffic on one carriageway",6,4,2,True,False,"['CLOSED', 'BORDER_LEFT', 'CLOSED', 'ARROW_DOWN', 'SEPARATE', 'ARROW_DOWN', 'SEPARATE', 'ARROW_UP', 'BORDER_RIGHT', 'ARROW_UP']",,"['Zeitraum dieser Bauphase:', 'Beginn: 30.06.26 um 00:00 Uhr', 'Ende: 01.12.26 um 00:00 Uhr', '(Ende der Gesamtmaßnahme: 01.12.26)', '', 'A93: Hof -> Weiden, zwischen 0.3 km hinter AS Schönwald und 4.3 km vor AS Selb-Nord', '', 'Länge: 1.1 km | Maximale Durchfahrtsbreite: 5.5 m', '', 'A93 Schallschutzarbeiten']",2026-06-29 22:00:00+00:00,2026-11-30 22:00:00+00:00,False,False
A93,2025-048809--vi-bs.2026-05-30_00-00-00-000.devi-zus.2026-03-16_00-00-00-000_001.de1,A93 | Schönwald - Höchstädt, Hof -> Weiden, Hof -> Weiden,ROADWORKS,50.18433354914845,12.120264255185697,,,,,Höchstädt,Schönwald,,,,2026-05-30T00:00:00+02:00,2026-08-17T00:00:00+02:00,"Zeitraum dieser Bauphase: Beginn: 30.05.26 um 00:00 Uhr Ende: 17.08.26 um 00:00 Uhr (Ende der Gesamtmaßnahme: 28.11.26)  A93: Hof -> Weiden, zwischen 5.3 km hinter AS Schönwald und 3.3 km vor AS Höchstädt  Länge: 7.23 km | Maximale Durchfahrtsbreite: 5.7 m  A93 Erneuerung an der Decke D51",False,false,2+0_bidirectional,"2+0 configuration: 1 lane(s) in driving direction, 1 lane(s) for oncoming traffic, bidirectional traffic on one carriageway",5,2,3,True,True,"['CLOSED', 'BORDER_LEFT', 'CLOSED', 'CLOSED', 'SEPARATE', 'ARROW_DOWN', 'SEPARATE', 'ARROW_UP', 'BORDER_RIGHT', 'BREAKDOWN_LANE']",,"['Zeitraum dieser Bauphase:', 'Beginn: 30.05.26 um 00:00 Uhr', 'Ende: 17.08.26 um 00:00 Uhr', '(Ende der Gesamtmaßnahme: 28.11.26)', '', 'A93: Hof -> Weiden, zwischen 5.3 km hinter AS Schönwald und 3.3 km vor AS Höchstädt', '', 'Länge: 7.23 km | Maximale Durchfahrtsbreite: 5.7 m', '', 'A93 Erneuerung an der Decke D51']",2026-05-29 22:00:00+00:00,2026-08-16 22:00:00+00:00,False,False
A93,2025-063334--vi-bs.2026-06-24_00-00-00-000.devi-zus.2026-04-13_00-00-00-000_014.de81,A3 Erneuerung BW 50 Vorarbeiten, Holledau -> Regensburg, Holledau -> Regensburg,ROADWORKS,49.00621720873648,12.06097901681181,,,,,,,,,,2026-06-24T00:00:00+02:00,2026-07-11T00:00:00+02:00,"Zeitraum dieser Bauphase: Beginn: 24.06.26 um 00:00 Uhr Ende: 11.07.26 um 00:00 Uhr (Ende der Gesamtmaßnahme: 24.11.26)  Von A93: Holledau -> Regensburg, zwischen 0.6 km hinter AS Regensburg-Kumpfmühl und AS Regensburg-Königswiesen nach Abfahrt von der A93: AS Regensburg-Königswiesen (aus Richtung Regensburg-Kumpfmühl)  Länge: 0.21 km | Maximale Durchfahrtsbreite: 2.75 m  A3 Erneuerung BW 50 Vorarbeiten",True,false,2+0_bidirectional,"2+0 configuration: 0 lane(s) in driving direction, 1 lane(s) for oncoming traffic, bidirectional traffic on one carriageway",1,1,0,True,True,"['SEPARATE', 'ARROW_UP', 'BORDER_RIGHT', 'BREAKDOWN_LANE']",,"['Zeitraum dieser Bauphase:', 'Beginn: 24.06.26 um 00:00 Uhr', 'Ende: 11.07.26 um 00:00 Uhr', '(Ende der Gesamtmaßnahme: 24.11.26)', '', 'Von A93: Holledau -> Regensburg, zwischen 0.6 km hinter AS Regensburg-Kumpfmühl und AS Regensburg-Königswiesen nach Abfahrt von der A93: AS Regensburg-Königswiesen (aus Richtung Regensburg-Kumpfmühl)', '', 'Länge: 0.21 km | Maximale Durchfahrtsbreite: 2.75 m', '', 'A3 Erneuerung BW 50 Vorarbeiten']",2026-06-23 22:00:00+00:00,2026-07-10 22:00:00+00:00,False,False
A93,2025-063334--vi-bs.2026-06-24_00-00-00-000.devi-zus.2026-04-13_00-00-00-000_014.de79,A3 Erneuerung BW 50 Vorarbeiten, AS Regensburg-Kumpfmühl (aus Richtung Regensburg) nach A93, AS Regensburg-Kumpfmühl (aus Richtung Regensburg) nach A93,ROADWORKS,49.00206823774284,12.065525855747598,,,,,,,,,,2026-06-24T00:00:00+02:00,2026-07-11T00:00:00+02:00,"Zeitraum dieser Bauphase: Beginn: 24.06.26 um 00:00 Uhr Ende: 11.07.26 um 00:00 Uhr (Ende der Gesamtmaßnahme: 24.11.26)  Von Auffahrt auf die A93: AS Regensburg-Kumpfmühl (aus Richtung Regensburg) nach A93: Holledau -> Regensburg, zwischen AS Regensburg-Kumpfmühl und 0.5 km vor AS Regensburg-Königswiesen  Länge: 0.58 km | Maximale Durchfahrtsbreite: 2.75 m  A3 Erneuerung BW 50 Vorarbeiten",True,false,2+0_bidirectional,"2+0 configuration: 0 lane(s) in driving direction, 1 lane(s) for oncoming traffic, bidirectional traffic on one carriageway",2,1,1,True,False,"['SEPARATE', 'ARROW_UP', 'CLOSED']",,"['Zeitraum dieser Bauphase:', 'Beginn: 24.06.26 um 00:00 Uhr', 'Ende: 11.07.26 um 00:00 Uhr', '(Ende der Gesamtmaßnahme: 24.11.26)', '', 'Von Auffahrt auf die A93: AS Regensburg-Kumpfmühl (aus Richtung Regensburg) nach A93: Holledau -> Regensburg, zwischen AS Regensburg-Kumpfmühl und 0.5 km vor AS Regensburg-Königswiesen', '', 'Länge: 0.58 km | Maximale Durchfahrtsbreite: 2.75 m', '', 'A3 Erneuerung BW 50 Vorarbeiten']",2026-06-23 22:00:00+00:00,2026-07-10 22:00:00+00:00,False,False
