date;weekday_iso;doy;has_observed_weather;weather_source;precip_mm;snowfall_mm;low_vis_hours;t_min_c;t_max_c;has_ice_risk;precip_mm_mean;precip_mm_p90;precip_prob_wet;low_vis_hours_mean;low_vis_prob_foggy;ice_risk_prob;t_min_c_mean;t_max_c_mean;n_years
日期;星期(1=周一..7=周日);一年中的第几天;是否有真实历史天气;天气来源(observed/climatology);真实日降水量mm;真实日降雪量mm;真实低能见度小时数;真实日最低气温C;真实日最高气温C;真实是否有结冰风险;气候态平均降水量mm;气候态90分位降水量mm;气候态湿日概率;气候态平均低能见度小时数;气候态低能见度/雾概率;气候态结冰风险概率;气候态平均最低气温C;气候态平均最高气温C;气候态统计年份数
2023-01-01;7;1;1;observed;0.0;0.0;0;5.7;15.6;0;0.375;0.96;0.125;1.25;0.125;0.625;-0.4375;8.75;8
2023-01-02;1;2;1;observed;0.0;0.0;0;5.1;15.1;0;2.1624999999999996;7.199999999999999;0.375;1.625;0.125;0.75;-0.8375000000000001;7.2250000000000005;8
2023-01-03;2;3;1;observed;2.3;0.0;18;2.2;9.2;0;2.8375;6.829999999999998;0.5;5.375;0.375;0.625;-0.875;6.625;8
2023-01-04;3;4;1;observed;0.0;0.0;2;0.6;8.6;0;4.6375;11.379999999999999;0.5;6.625;0.5;0.375;-0.3375;5.7125;8
2023-01-05;4;5;1;observed;1.8;0.0;15;7.4;11.2;0;5.8125;13.6;0.75;9.125;0.625;0.625;0.45000000000000007;5.7375;8
2023-01-06;5;6;1;observed;0.2;0.0;6;3.1;11.4;0;5.9375;19.59;0.5;11.125;0.75;0.625;-0.43750000000000006;6.0;8
2023-01-07;6;7;1;observed;0.0;0.0;0;-0.9;8.9;1;4.062500000000001;10.759999999999998;0.5;8.0;0.375;0.75;-1.9125;4.1375;8
2023-01-08;7;8;1;observed;0.1;0.0;0;-0.9;7.7;1;1.4124999999999999;3.389999999999999;0.25;5.125;0.25;1.0;-2.85;3.9375;8
2023-01-09;1;9;1;observed;4.5;0.0;0;1.9;7.5;0;2.4124999999999996;6.059999999999999;0.5;5.375;0.375;0.875;-2.175;5.425000000000001;8
2023-01-10;2;10;1;observed;5.4;1.05;10;-2.5;4.7;1;4.0375000000000005;10.589999999999996;0.375;7.5;0.625;0.875;-3.625;3.2;8
2023-01-11;3;11;1;observed;5.1000000000000005;0.0;6;-2.0;10.8;1;1.2750000000000001;3.2099999999999995;0.5;8.5;0.625;1.0;-5.175;2.375;8
2023-01-12;4;12;1;observed;0.2;0.0;1;0.0;9.2;0;1.2;4.42;0.25;8.375;0.5;0.875;-4.4;3.425;8
2023-01-13;5;13;1;observed;3.9000000000000004;0.28;0;1.0;11.1;1;3.4750000000000005;9.169999999999998;0.375;6.25;0.625;1.0;-3.425;3.775;8
2023-01-14;6;14;1;observed;0.0;0.0;0;0.6;9.0;0;3.95;13.519999999999998;0.25;5.75;0.375;0.875;-4.125;5.15;8
2023-01-15;7;15;1;observed;6.9;0.0;4;-0.2;10.0;1;1.85;4.7299999999999995;0.375;6.0;0.375;1.0;-3.6875;4.5249999999999995;8
2023-01-16;1;16;1;observed;0.0;0.0;0;-2.0;7.6;1;2.5875;7.479999999999999;0.25;4.25;0.375;1.0;-4.05;5.575;8
2023-01-17;2;17;1;observed;0.6;0.49;0;-4.6;4.6;1;2.725;8.11;0.625;6.125;0.375;1.0;-3.525;5.0;8
2023-01-18;3;18;1;observed;6.6000000000000005;4.48;8;-1.8;4.6;1;4.6125;9.68;0.75;7.875;0.625;1.0;-1.875;4.5;8
2023-01-19;4;19;1;observed;0.6000000000000001;0.42000000000000004;10;-3.2;0.9;1;3.1374999999999997;7.569999999999997;0.375;4.75;0.375;1.0;-4.675;3.6375;8
2023-01-20;5;20;1;observed;2.5;1.75;6;-4.8;0.6;1;1.3;3.65;0.375;3.375;0.25;1.0;-4.9;4.1625;8
2023-01-21;6;21;1;observed;7.6;5.39;24;-2.5;-1.2;1;2.1125;7.63;0.375;6.125;0.5;0.875;-3.725;3.2125;8
2023-01-22;7;22;1;observed;1.2;0.8400000000000001;12;-6.1;-0.1;1;5.2;14.709999999999997;0.5;6.0;0.375;0.875;-4.1875;4.7625;8
2023-01-23;1;23;1;observed;0.8;0.56;22;-8.1;-0.6;1;1.5875000000000001;3.3899999999999997;0.375;8.25;0.375;0.875;-2.9375;3.6875;8
2023-01-24;2;24;1;observed;0.0;0.0;24;-3.0;2.8;1;0.4875;1.3899999999999997;0.125;6.625;0.375;0.875;-2.9125;6.8875;8
2023-01-25;3;25;1;observed;0.0;0.0;23;-2.2;1.4;1;1.275;3.9899999999999993;0.25;6.625;0.375;0.625;-1.9625;6.3;8
2023-01-26;4;26;1;observed;0.0;0.0;24;-2.6;-0.6;1;2.2;7.109999999999999;0.375;6.125;0.375;0.625;-1.7125;6.0625;8
2023-01-27;5;27;1;observed;2.5;1.7500000000000002;24;-3.2;-0.2;1;0.9500000000000001;2.8899999999999997;0.25;5.75;0.375;1.0;-3.0375;7.4;8
2023-01-28;6;28;1;observed;1.5;1.05;24;-1.8;0.2;1;5.225;12.87;0.75;8.0;0.5;0.875;-0.25;5.7875;8
2023-01-29;7;29;1;observed;0.0;0.0;7;-6.4;1.4;1;1.3375000000000001;4.61;0.25;1.5;0.125;0.75;-1.5;7.6;8
2023-01-30;1;30;1;observed;1.4000000000000001;0.42;5;-8.1;5.5;1;1.8875;3.6999999999999997;0.625;6.125;0.375;0.625;-1.55;8.225;8
2023-01-31;2;31;1;observed;0.4;0.21000000000000002;9;0.5;4.9;1;2.6;6.47;0.5;8.375;0.5;0.75;-0.5;7.275;8
2023-02-01;3;32;1;observed;0.6000000000000001;0.0;15;3.4;6.5;0;2.925;7.359999999999999;0.5;8.125;0.5;0.75;0.22499999999999995;6.9625;8
2023-02-02;4;33;1;observed;22.5;8.75;18;3.2;4.2;1;6.4125000000000005;13.539999999999997;0.75;9.5;0.625;0.625;2.175;6.55;8
2023-02-03;5;34;1;observed;6.5;0.0;16;3.2;7.3;0;13.6625;40.55;0.75;11.0;0.75;0.375;1.6875;7.3625;8
2023-02-04;6;35;1;observed;13.5;2.8000000000000003;17;0.6;4.5;1;4.0875;11.399999999999999;0.625;7.0;0.5;0.75;-0.7625000000000001;6.7375;8
2023-02-05;7;36;1;observed;1.2000000000000002;0.8400000000000001;10;-2.9;4.0;1;0.8500000000000001;2.5199999999999996;0.375;2.625;0.25;0.75;-3.2375;6.2375;8
2023-02-06;1;37;1;observed;0.5;0.35000000000000003;14;-3.5;2.0;1;0.25;0.7399999999999999;0.125;3.75;0.25;0.75;-3.875;6.45;8
2023-02-07;2;38;1;observed;0.0;0.0;0;-5.7;2.0;1;2.5374999999999996;6.259999999999998;0.375;3.75;0.25;0.75;-3.2125;5.3625;8
2023-02-08;3;39;1;observed;0.0;0.0;0;-7.8;1.0;1;1.2;3.55;0.375;3.875;0.375;0.875;-2.45;7.75;8
2023-02-09;4;40;1;observed;0.0;0.0;0;-7.2;5.0;1;0.2625;0.8399999999999999;0.125;2.25;0.125;0.875;-1.775;8.375;8
2023-02-10;5;41;1;observed;0.0;0.0;0;-4.6;5.8;1;1.7125;5.73;0.375;5.875;0.375;0.75;-1.225;8.4;8
2023-02-11;6;42;1;observed;0.4;0.28;0;-4.7;7.3;1;4.8125;8.760000000000002;0.75;5.0;0.5;0.875;-1.4874999999999998;5.0874999999999995;8
2023-02-12;7;43;1;observed;0.0;0.0;10;-2.0;7.6;1;1.5875;3.7;0.5;2.75;0.125;0.875;-2.225;5.425;8
2023-02-13;1;44;1;observed;0.0;0.0;1;-3.3;6.2;1;1.225;4.01;0.25;1.625;0.125;1.0;-3.525;6.4125000000000005;8
2023-02-14;2;45;1;observed;0.0;0.0;0;-3.3;8.2;1;0.7375;2.11;0.375;3.75;0.125;0.875;-3.6;7.1875;8
2023-02-15;3;46;1;observed;0.0;0.0;0;-3.5;8.8;1;1.6500000000000001;5.1899999999999995;0.25;3.625;0.375;0.75;-3.0250000000000004;8.1;8
2023-02-16;4;47;1;observed;0.0;0.0;0;-2.7;12.5;1;2.475;6.849999999999998;0.375;6.25;0.375;0.625;-1.175;9.6375;8
2023-02-17;5;48;1;observed;0.0;0.0;2;2.0;14.9;0;3.6125000000000003;8.219999999999999;0.625;8.0;0.375;0.375;1.875;10.2875;8
2023-02-18;6;49;1;observed;0.0;0.0;1;8.2;16.4;0;0.9;2.6399999999999992;0.25;4.875;0.375;0.5;0.5499999999999998;10.3875;8
2023-02-19;7;50;1;observed;4.6;0.0;6;5.9;10.0;0;3.0875;6.739999999999999;0.5;5.125;0.375;0.5;-0.3749999999999999;8.1375;8
2023-02-20;1;51;1;observed;0.4;0.0;4;4.0;15.1;0;1.5;3.379999999999999;0.375;5.875;0.375;0.5;-0.30000000000000004;10.725;8
2023-02-21;2;52;1;observed;0.0;0.0;0;1.0;15.0;0;1.05;2.76;0.375;3.0;0.125;0.625;6.938893903907228e-18;10.8375;8
2023-02-22;3;53;1;observed;0.0;0.0;0;0.8;13.8;0;2.7125;7.919999999999998;0.375;5.0;0.375;0.625;0.5624999999999999;10.575;8
2023-02-23;4;54;1;observed;1.5;0.0;8;2.4;11.2;0;2.5375;7.009999999999998;0.375;5.625;0.375;0.375;0.6625000000000001;10.125;8
2023-02-24;5;55;1;observed;6.8;0.0;2;0.1;12.9;0;2.8125;9.049999999999999;0.375;4.25;0.375;0.5;-0.55;10.9875;8
2023-02-25;6;56;1;observed;21.0;4.34;11;-0.6;6.3;1;3.3625;8.259999999999996;0.5;1.625;0.125;0.625;-0.7625;10.100000000000001;8
2023-02-26;7;57;1;observed;6.0;4.2;14;-5.3;0.0;1;3.075;7.859999999999999;0.5;7.375;0.5;0.75;-1.775;6.95;8
2023-02-27;1;58;1;observed;0.9;0.6300000000000001;16;-3.9;-0.2;1;1.675;4.469999999999999;0.25;8.0;0.375;0.875;-2.5625;5.7875;8
2023-02-28;2;59;1;observed;0.0;0.0;5;-8.6;2.3;1;0.825;2.6399999999999997;0.25;4.375;0.25;0.75;-4.025;6.4125;8
2023-03-01;3;60;1;observed;0.0;0.0;7;-5.2;5.3;1;0.975;2.459999999999999;0.125;5.0;0.5;0.75;-2.6875;7.6625;8
2023-03-02;4;61;1;observed;0.0;0.0;0;-3.8;10.4;1;1.0125;2.53;0.5;2.875;0.25;0.625;-2.3874999999999997;8.4375;8
2023-03-03;5;62;1;observed;0.0;0.0;6;0.8;7.9;0;0.3625;0.9799999999999998;0.125;1.75;0.125;0.625;-1.2375;11.0625;8
2023-03-04;6;63;1;observed;0.0;0.0;13;-2.3;8.1;1;1.6625;4.469999999999999;0.25;2.875;0.25;0.75;-0.8749999999999999;11.299999999999999;8
2023-03-05;7;64;1;observed;0.30000000000000004;0.07;21;0.5;4.3;1;1.5625000000000002;4.419999999999999;0.25;6.0;0.375;0.75;-1.125;8.5375;8
2023-03-06;1;65;1;observed;0.1;0.0;14;-2.0;5.0;1;0.7000000000000001;2.09;0.25;6.375;0.5;0.875;-1.6125;9.05;8
2023-03-07;2;66;1;observed;0.0;0.0;1;-0.9;8.4;1;2.0625;5.31;0.5;4.75;0.25;0.625;-0.15000000000000008;8.8125;8
2023-03-08;3;67;1;observed;5.699999999999999;0.91;2;-0.4;7.9;1;1.8875;5.49;0.5;3.5;0.25;0.75;-0.5375;8.9125;8
2023-03-09;4;68;1;observed;8.6;0.28;0;1.8;13.7;1;1.3499999999999999;3.6299999999999986;0.25;0.125;0.0;0.75;-1.05;12.0125;8
2023-03-10;5;69;1;observed;3.1;0.0;0;2.5;12.4;0;1.9375;4.1;0.5;1.75;0.125;0.375;1.4125;11.3875;8
2023-03-11;6;70;1;observed;0.9;0.14;9;0.3;4.8;1;2.35;5.609999999999998;0.375;2.125;0.125;0.625;0.5125;11.3875;8
2023-03-12;7;71;1;observed;1.1;0.07;11;-0.7;9.2;1;1.8125;4.8999999999999995;0.5;3.125;0.25;0.5;0.9624999999999999;11.5375;8
2023-03-13;1;72;1;observed;0.0;0.0;0;0.3;17.9;0;3.4875;8.359999999999998;0.5;2.875;0.125;0.5;1.6375;12.7125;8
2023-03-14;2;73;1;observed;17.7;0.0;2;4.3;10.4;0;7.3;12.099999999999998;0.875;6.375;0.5;0.5;2.1125;9.2125;8
2023-03-15;3;74;1;observed;10.4;4.97;7;0.8;6.8;1;5.875;12.559999999999999;0.75;6.0;0.375;0.5;1.5;9.625;8
2023-03-16;4;75;1;observed;1.0;0.35000000000000003;3;-1.9;9.5;1;4.325;9.369999999999997;0.75;6.5;0.375;0.375;1.2000000000000002;10.7375;8
2023-03-17;5;76;1;observed;0.0;0.0;0;-0.7;17.7;1;2.3375;6.050000000000001;0.5;5.0;0.375;0.625;0.8375;12.0375;8
2023-03-18;6;77;1;observed;0.0;0.0;0;2.0;17.0;0;1.525;3.44;0.5;3.0;0.25;0.5;0.36250000000000016;9.475;8
2023-03-19;7;78;1;observed;1.4;0.0;5;3.9;13.8;0;2.8125;7.35;0.625;6.25;0.375;0.625;-0.04999999999999999;9.0;8
2023-03-20;1;79;1;observed;8.5;0.0;9;6.3;11.6;0;2.3625;6.539999999999999;0.375;4.625;0.375;0.625;-0.3499999999999999;10.0875;8
2023-03-21;2;80;1;observed;0.0;0.0;0;4.0;14.9;0;0.6499999999999999;2.09;0.25;2.75;0.25;0.625;-0.7374999999999999;11.8625;8
2023-03-22;3;81;1;observed;0.0;0.0;0;4.8;17.9;0;4.725;15.399999999999999;0.375;4.25;0.25;0.625;0.525;11.5375;8
2023-03-23;4;82;1;observed;0.0;0.0;0;5.2;19.5;0;1.725;4.609999999999999;0.375;4.75;0.375;0.5;1.225;12.6125;8
2023-03-24;5;83;1;observed;15.0;0.0;2;7.3;15.3;0;2.7375;7.649999999999999;0.375;1.25;0.0;0.5;0.48749999999999993;12.762500000000001;8
2023-03-25;6;84;1;observed;0.8;0.0;0;7.0;12.3;0;1.175;3.16;0.375;1.75;0.125;0.625;0.95;11.4875;8
2023-03-26;7;85;1;observed;0.9;0.0;0;3.8;10.6;0;1.2375;2.88;0.375;3.5;0.25;0.25;1.0625;10.925;8
2023-03-27;1;86;1;observed;5.0;0.56;13;0.3;5.9;1;2.0625;5.09;0.625;6.625;0.375;0.5;0.5875;10.3375;8
2023-03-28;2;87;1;observed;2.4;1.68;4;-2.7;6.7;1;2.0125;6.01;0.375;2.125;0.125;0.375;0.5375;13.9625;8
2023-03-29;3;88;1;observed;3.6;0.6299999999999999;2;-1.6;14.0;1;4.362500000000001;10.99;0.5;2.75;0.125;0.5;1.6375;13.8625;8
2023-03-30;4;89;1;observed;7.8;0.0;1;5.8;14.4;0;1.675;4.6499999999999995;0.5;2.125;0.25;0.125;3.5;15.2375;8
2023-03-31;5;90;1;observed;4.199999999999999;0.0;0;5.1;15.4;0;3.9625;9.1;0.625;6.375;0.5;0.375;3.0375;12.7625;8
2023-04-01;6;91;1;observed;5.7;0.0;0;6.2;12.3;0;2.4875;5.97;0.5;4.75;0.25;0.25;2.5625;12.5625;8
2023-04-02;7;92;1;observed;13.5;0.14;10;3.5;10.5;1;3.5124999999999997;11.819999999999999;0.375;5.0;0.375;0.5;1.225;12.299999999999999;8
2023-04-03;1;93;1;observed;2.9000000000000004;0.28;20;-0.2;4.6;1;0.8625;2.55;0.25;6.375;0.375;0.375;1.8125;11.9375;8
2023-04-04;2;94;1;observed;0.0;0.0;1;-3.8;3.9;1;0.4625;1.5499999999999998;0.25;1.125;0.125;0.375;0.8750000000000001;12.975;8
2023-04-05;3;95;1;observed;0.0;0.0;0;-4.1;6.4;1;3.3249999999999997;7.369999999999998;0.625;4.875;0.25;0.375;2.1;13.1625;8
2023-04-06;4;96;1;observed;0.0;0.0;2;-4.8;9.6;1;1.6500000000000001;5.050000000000001;0.375;1.25;0.125;0.375;1.2875;12.7375;8
2023-04-07;5;97;1;observed;0.8999999999999999;0.0;3;-0.9;10.4;1;0.825;1.8799999999999997;0.25;1.125;0.0;0.375;1.9375;14.825;8
2023-04-08;6;98;1;observed;6.2;0.0;12;2.7;6.0;0;4.6625;10.609999999999998;0.5;5.25;0.5;0.25;3.575;14.3125;8
2023-04-09;7;99;1;observed;0.6000000000000001;0.0;8;0.3;8.3;0;1.3375;4.47;0.25;3.0;0.25;0.375;3.3375;16.4375;8
2023-04-10;1;100;1;observed;0.0;0.0;0;-1.7;13.1;1;1.7;4.329999999999999;0.375;2.75;0.25;0.375;3.925;15.2125;8
2023-04-11;2;101;1;observed;5.4;0.0;2;3.5;9.0;0;2.1;5.85;0.375;2.625;0.125;0.125;4.55;14.9875;8
2023-04-12;3;102;1;observed;8.0;0.0;5;2.2;14.9;0;2.5375;9.29;0.25;3.75;0.25;0.25;3.3125;16.0375;8
2023-04-13;4;103;1;observed;9.2;0.0;1;3.9;8.7;0;3.5;10.219999999999999;0.375;2.0;0.125;0.125;3.8125;14.8875;8
2023-04-14;5;104;1;observed;11.6;0.07;15;2.5;7.8;1;1.8875;5.159999999999998;0.25;3.625;0.25;0.25;4.1125;15.399999999999999;8
2023-04-15;6;105;1;observed;8.0;0.0;2;4.2;8.1;0;2.375;6.32;0.5;4.0;0.25;0.125;4.725;14.5;8
2023-04-16;7;106;1;observed;1.4;0.0;16;4.2;10.1;0;2.075;6.859999999999999;0.375;5.0;0.375;0.25;3.625;14.0625;8
2023-04-17;1;107;1;observed;1.3;0.0;2;1.6;11.5;0;0.575;1.69;0.25;2.875;0.25;0.25;3.35;14.7375;8
2023-04-18;2;108;1;observed;1.2;0.0;19;5.9;11.5;0;2.6;7.259999999999998;0.375;8.0;0.5;0.25;3.6625;14.2;8
2023-04-19;3;109;1;observed;12.9;0.0;19;4.4;10.4;0;2.85;7.93;0.5;4.5;0.25;0.125;3.95;15.775;8
2023-04-20;4;110;1;observed;4.7;0.0;16;3.0;10.5;0;2.475;5.869999999999999;0.5;4.625;0.25;0.25;4.324999999999999;16.45;8
2023-04-21;5;111;1;observed;0.2;0.0;2;4.1;16.9;0;0.8875;2.6899999999999995;0.25;1.5;0.125;0.375;3.8375;16.7375;8
2023-04-22;6;112;1;observed;0.0;0.0;0;3.8;20.8;0;2.8125;10.74;0.25;1.25;0.125;0.125;5.025;17.325;8
2023-04-23;7;113;1;observed;8.9;0.0;4;8.2;17.7;0;2.3;5.469999999999999;0.5;3.75;0.25;0.125;5.8374999999999995;17.45;8
2023-04-24;1;114;1;observed;8.2;0.0;2;7.2;12.7;0;4.0;7.779999999999999;0.625;4.875;0.25;0.0;6.0;15.9125;8
2023-04-25;2;115;1;observed;5.6;0.63;5;3.8;11.7;1;2.5374999999999996;6.35;0.5;3.375;0.25;0.125;5.5;16.575;8
2023-04-26;3;116;1;observed;4.1;0.07;15;3.2;10.6;1;4.3625;9.03;0.75;5.875;0.375;0.25;5.125;13.7875;8
2023-04-27;4;117;1;observed;0.5;0.0;10;3.3;13.9;0;0.825;2.59;0.25;3.5;0.375;0.125;3.375;16.3125;8
2023-04-28;5;118;1;observed;18.3;0.0;4;5.4;12.9;0;2.9375;7.589999999999997;0.375;0.625;0.0;0.0;5.25;17.3375;8
2023-04-29;6;119;1;observed;2.6;0.0;4;8.9;18.1;0;2.475;7.0;0.5;2.75;0.25;0.0;7.2125;18.8375;8
2023-04-30;7;120;1;observed;0.2;0.0;12;8.0;16.0;0;5.5;11.959999999999997;0.5;6.625;0.5;0.0;7.5625;16.7875;8
2023-05-01;1;121;1;observed;6.2;0.0;8;4.5;15.4;0;2.9875;6.35;0.5;7.5;0.5;0.0;6.625;17.5375;8
2023-05-02;2;122;1;observed;4.7;0.0;6;7.8;12.9;0;5.25;15.079999999999998;0.5;3.125;0.25;0.0;6.35;17.925;8
2023-05-03;3;123;1;observed;0.9;0.0;0;4.4;15.5;0;2.8375;6.02;0.75;2.875;0.125;0.0;7.3875;16.925;8
2023-05-04;4;124;1;observed;0.0;0.0;0;3.1;19.0;0;6.0249999999999995;11.319999999999999;0.75;5.875;0.5;0.0;6.1;15.925;8
2023-05-05;5;125;1;observed;3.4000000000000004;0.0;0;5.9;21.5;0;6.0125;12.809999999999999;0.875;6.0;0.25;0.125;6.2375;15.15;8
2023-05-06;6;126;1;observed;3.1;0.0;1;9.1;18.6;0;3.4875000000000003;7.46;0.625;6.875;0.375;0.0;6.425;14.6875;8
2023-05-07;7;127;1;observed;0.0;0.0;0;9.0;21.0;0;3.5875;9.139999999999999;0.5;3.875;0.25;0.0;6.125;15.775;8
2023-05-08;1;128;1;observed;0.7999999999999999;0.0;7;9.8;15.8;0;1.3125;3.23;0.375;3.625;0.5;0.125;5.925;16.6125;8
2023-05-09;2;129;1;observed;1.0;0.0;0;7.9;19.8;0;4.612500000000001;14.349999999999998;0.25;3.375;0.125;0.0;6.9125000000000005;18.55;8
2023-05-10;3;130;1;observed;29.2;0.0;15;9.6;13.8;0;4.4;10.159999999999995;0.5;3.875;0.25;0.0;8.7875;19.7875;8
2023-05-11;4;131;1;observed;17.9;0.0;20;7.4;9.8;0;4.4875;15.03;0.375;4.625;0.25;0.0;8.637500000000001;19.4125;8
2023-05-12;5;132;1;observed;0.1;0.0;4;4.0;14.4;0;8.65;29.639999999999997;0.375;6.5;0.25;0.125;7.125;17.725;8
2023-05-13;6;133;1;observed;0.9;0.0;16;8.2;14.7;0;4.1875;9.84;0.625;6.125;0.375;0.125;7.55;16.1125;8
2023-05-14;7;134;1;observed;2.0;0.0;18;7.4;14.8;0;3.8875;10.549999999999999;0.625;4.625;0.25;0.0;7.1375;16.9125;8
2023-05-15;1;135;1;observed;8.9;0.0;11;8.8;15.6;0;5.675000000000001;11.7;0.625;8.375;0.5;0.0;7.875;16.0125;8
2023-05-16;2;136;1;observed;17.4;0.0;10;7.7;12.6;0;8.7125;17.97;0.75;7.125;0.5;0.0;7.075;14.9875;8
2023-05-17;3;137;1;observed;11.0;0.0;19;6.7;10.8;0;4.4;11.0;0.625;3.75;0.125;0.125;7.3375;16.7625;8
2023-05-18;4;138;1;observed;0.0;0.0;12;5.3;12.6;0;3.725;10.269999999999998;0.5;2.625;0.25;0.0;7.95;17.425;8
2023-05-19;5;139;1;observed;0.0;0.0;9;3.8;15.8;0;1.7000000000000002;5.83;0.375;2.0;0.25;0.0;7.1625;19.7;8
2023-05-20;6;140;1;observed;0.0;0.0;0;6.8;23.4;0;5.15;12.379999999999995;0.625;1.25;0.125;0.0;8.925;20.375;8
2023-05-21;7;141;1;observed;0.0;0.0;0;10.6;25.4;0;6.1;17.219999999999995;0.5;2.0;0.125;0.0;9.95;20.0375;8
2023-05-22;1;142;1;observed;0.0;0.0;0;10.9;24.9;0;5.2;12.31;0.625;3.25;0.125;0.0;10.0375;18.6;8
2023-05-23;2;143;1;observed;17.3;0.0;6;13.3;20.0;0;4.9875;11.419999999999998;0.625;1.625;0.125;0.0;9.4875;19.6625;8
2023-05-24;3;144;1;observed;8.5;0.0;14;10.0;13.9;0;8.8;14.629999999999999;0.875;3.75;0.25;0.0;8.6875;18.1875;8
2023-05-25;4;145;1;observed;0.9;0.0;12;8.9;19.9;0;3.2;6.77;0.75;4.0;0.375;0.0;8.55;17.9375;8
2023-05-26;5;146;1;observed;0.1;0.0;0;10.4;21.5;0;4.425;11.559999999999999;0.5;1.125;0.0;0.0;9.4625;19.5125;8
2023-05-27;6;147;1;observed;0.0;0.0;0;10.7;20.7;0;2.65;7.13;0.625;1.625;0.125;0.0;9.3375;19.2375;8
2023-05-28;7;148;1;observed;0.0;0.0;0;9.4;21.5;0;6.9625;16.099999999999998;0.625;3.375;0.375;0.0;9.125;19.4375;8
2023-05-29;1;149;1;observed;0.0;0.0;0;8.9;22.1;0;6.45;13.399999999999999;0.75;3.5;0.25;0.0;9.275;17.075;8
2023-05-30;2;150;1;observed;0.0;0.0;0;9.4;21.6;0;0.41250000000000003;0.86;0.0;1.125;0.125;0.0;7.9625;19.4;8
2023-05-31;3;151;1;observed;0.0;0.0;0;9.4;21.6;0;2.5625;8.439999999999998;0.25;1.0;0.0;0.0;8.875;21.0375;8
2023-06-01;4;152;1;observed;0.0;0.0;0;10.2;24.3;0;3.35;8.849999999999998;0.375;2.25;0.125;0.0;9.8;20.875;8
2023-06-02;5;153;1;observed;0.0;0.0;0;10.9;23.9;0;5.1375;12.649999999999995;0.375;2.25;0.125;0.0;10.35;21.5125;8
2023-06-03;6;154;1;observed;0.0;0.0;0;11.9;21.2;0;3.6625;9.870000000000001;0.375;1.625;0.125;0.0;11.325000000000001;23.575;8
2023-06-04;7;155;1;observed;0.0;0.0;0;9.7;22.5;0;4.775;11.539999999999996;0.125;2.25;0.125;0.0;11.8875;24.75;8
2023-06-05;1;156;1;observed;2.6999999999999997;0.0;3;12.4;19.6;0;5.775;14.309999999999999;0.625;2.0;0.0;0.0;13.2375;22.65;8
2023-06-06;2;157;1;observed;2.1;0.0;7;11.1;21.6;0;4.475;12.179999999999996;0.375;2.875;0.25;0.0;11.95;22.2375;8
2023-06-07;3;158;1;observed;0.0;0.0;0;11.0;23.2;0;7.25;20.49;0.625;1.875;0.25;0.0;12.1;21.6;8
2023-06-08;4;159;1;observed;0.0;0.0;0;11.4;24.8;0;4.55;11.68;0.625;2.5;0.125;0.0;12.425;21.0625;8
2023-06-09;5;160;1;observed;0.0;0.0;0;10.6;24.0;0;4.425;11.109999999999998;0.625;1.375;0.0;0.0;11.525;21.4125;8
2023-06-10;6;161;1;observed;0.5;0.0;0;11.9;23.4;0;4.7875;12.12;0.5;2.75;0.125;0.0;12.2625;21.975;8
2023-06-11;7;162;1;observed;0.1;0.0;1;12.6;24.0;0;3.5625;8.149999999999999;0.5;3.875;0.25;0.0;12.9375;22.675;8
2023-06-12;1;163;1;observed;0.0;0.0;0;11.4;23.5;0;2.9125;7.019999999999998;0.375;3.75;0.25;0.0;12.325;22.0625;8
2023-06-13;2;164;1;observed;0.0;0.0;0;9.5;22.1;0;9.6;26.029999999999994;0.5;5.0;0.125;0.0;11.7875;21.7875;8
2023-06-14;3;165;1;observed;0.0;0.0;0;8.4;23.0;0;1.1125;3.57;0.25;2.0;0.125;0.0;10.725;23.5;8
2023-06-15;4;166;1;observed;0.0;0.0;0;10.5;22.6;0;1.925;5.13;0.375;2.125;0.125;0.0;11.924999999999999;23.625;8
2023-06-16;5;167;1;observed;9.2;0.0;0;9.3;22.8;0;10.275;21.279999999999998;0.75;3.875;0.125;0.0;12.1625;21.2375;8
2023-06-17;6;168;1;observed;0.0;0.0;0;11.8;24.8;0;1.625;4.659999999999999;0.375;1.875;0.125;0.0;13.075;23.625;8
2023-06-18;7;169;1;observed;0.0;0.0;0;11.0;27.5;0;1.5125000000000002;4.63;0.375;0.25;0.0;0.0;12.575;26.2125;8
2023-06-19;1;170;1;observed;0.0;0.0;0;16.4;27.9;0;0.0125;0.029999999999999985;0.0;0.5;0.0;0.0;14.55;27.2625;8
2023-06-20;2;171;1;observed;0.1;0.0;0;16.5;32.0;0;2.625;7.93;0.375;0.625;0.0;0.0;15.55;26.3375;8
2023-06-21;3;172;1;observed;0.5;0.0;0;18.0;29.4;0;2.7125;6.369999999999999;0.5;1.75;0.125;0.0;15.1125;25.2875;8
2023-06-22;4;173;1;observed;1.9;0.0;0;16.6;33.8;0;5.699999999999999;11.139999999999999;0.875;2.0;0.125;0.0;14.1875;25.2875;8
2023-06-23;5;174;1;observed;3.5;0.0;2;17.3;23.6;0;2.825;5.369999999999999;0.75;3.125;0.25;0.0;14.075;23.475;8
2023-06-24;6;175;1;observed;0.1;0.0;1;14.4;22.2;0;4.325;13.65;0.625;5.5;0.375;0.0;14.15;23.525;8
2023-06-25;7;176;1;observed;0.0;0.0;0;11.4;26.8;0;2.1;6.43;0.375;1.375;0.125;0.0;13.2125;25.125;8
2023-06-26;1;177;1;observed;0.7;0.0;0;13.1;30.5;0;1.6625;4.819999999999999;0.25;0.0;0.0;0.0;13.5375;26.6625;8
2023-06-27;2;178;1;observed;0.30000000000000004;0.0;6;17.5;22.6;0;2.7375;6.68;0.5;1.0;0.125;0.0;14.7625;25.8375;8
2023-06-28;3;179;1;observed;9.2;0.0;1;13.8;21.1;0;5.9375;13.95;0.625;2.75;0.25;0.0;14.575;24.3875;8
2023-06-29;4;180;1;observed;0.0;0.0;0;11.1;26.8;0;4.6625;12.129999999999999;0.625;2.25;0.25;0.0;14.4625;26.25;8
2023-06-30;5;181;1;observed;7.4;0.0;2;16.5;22.6;0;6.9;17.479999999999997;0.375;0.75;0.0;0.0;14.8;26.125;8
2023-07-01;6;182;1;observed;8.7;0.0;10;15.8;22.6;0;4.5375;8.629999999999999;0.625;3.0;0.25;0.0;14.575;24.1;8
2023-07-02;7;183;1;observed;1.9000000000000001;0.0;0;16.1;23.1;0;3.4625;9.959999999999997;0.375;1.75;0.125;0.0;13.8;23.9;8
2023-07-03;1;184;1;observed;0.0;0.0;3;15.1;23.5;0;2.0999999999999996;5.9399999999999995;0.375;0.875;0.0;0.0;14.0375;24.4875;8
2023-07-04;2;185;1;observed;0.30000000000000004;0.0;1;13.7;24.0;0;5.925;12.629999999999999;0.625;2.75;0.25;0.0;14.625;22.9;8
2023-07-05;3;186;1;observed;14.799999999999999;0.0;2;13.6;23.9;0;3.3125;8.779999999999998;0.5;0.25;0.0;0.0;13.425;24.5875;8
2023-07-06;4;187;1;observed;0.39999999999999997;0.0;1;11.8;23.2;0;5.5125;13.129999999999995;0.5;2.75;0.25;0.0;13.9125;25.325;8
2023-07-07;5;188;1;observed;0.0;0.0;1;12.0;27.5;0;6.7;15.189999999999998;0.875;1.375;0.0;0.0;14.475;23.0;8
2023-07-08;6;189;1;observed;0.3;0.0;0;13.2;28.6;0;7.775;21.080000000000002;0.625;5.0;0.5;0.0;13.1;20.3625;8
2023-07-09;7;190;1;observed;0.0;0.0;0;15.1;31.3;0;1.3125;5.03;0.25;2.375;0.25;0.0;11.75;22.425;8
2023-07-10;1;191;1;observed;0.3;0.0;0;15.8;31.6;0;0.925;2.7800000000000002;0.25;2.125;0.125;0.0;12.85;23.775;8
2023-07-11;2;192;1;observed;0.0;0.0;0;17.1;34.0;0;5.8125;13.6;0.75;2.25;0.125;0.0;13.9125;24.125;8
2023-07-12;3;193;1;observed;9.5;0.0;0;18.5;30.0;0;5.95;16.039999999999996;0.5;1.625;0.125;0.0;13.4375;23.7375;8
2023-07-13;4;194;1;observed;11.7;0.0;3;15.9;22.4;0;3.7;11.35;0.5;0.625;0.0;0.0;13.3;23.2375;8
2023-07-14;5;195;1;observed;0.0;0.0;0;12.8;26.8;0;5.262499999999999;12.589999999999996;0.5;1.25;0.125;0.0;13.2625;23.4375;8
2023-07-15;6;196;1;observed;0.0;0.0;0;14.7;33.1;0;3.1500000000000004;7.859999999999998;0.375;1.375;0.125;0.0;13.6;23.9375;8
2023-07-16;7;197;1;observed;1.7999999999999998;0.0;4;19.5;28.0;0;3.2375;8.229999999999999;0.625;0.875;0.0;0.0;14.475;24.2625;8
2023-07-17;1;198;1;observed;13.0;0.0;1;17.8;26.7;0;7.8625;16.95;0.625;2.5;0.25;0.0;14.4875;23.075;8
2023-07-18;2;199;1;observed;3.6999999999999997;0.0;1;17.4;29.1;0;5.775;17.18;0.375;4.0;0.375;0.0;14.6125;24.1125;8
2023-07-19;3;200;1;observed;4.7;0.0;0;17.0;27.5;0;1.625;5.27;0.375;1.0;0.0;0.0;13.7625;26.1375;8
2023-07-20;4;201;1;observed;5.3999999999999995;0.0;0;16.0;24.2;0;1.7;6.1499999999999995;0.25;0.625;0.0;0.0;15.1;27.5125;8
2023-07-21;5;202;1;observed;1.8;0.0;0;14.2;23.5;0;7.225;16.58;0.75;1.5;0.0;0.0;15.5625;23.9125;8
2023-07-22;6;203;1;observed;0.2;0.0;1;12.2;23.0;0;5.4125;15.259999999999996;0.5;1.5;0.125;0.0;14.175;25.2125;8
2023-07-23;7;204;1;observed;0.0;0.0;0;13.3;27.8;0;3.8625;8.029999999999998;0.625;1.25;0.0;0.0;15.05;25.9875;8
2023-07-24;1;205;1;observed;1.8;0.0;0;15.7;25.1;0;2.6;5.369999999999999;0.625;1.0;0.125;0.0;15.5;25.9125;8
2023-07-25;2;206;1;observed;14.9;0.0;1;15.0;20.6;0;3.95;7.969999999999999;0.625;2.0;0.25;0.0;15.3875;25.2875;8
2023-07-26;3;207;1;observed;6.2;0.0;3;10.9;16.6;0;4.3;10.399999999999999;0.5;2.25;0.125;0.0;14.6875;23.775;8
2023-07-27;4;208;1;observed;0.0;0.0;0;8.5;22.2;0;3.5250000000000004;12.43;0.375;1.125;0.125;0.0;14.3;24.55;8
2023-07-28;5;209;1;observed;1.0;0.0;0;11.1;25.5;0;5.525;19.07;0.375;1.625;0.125;0.0;14.4625;24.3375;8
2023-07-29;6;210;1;observed;6.7;0.0;0;14.2;25.2;0;8.975;20.039999999999992;0.75;4.125;0.25;0.0;15.2;24.2125;8
2023-07-30;7;211;1;observed;5.9;0.0;0;14.9;24.4;0;4.175000000000001;9.83;0.625;0.125;0.0;0.0;14.924999999999999;24.65;8
2023-07-31;1;212;1;observed;0.0;0.0;2;11.8;24.1;0;1.725;5.3;0.375;1.375;0.125;0.0;14.1875;24.7375;8
2023-08-01;2;213;1;observed;10.9;0.0;0;15.1;20.1;0;3.8125;11.56;0.375;1.0;0.125;0.0;15.125;25.2375;8
2023-08-02;3;214;1;observed;6.1;0.0;0;10.9;25.3;0;3.325;7.929999999999998;0.75;0.5;0.0;0.0;14.7375;24.837500000000002;8
2023-08-03;4;215;1;observed;11.3;0.0;2;16.1;22.1;0;5.6;12.59;0.75;0.75;0.0;0.0;14.975000000000001;23.75;8
2023-08-04;5;216;1;observed;6.3999999999999995;0.0;0;15.0;20.0;0;10.05;26.009999999999994;0.625;2.125;0.25;0.0;14.5625;23.025;8
2023-08-05;6;217;1;observed;20.2;0.0;14;13.9;17.5;0;14.6625;34.02999999999999;0.75;4.0;0.25;0.0;13.8875;23.4125;8
2023-08-06;7;218;1;observed;7.4;0.0;2;12.4;17.5;0;2.25;5.2299999999999995;0.75;2.625;0.125;0.0;13.975;22.675;8
2023-08-07;1;219;1;observed;3.6;0.0;1;10.5;16.1;0;3.8875;13.37;0.375;1.75;0.125;0.0;12.9875;24.7375;8
2023-08-08;2;220;1;observed;0.0;0.0;0;8.9;21.4;0;2.3625000000000003;6.299999999999997;0.25;0.0;0.0;0.0;14.0;25.425;8
2023-08-09;3;221;1;observed;15.0;0.0;4;10.9;19.5;0;2.5625;8.209999999999997;0.25;0.625;0.0;0.0;13.5875;26.400000000000002;8
2023-08-10;4;222;1;observed;11.0;0.0;3;13.1;21.8;0;6.65;18.529999999999994;0.375;1.125;0.0;0.0;14.3875;25.2375;8
2023-08-11;5;223;1;observed;0.0;0.0;0;10.4;26.5;0;0.17500000000000002;0.45999999999999974;0.125;0.0;0.0;0.0;14.175;26.0875;8
2023-08-12;6;224;1;observed;0.0;0.0;0;13.8;30.0;0;3.8375;9.329999999999995;0.125;1.625;0.125;0.0;14.0375;26.9375;8
2023-08-13;7;225;1;observed;0.0;0.0;0;16.6;29.5;0;2.725;6.869999999999997;0.375;0.0;0.0;0.0;15.325;27.55;8
2023-08-14;1;226;1;observed;0.0;0.0;0;17.4;29.7;0;2.7750000000000004;6.25;0.625;0.25;0.0;0.0;15.725;26.95;8
2023-08-15;2;227;1;observed;7.2;0.0;0;17.5;28.0;0;3.2375;5.7299999999999995;0.875;0.0;0.0;0.0;15.575;26.775;8
2023-08-16;3;228;1;observed;0.6;0.0;0;15.9;27.6;0;5.0625;12.229999999999997;0.5;0.25;0.0;0.0;14.775;25.8125;8
2023-08-17;4;229;1;observed;7.0;0.0;0;15.9;28.0;0;3.9000000000000004;8.91;0.5;2.5;0.25;0.0;14.3625;25.6625;8
2023-08-18;5;230;1;observed;0.0;0.0;0;16.0;28.1;0;2.3875;6.499999999999999;0.5;1.25;0.125;0.0;15.4875;25.0125;8
2023-08-19;6;231;1;observed;0.0;0.0;0;15.4;29.8;0;5.625;18.080000000000002;0.5;1.375;0.125;0.0;14.975;24.4625;8
2023-08-20;7;232;1;observed;0.0;0.0;0;16.9;30.8;0;13.5375;33.44;0.625;5.5;0.375;0.0;14.987499999999999;23.275;8
2023-08-21;1;233;1;observed;0.0;0.0;0;17.0;31.2;0;5.3125;16.959999999999997;0.375;3.375;0.25;0.0;14.5;24.2;8
2023-08-22;2;234;1;observed;0.0;0.0;0;18.2;31.5;0;3.8625;11.189999999999998;0.375;2.5;0.25;0.0;14.9875;24.875;8
2023-08-23;3;235;1;observed;2.5;0.0;2;18.9;28.3;0;2.8249999999999997;7.8999999999999995;0.5;3.875;0.25;0.0;14.737499999999999;23.0375;8
2023-08-24;4;236;1;observed;0.1;0.0;2;17.1;30.8;0;2.575;8.579999999999998;0.25;2.75;0.125;0.0;13.35;23.8375;8
2023-08-25;5;237;1;observed;0.3;0.0;0;18.6;30.4;0;2.8375;8.129999999999997;0.25;1.375;0.125;0.0;13.225;23.4125;8
2023-08-26;6;238;1;observed;30.3;0.0;1;17.4;26.1;0;9.9375;29.53;0.625;1.5;0.0;0.0;12.4;22.5875;8
2023-08-27;7;239;1;observed;23.3;0.0;3;14.9;18.5;0;5.375;13.359999999999998;0.5;2.75;0.125;0.0;13.0625;22.125;8
2023-08-28;1;240;1;observed;40.5;0.0;18;13.2;15.2;0;8.9125;26.919999999999998;0.5;5.75;0.375;0.0;13.2;21.45;8
2023-08-29;2;241;1;observed;19.1;0.0;22;11.4;13.3;0;8.8625;19.1;0.625;4.0;0.25;0.0;13.0875;21.9875;8
2023-08-30;3;242;1;observed;4.3;0.0;9;10.8;17.1;0;11.3875;34.739999999999995;0.5;3.0;0.25;0.0;12.825;20.5375;8
2023-08-31;4;243;1;observed;1.7;0.0;1;9.6;17.8;0;6.4125000000000005;15.649999999999999;0.625;3.75;0.25;0.0;12.6125;20.3875;8
2023-09-01;5;244;1;observed;0.4;0.0;0;12.6;23.5;0;3.4875;10.809999999999997;0.25;3.625;0.125;0.0;12.25;21.3125;8
2023-09-02;6;245;1;observed;0.0;0.0;0;11.6;25.3;0;5.1125;13.709999999999999;0.625;2.0;0.125;0.0;11.2625;20.2125;8
2023-09-03;7;246;1;observed;0.30000000000000004;0.0;0;13.4;23.1;0;2.4;6.8199999999999985;0.375;0.375;0.0;0.0;11.0;21.3125;8
2023-09-04;1;247;1;observed;0.0;0.0;0;13.6;23.5;0;2.425;6.239999999999998;0.375;1.25;0.125;0.0;11.175;22.6375;8
2023-09-05;2;248;1;observed;0.0;0.0;0;10.0;23.0;0;4.7;18.49;0.25;0.875;0.125;0.0;11.3125;22.2625;8
2023-09-06;3;249;1;observed;0.0;0.0;9;11.0;24.1;0;0.7000000000000001;2.36;0.25;2.875;0.25;0.0;11.15;23.425;8
2023-09-07;4;250;1;observed;0.0;0.0;3;11.4;24.5;0;4.675;10.829999999999998;0.5;4.375;0.375;0.0;12.3625;20.975;8
2023-09-08;5;251;1;observed;0.0;0.0;0;11.6;26.3;0;3.8625;13.18;0.375;2.0;0.125;0.0;10.8875;21.275;8
2023-09-09;6;252;1;observed;0.0;0.0;3;13.6;27.4;0;3.3499999999999996;8.919999999999998;0.5;2.375;0.125;0.0;11.1875;21.6375;8
2023-09-10;7;253;1;observed;0.0;0.0;0;15.3;27.5;0;5.6125;14.399999999999999;0.5;2.125;0.125;0.0;11.125;20.95;8
2023-09-11;1;254;1;observed;0.0;0.0;0;15.1;27.9;0;5.275;13.649999999999999;0.5;1.375;0.0;0.0;11.9625;21.425;8
2023-09-12;2;255;1;observed;0.0;0.0;0;15.2;27.0;0;0.9125;2.4799999999999995;0.125;0.75;0.0;0.0;11.85;22.3375;8
2023-09-13;3;256;1;observed;13.2;0.0;0;15.6;21.0;0;4.1875;14.939999999999998;0.25;1.25;0.125;0.0;11.45;21.3;8
2023-09-14;4;257;1;observed;5.3;0.0;7;14.5;21.4;0;8.8125;21.749999999999996;0.625;3.375;0.25;0.0;11.925;20.9;8
2023-09-15;5;258;1;observed;0.0;0.0;1;12.2;22.7;0;6.799999999999999;17.71999999999999;0.375;4.5;0.25;0.0;11.6375;21.05;8
2023-09-16;6;259;1;observed;0.0;0.0;8;12.5;24.6;0;4.8375;12.339999999999998;0.5;5.0;0.375;0.0;12.125;20.6;8
2023-09-17;7;260;1;observed;0.0;0.0;0;12.9;25.6;0;5.9875;15.279999999999996;0.5;5.625;0.25;0.0;11.2375;18.8;8
2023-09-18;1;261;1;observed;3.2;0.0;0;14.4;24.5;0;3.225;7.73;0.5;3.75;0.375;0.0;10.6;19.925;8
2023-09-19;2;262;1;observed;0.30000000000000004;0.0;0;11.8;20.8;0;2.1875;8.129999999999999;0.25;2.625;0.25;0.0;8.637500000000001;19.2;8
2023-09-20;3;263;1;observed;0.0;0.0;0;10.3;23.0;0;1.8125;7.23;0.25;3.375;0.125;0.0;8.4875;19.775;8
2023-09-21;4;264;1;observed;0.0;0.0;1;11.1;25.5;0;0.75;2.8200000000000003;0.25;3.0;0.125;0.0;8.5625;20.9375;8
2023-09-22;5;265;1;observed;19.7;0.0;0;12.0;19.0;0;2.9375;7.3799999999999955;0.375;3.125;0.25;0.0;9.05;18.3625;8
2023-09-23;6;266;1;observed;1.2000000000000002;0.0;1;11.0;14.5;0;3.3249999999999997;10.069999999999999;0.625;4.5;0.25;0.0;9.1125;19.05;8
2023-09-24;7;267;1;observed;0.1;0.0;0;8.2;16.0;0;3.6625;9.9;0.5;3.875;0.125;0.0;9.4;17.075;8
2023-09-25;1;268;1;observed;0.0;0.0;0;6.5;18.5;0;2.8;6.779999999999999;0.625;1.5;0.125;0.0;8.725;17.4625;8
2023-09-26;2;269;1;observed;0.0;0.0;3;8.2;20.4;0;4.95;12.239999999999995;0.375;2.75;0.125;0.0;8.1;17.9;8
2023-09-27;3;270;1;observed;0.0;0.0;10;9.4;22.2;0;6.15;13.419999999999998;0.75;4.375;0.375;0.0;9.2625;17.675;8
2023-09-28;4;271;1;observed;0.0;0.0;0;11.4;23.5;0;6.125;17.519999999999996;0.5;4.0;0.375;0.0;9.15;17.6625;8
2023-09-29;5;272;1;observed;0.0;0.0;1;8.6;24.9;0;4.0625;7.92;0.625;4.5;0.375;0.0;7.824999999999999;15.6875;8
2023-09-30;6;273;1;observed;0.4;0.0;15;13.6;19.6;0;2.675;6.549999999999998;0.375;7.25;0.5;0.0;8.15;15.4875;8
2023-10-01;7;274;1;observed;0.0;0.0;2;8.2;21.6;0;4.2875000000000005;12.779999999999998;0.375;2.625;0.25;0.0;6.575;16.45;8
2023-10-02;1;275;1;observed;0.0;0.0;1;9.1;22.9;0;9.9375;28.789999999999996;0.5;2.75;0.125;0.0;7.325;17.15;8
2023-10-03;2;276;1;observed;3.2;0.0;1;9.9;26.4;0;2.3125;6.39;0.5;4.625;0.375;0.0;7.5249999999999995;17.3875;8
2023-10-04;3;277;1;observed;0.2;0.0;2;8.7;18.5;0;2.8625000000000003;5.86;0.625;2.375;0.125;0.0;5.7125;16.9625;8
2023-10-05;4;278;1;observed;0.0;0.0;0;6.0;19.3;0;6.225;15.519999999999998;0.5;5.875;0.375;0.0;6.6375;15.225;8
2023-10-06;5;279;1;observed;0.0;0.0;2;5.8;19.1;0;3.875;8.84;0.625;6.0;0.375;0.0;7.125;14.6625;8
2023-10-07;6;280;1;observed;0.0;0.0;0;6.7;21.9;0;3.7125000000000004;9.569999999999997;0.625;7.5;0.5;0.0;7.1375;14.775;8
2023-10-08;7;281;1;observed;0.2;0.0;0;11.4;22.5;0;2.0375;7.659999999999999;0.25;3.0;0.125;0.0;8.05;17.2;8
2023-10-09;1;282;1;observed;1.0;0.0;0;10.1;24.3;0;3.4;9.169999999999998;0.5;5.125;0.25;0.0;7.9375;17.375;8
2023-10-10;2;283;1;observed;0.0;0.0;0;11.1;23.5;0;1.05;3.3199999999999994;0.25;3.125;0.125;0.0;7.4875;18.2125;8
2023-10-11;3;284;1;observed;0.0;0.0;0;8.9;25.0;0;2.2;6.85;0.375;2.25;0.125;0.125;7.55;18.325;8
2023-10-12;4;285;1;observed;0.0;0.0;0;10.5;25.5;0;1.35;4.15;0.375;3.625;0.375;0.0;7.625;16.6;8
2023-10-13;5;286;1;observed;0.0;0.0;0;9.6;26.1;0;1.7750000000000001;5.149999999999999;0.25;4.875;0.375;0.0;6.6625;17.0125;8
2023-10-14;6;287;1;observed;3.5;0.0;2;10.9;20.8;0;2.7750000000000004;7.5600000000000005;0.5;4.625;0.375;0.0;7.5375000000000005;16.8375;8
2023-10-15;7;288;1;observed;3.5;0.0;3;4.2;10.9;0;1.8375000000000001;5.599999999999999;0.25;1.875;0.0;0.0;6.425;16.775;8
2023-10-16;1;289;1;observed;0.0;0.0;1;-0.3;10.6;1;2.2125;5.81;0.375;7.375;0.5;0.125;6.5;15.4625;8
2023-10-17;2;290;1;observed;0.0;0.0;9;0.8;9.8;0;1.525;3.6599999999999975;0.125;7.375;0.5;0.0;5.6125;15.275;8
2023-10-18;3;291;1;observed;0.0;0.0;3;1.6;13.3;0;1.1;4.09;0.25;1.75;0.125;0.0;5.7625;16.1625;8
2023-10-19;4;292;1;observed;0.0;0.0;0;6.1;17.5;0;0.7125;1.8499999999999999;0.375;2.75;0.25;0.0;5.725;14.8625;8
2023-10-20;5;293;1;observed;5.8999999999999995;0.0;0;10.1;24.1;0;0.9999999999999999;2.609999999999999;0.25;4.25;0.25;0.0;7.075;18.525;8
2023-10-21;6;294;1;observed;3.6;0.0;7;8.2;18.2;0;0.9500000000000001;2.34;0.375;2.375;0.25;0.0;7.15;16.8875;8
2023-10-22;7;295;1;observed;0.2;0.0;0;6.8;16.4;0;1.8625;5.1099999999999985;0.375;3.375;0.375;0.0;6.375;15.5375;8
2023-10-23;1;296;1;observed;0.0;0.0;0;4.6;16.8;0;1.75;5.249999999999999;0.25;1.0;0.0;0.0;6.5125;17.5;8
2023-10-24;2;297;1;observed;2.5;0.0;6;7.6;14.3;0;6.2124999999999995;15.339999999999996;0.625;6.875;0.375;0.125;7.1;14.5875;8
2023-10-25;3;298;1;observed;0.4;0.0;5;7.9;17.8;0;1.825;5.81;0.375;6.75;0.375;0.0;6.925;14.575;8
2023-10-26;4;299;1;observed;7.3;0.0;0;6.6;15.6;0;1.75;6.88;0.25;1.625;0.125;0.125;5.675;15.6375;8
2023-10-27;5;300;1;observed;13.4;0.0;7;4.7;14.8;0;7.9375;18.81;0.5;4.25;0.375;0.25;5.275;14.200000000000001;8
2023-10-28;6;301;1;observed;0.6000000000000001;0.0;0;4.3;15.4;0;5.45;14.23;0.5;6.625;0.375;0.0;5.25;14.0;8
2023-10-29;7;302;1;observed;0.0;0.0;0;5.6;20.1;0;2.3000000000000003;8.89;0.25;4.75;0.375;0.0;4.8;15.2875;8
2023-10-30;1;303;1;observed;1.3;0.0;0;6.9;19.5;0;3.5;8.979999999999997;0.625;3.0;0.125;0.0;5.5;15.2375;8
2023-10-31;2;304;1;observed;11.4;0.0;0;8.6;12.4;0;2.7125000000000004;7.199999999999999;0.375;4.25;0.375;0.0;5.65;14.325;8
2023-11-01;3;305;1;observed;0.0;0.0;0;4.2;15.6;0;2.0;4.869999999999997;0.125;3.875;0.375;0.0;5.1875;15.0375;8
2023-11-02;4;306;1;observed;11.8;0.0;6;3.2;15.1;0;4.8375;12.79;0.625;2.5;0.25;0.0;5.375;14.05;8
2023-11-03;5;307;1;observed;11.9;0.0;2;3.2;7.1;0;2.2625;5.389999999999999;0.5;4.25;0.25;0.0;4.5125;12.1875;8
2023-11-04;6;308;1;observed;1.8;0.0;0;-0.2;12.1;1;5.7124999999999995;14.0;0.625;5.625;0.375;0.25;3.0999999999999996;12.275;8
2023-11-05;7;309;1;observed;3.1;0.0;0;5.2;14.3;0;3.9875;9.199999999999996;0.5;6.125;0.375;0.125;3.0375;11.4625;8
2023-11-06;1;310;1;observed;0.1;0.0;0;4.4;14.2;0;0.09999999999999999;0.2799999999999999;0.0;4.125;0.25;0.25;2.075;11.2875;8
2023-11-07;2;311;1;observed;2.3000000000000003;0.0;0;2.3;9.6;0;0.3375;0.8999999999999997;0.125;4.0;0.25;0.25;1.5875;11.924999999999999;8
2023-11-08;3;312;1;observed;0.0;0.0;0;0.6;11.6;0;0.525;1.8599999999999999;0.25;7.875;0.625;0.25;2.0125;10.25;8
2023-11-09;4;313;1;observed;0.0;0.0;0;0.6;11.6;0;1.6875;6.049999999999999;0.25;4.625;0.375;0.25;1.7875;10.35;8
2023-11-10;5;314;1;observed;1.0;0.0;4;2.0;9.9;0;1.2375;3.7899999999999996;0.25;5.125;0.375;0.25;0.8624999999999999;10.3;8
2023-11-11;6;315;1;observed;0.2;0.0;1;0.6;8.2;0;0.025;0.05999999999999997;0.0;3.125;0.125;0.25;0.7000000000000001;10.0625;8
2023-11-12;7;316;1;observed;12.6;2.38;4;-1.6;7.3;1;2.65;9.799999999999999;0.25;7.25;0.375;0.375;1.1375;9.5625;8
2023-11-13;1;317;1;observed;15.7;0.0;8;4.2;9.6;0;4.225;15.85;0.375;7.125;0.5;0.25;1.4749999999999999;10.1;8
2023-11-14;2;318;1;observed;32.6;0.0;7;7.7;14.1;0;4.75;11.739999999999995;0.375;7.875;0.5;0.25;2.7750000000000004;11.5375;8
2023-11-15;3;319;1;observed;5.7;0.0;6;7.4;10.9;0;1.5875000000000001;5.91;0.25;7.125;0.5;0.125;3.1375;10.7875;8
2023-11-16;4;320;1;observed;4.5;0.0;0;1.5;10.2;0;1.8625;5.1;0.375;7.75;0.5;0.375;1.0;8.9875;8
2023-11-17;5;321;1;observed;18.6;0.0;17;3.3;7.4;0;7.0625;18.66;0.625;7.375;0.5;0.5;1.3375;8.5375;8
2023-11-18;6;322;1;observed;2.2;0.0;3;3.7;8.9;0;1.7874999999999999;4.299999999999999;0.375;4.625;0.375;0.375;0.4875;7.825;8
2023-11-19;7;323;1;observed;12.9;0.0;11;4.1;13.9;0;3.5125;8.77;0.5;5.125;0.375;0.625;0.09999999999999998;8.525;8
2023-11-20;1;324;1;observed;1.1;0.0;1;7.1;12.4;0;1.2875;2.9699999999999998;0.5;4.0;0.125;0.5;0.5874999999999999;8.75;8
2023-11-21;2;325;1;observed;7.1;0.0;13;2.5;7.8;0;5.0625;10.099999999999998;0.625;9.5;0.625;0.75;-0.6625;5.8625;8
2023-11-22;3;326;1;observed;2.2;0.0;24;2.1;5.4;0;1.8875;4.189999999999999;0.5;10.375;0.5;0.75;-1.0875;5.05;8
2023-11-23;4;327;1;observed;0.0;0.0;0;-1.2;9.2;1;1.65;4.829999999999998;0.25;5.0;0.375;0.75;-2.4625000000000004;6.35;8
2023-11-24;5;328;1;observed;16.3;1.75;11;0.2;7.8;1;3.1374999999999997;7.269999999999998;0.5;5.375;0.5;0.625;-0.17500000000000002;7.85;8
2023-11-25;6;329;1;observed;6.5;4.55;8;-0.7;1.9;1;3.475;9.679999999999998;0.375;7.375;0.5;0.875;-0.95;6.4750000000000005;8
2023-11-26;7;330;1;observed;5.7;3.92;7;-2.2;3.2;1;3.45;7.89;0.625;11.625;0.625;0.75;-0.32499999999999996;5.6125;8
2023-11-27;1;331;1;observed;0.4;0.14;0;-4.0;6.2;1;2.65;6.919999999999999;0.5;5.25;0.25;0.75;-2.0875;5.4875;8
2023-11-28;2;332;1;observed;10.9;3.01;16;-0.1;5.2;1;2.6500000000000004;8.87;0.375;3.0;0.25;0.75;-1.9625;5.8;8
2023-11-29;3;333;1;observed;1.7000000000000002;1.19;9;-4.7;4.1;1;4.3;10.91;0.75;7.75;0.75;0.625;-1.7375;5.05;8
2023-11-30;4;334;1;observed;6.1000000000000005;3.43;4;-6.2;1.4;1;2.95;7.929999999999999;0.5;10.5;0.5;0.875;-1.925;3.8625;8
2023-12-01;5;335;1;observed;19.4;6.720000000000001;18;0.2;2.5;1;3.6875;9.039999999999996;0.5;10.625;0.5;0.75;-1.2750000000000001;4.9375;8
2023-12-02;6;336;1;observed;27.8;19.46;20;-3.3;0.0;1;4.5375;10.369999999999996;0.625;9.5;0.625;0.875;-1.9124999999999999;3.2750000000000004;8
2023-12-03;7;337;1;observed;0.0;0.0;9;-13.4;-1.0;1;1.0375;3.3999999999999995;0.25;8.375;0.625;0.875;-3.5500000000000003;4.175;8
2023-12-04;1;338;1;observed;0.0;0.0;0;-14.1;-3.8;1;3.8375;11.39;0.5;7.0;0.5;0.75;-3.15;3.575;8
2023-12-05;2;339;1;observed;3.5;0.0;0;-6.3;3.2;1;2.25;4.39;0.625;7.375;0.5;0.875;-2.1;5.1625000000000005;8
2023-12-06;3;340;1;observed;3.2;0.0;15;-1.6;3.5;1;2.9125;6.759999999999999;0.5;6.5;0.625;0.875;-1.7374999999999998;5.7;8
2023-12-07;4;341;1;observed;0.6;0.42000000000000004;2;-7.6;3.3;1;5.9;14.659999999999998;0.625;6.625;0.375;0.875;-1.0875;5.4875;8
2023-12-08;5;342;1;observed;2.5;0.0;3;-6.9;2.4;1;2.75;6.199999999999998;0.625;4.0;0.375;0.75;-1.7000000000000002;6.1125;8
2023-12-09;6;343;1;observed;7.9;0.0;11;0.6;7.1;0;5.1000000000000005;11.0;0.75;6.625;0.375;0.375;0.11249999999999999;5.6125;8
2023-12-10;7;344;1;observed;3.2;0.0;5;0.9;9.3;0;5.0625;9.84;0.875;10.25;0.5;0.875;-1.1125;4.4375;8
2023-12-11;1;345;1;observed;12.8;0.14;0;1.5;7.9;1;2.85;6.359999999999999;0.5;10.375;0.5;0.875;-1.1375;3.6;8
2023-12-12;2;346;1;observed;12.700000000000001;0.0;2;2.1;7.8;0;2.5500000000000003;6.259999999999999;0.5;8.25;0.5;0.75;-2.7875;3.3375;8
2023-12-13;3;347;1;observed;7.6000000000000005;0.0;1;2.7;9.2;0;1.5625;4.869999999999999;0.25;6.5;0.375;0.75;-3.7;3.3625;8
2023-12-14;4;348;1;observed;9.6;0.07;16;3.0;5.8;1;2.9875000000000003;9.040000000000001;0.5;13.375;0.75;0.875;-2.2125;3.9;8
2023-12-15;5;349;1;observed;5.5;0.0;17;2.7;4.3;0;1.45;5.430000000000001;0.25;12.0;0.75;0.625;-1.775;4.5625;8
2023-12-16;6;350;1;observed;1.0;0.0;11;-3.0;6.1;1;0.975;2.5699999999999994;0.25;10.25;0.75;0.75;-1.175;4.9;8
2023-12-17;7;351;1;observed;0.0;0.0;0;-2.9;7.6;1;0.375;0.83;0.0;4.875;0.375;0.875;-2.3625;6.8375;8
2023-12-18;1;352;1;observed;0.0;0.0;0;-2.6;8.7;1;0.2;0.72;0.0;2.375;0.125;0.875;-2.6125;7.0625;8
2023-12-19;2;353;1;observed;0.0;0.0;0;-2.5;9.1;1;0.0;0.0;0.0;0.125;0.0;0.75;-2.7625;7.9375;8
2023-12-20;3;354;1;observed;3.6;0.0;11;-1.8;6.3;1;1.3375;3.84;0.375;4.875;0.25;0.875;-1.375;7.45;8
2023-12-21;4;355;1;observed;7.1;0.0;10;2.5;9.4;0;3.2874999999999996;8.629999999999999;0.5;3.625;0.25;0.75;-1.4124999999999999;5.325;8
2023-12-22;5;356;1;observed;30.3;0.9099999999999999;20;2.5;6.8;1;5.1875;13.499999999999996;0.5;5.0;0.25;0.875;-0.975;5.9625;8
2023-12-23;6;357;1;observed;9.2;0.0;21;4.7;8.6;0;7.1;12.81;0.875;9.625;0.5;0.5;1.1625;6.975;8
2023-12-24;7;358;1;observed;1.7999999999999998;0.0;7;6.1;12.6;0;5.3;13.279999999999998;0.875;7.75;0.5;0.375;2.4375;8.2;8
2023-12-25;1;359;1;observed;0.0;0.0;0;4.1;13.1;0;9.3625;23.279999999999994;0.625;5.75;0.5;0.625;1.575;7.1875;8
2023-12-26;2;360;1;observed;0.1;0.0;2;0.3;11.0;0;2.05;6.2299999999999995;0.375;6.375;0.5;0.625;-1.75;5.6875;8
2023-12-27;3;361;1;observed;0.0;0.0;3;-0.1;10.1;1;2.2750000000000004;5.829999999999999;0.375;5.125;0.25;0.75;-2.3625;4.7875;8
2023-12-28;4;362;1;observed;0.0;0.0;0;-1.2;10.7;1;0.5625;1.4699999999999995;0.125;2.0;0.125;0.875;-2.9125;5.2625;8
2023-12-29;5;363;1;observed;0.0;0.0;0;1.8;12.1;0;1.7;5.739999999999998;0.25;3.0;0.25;0.625;-1.7125;6.375;8
2023-12-30;6;364;1;observed;0.2;0.0;1;-0.9;11.6;1;2.875;10.209999999999999;0.375;4.875;0.375;0.75;-0.9249999999999998;7.3875;8
2023-12-31;7;365;1;observed;4.0;0.0;0;-2.6;8.9;1;2.7;7.689999999999998;0.25;3.0;0.125;0.625;-1.1624999999999999;7.45;8
2024-01-01;1;1;1;observed;0.8;0.0;0;-0.9;8.6;1;0.375;0.96;0.125;1.25;0.125;0.625;-0.4375;8.75;8
2024-01-02;2;2;1;observed;0.2;0.0;0;-1.6;6.7;1;2.1624999999999996;7.199999999999999;0.375;1.625;0.125;0.75;-0.8375000000000001;7.2250000000000005;8
2024-01-03;3;3;1;observed;0.7999999999999999;0.0;0;0.2;12.8;0;2.8375;6.829999999999998;0.5;5.375;0.375;0.625;-0.875;6.625;8
2024-01-04;4;4;1;observed;0.7;0.0;2;1.1;9.4;0;4.6375;11.379999999999999;0.5;6.625;0.5;0.375;-0.3375;5.7125;8
2024-01-05;5;5;1;observed;0.7;0.0;2;0.0;7.2;0;5.8125;13.6;0.75;9.125;0.625;0.625;0.45000000000000007;5.7375;8
2024-01-06;6;6;1;observed;19.2;2.1;24;1.1;4.1;1;5.9375;19.59;0.5;11.125;0.75;0.625;-0.43750000000000006;6.0;8
2024-01-07;7;7;1;observed;18.6;10.64;24;-1.4;1.2;1;4.062500000000001;10.759999999999998;0.5;8.0;0.375;0.75;-1.9125;4.1375;8
2024-01-08;1;8;1;observed;1.0;0.7000000000000001;24;-5.6;-1.9;1;1.4124999999999999;3.389999999999999;0.25;5.125;0.25;1.0;-2.85;3.9375;8
2024-01-09;2;9;1;observed;0.0;0.0;16;-10.4;-3.8;1;2.4124999999999996;6.059999999999999;0.5;5.375;0.375;0.875;-2.175;5.425000000000001;8
2024-01-10;3;10;1;observed;0.0;0.0;9;-10.1;-2.3;1;4.0375000000000005;10.589999999999996;0.375;7.5;0.625;0.875;-3.625;3.2;8
2024-01-11;4;11;1;observed;0.0;0.0;9;-11.2;-3.8;1;1.2750000000000001;3.2099999999999995;0.5;8.5;0.625;1.0;-5.175;2.375;8
2024-01-12;5;12;1;observed;0.0;0.0;11;-10.0;-0.6;1;1.2;4.42;0.25;8.375;0.5;0.875;-4.4;3.425;8
2024-01-13;6;13;1;observed;0.0;0.0;7;-9.6;-1.0;1;3.4750000000000005;9.169999999999998;0.375;6.25;0.625;1.0;-3.425;3.775;8
2024-01-14;7;14;1;observed;0.0;0.0;0;-10.8;1.9;1;3.95;13.519999999999998;0.25;5.75;0.375;0.875;-4.125;5.15;8
2024-01-15;1;15;1;observed;3.8;2.59;13;-5.8;0.9;1;1.85;4.7299999999999995;0.375;6.0;0.375;1.0;-3.6875;4.5249999999999995;8
2024-01-16;2;16;1;observed;0.0;0.0;0;-11.3;0.3;1;2.5875;7.479999999999999;0.25;4.25;0.375;1.0;-4.05;5.575;8
2024-01-17;3;17;1;observed;2.3;0.42000000000000004;0;-6.6;5.2;1;2.725;8.11;0.625;6.125;0.375;1.0;-3.525;5.0;8
2024-01-18;4;18;1;observed;9.5;1.4;6;-0.1;6.8;1;4.6125;9.68;0.75;7.875;0.625;1.0;-1.875;4.5;8
2024-01-19;5;19;1;observed;2.5;1.6800000000000002;15;-5.9;0.0;1;3.1374999999999997;7.569999999999997;0.375;4.75;0.375;1.0;-4.675;3.6375;8
2024-01-20;6;20;1;observed;0.0;0.0;0;-11.3;0.9;1;1.3;3.65;0.375;3.375;0.25;1.0;-4.9;4.1625;8
2024-01-21;7;21;1;observed;0.0;0.0;0;-10.1;5.4;1;2.1125;7.63;0.375;6.125;0.5;0.875;-3.725;3.2125;8
2024-01-22;1;22;1;observed;4.3;0.0;1;-6.0;6.2;1;5.2;14.709999999999997;0.5;6.0;0.375;0.875;-4.1875;4.7625;8
2024-01-23;2;23;1;observed;0.8999999999999999;0.0;2;2.2;6.8;0;1.5875000000000001;3.3899999999999997;0.375;8.25;0.375;0.875;-2.9375;3.6875;8
2024-01-24;3;24;1;observed;3.0;0.0;10;2.2;13.9;0;0.4875;1.3899999999999997;0.125;6.625;0.375;0.875;-2.9125;6.8875;8
2024-01-25;4;25;1;observed;3.0;0.0;9;3.7;9.3;0;1.275;3.9899999999999993;0.25;6.625;0.375;0.625;-1.9625;6.3;8
2024-01-26;5;26;1;observed;9.0;0.0;8;3.6;13.2;0;2.2;7.109999999999999;0.375;6.125;0.375;0.625;-1.7125;6.0625;8
2024-01-27;6;27;1;observed;0.0;0.0;0;-3.0;6.9;1;0.9500000000000001;2.8899999999999997;0.25;5.75;0.375;1.0;-3.0375;7.4;8
2024-01-28;7;28;1;observed;0.0;0.0;0;-3.8;10.2;1;5.225;12.87;0.75;8.0;0.5;0.875;-0.25;5.7875;8
2024-01-29;1;29;1;observed;0.0;0.0;0;-3.3;11.6;1;1.3375000000000001;4.61;0.25;1.5;0.125;0.75;-1.5;7.6;8
2024-01-30;2;30;1;observed;0.0;0.0;0;-2.5;12.1;1;1.8875;3.6999999999999997;0.625;6.125;0.375;0.625;-1.55;8.225;8
2024-01-31;3;31;1;observed;0.0;0.0;0;-1.4;11.2;1;2.6;6.47;0.5;8.375;0.5;0.75;-0.5;7.275;8
2024-02-01;4;32;1;observed;6.7;0.0;11;-1.8;7.0;1;2.925;7.359999999999999;0.5;8.125;0.5;0.75;0.22499999999999995;6.9625;8
2024-02-02;5;33;1;observed;2.2;0.0;8;4.2;8.4;0;6.4125000000000005;13.539999999999997;0.75;9.5;0.625;0.625;2.175;6.55;8
2024-02-03;6;34;1;observed;0.0;0.0;0;4.2;13.1;0;13.6625;40.55;0.75;11.0;0.75;0.375;1.6875;7.3625;8
2024-02-04;7;35;1;observed;6.0;0.0;5;4.0;12.4;0;4.0875;11.399999999999999;0.625;7.0;0.5;0.75;-0.7625000000000001;6.7375;8
2024-02-05;1;36;1;observed;0.0;0.0;0;2.8;14.4;0;0.8500000000000001;2.5199999999999996;0.375;2.625;0.25;0.75;-3.2375;6.2375;8
2024-02-06;2;37;1;observed;0.0;0.0;0;1.6;11.9;0;0.25;0.7399999999999999;0.125;3.75;0.25;0.75;-3.875;6.45;8
2024-02-07;3;38;1;observed;0.0;0.0;0;2.0;12.6;0;2.5374999999999996;6.259999999999998;0.375;3.75;0.25;0.75;-3.2125;5.3625;8
2024-02-08;4;39;1;observed;3.9;0.0;6;5.1;14.8;0;1.2;3.55;0.375;3.875;0.375;0.875;-2.45;7.75;8
2024-02-09;5;40;1;observed;0.0;0.0;0;4.9;13.5;0;0.2625;0.8399999999999999;0.125;2.25;0.125;0.875;-1.775;8.375;8
2024-02-10;6;41;1;observed;0.0;0.0;0;3.0;13.6;0;1.7125;5.73;0.375;5.875;0.375;0.75;-1.225;8.4;8
2024-02-11;7;42;1;observed;8.5;0.0;5;3.5;8.4;0;4.8125;8.760000000000002;0.75;5.0;0.5;0.875;-1.4874999999999998;5.0874999999999995;8
2024-02-12;1;43;1;observed;3.7;0.07;4;0.9;9.5;1;1.5875;3.7;0.5;2.75;0.125;0.875;-2.225;5.425;8
2024-02-13;2;44;1;observed;3.5;0.49;1;-1.9;9.3;1;1.225;4.01;0.25;1.625;0.125;1.0;-3.525;6.4125000000000005;8
2024-02-14;3;45;1;observed;2.6;0.0;2;-1.8;13.8;1;0.7375;2.11;0.375;3.75;0.125;0.875;-3.6;7.1875;8
2024-02-15;4;46;1;observed;0.0;0.0;0;2.8;15.8;0;1.6500000000000001;5.1899999999999995;0.25;3.625;0.375;0.75;-3.0250000000000004;8.1;8
2024-02-16;5;47;1;observed;0.0;0.0;0;1.6;16.3;0;2.475;6.849999999999998;0.375;6.25;0.375;0.625;-1.175;9.6375;8
2024-02-17;6;48;1;observed;13.4;0.0;22;5.8;10.1;0;3.6125000000000003;8.219999999999999;0.625;8.0;0.375;0.375;1.875;10.2875;8
2024-02-18;7;49;1;observed;0.4;0.0;6;4.1;12.9;0;0.9;2.6399999999999992;0.25;4.875;0.375;0.5;0.5499999999999998;10.3875;8
2024-02-19;1;50;1;observed;9.4;0.0;16;5.4;10.1;0;3.0875;6.739999999999999;0.5;5.125;0.375;0.5;-0.3749999999999999;8.1375;8
2024-02-20;2;51;1;observed;8.0;0.0;13;1.3;8.9;0;1.5;3.379999999999999;0.375;5.875;0.375;0.5;-0.30000000000000004;10.725;8
2024-02-21;3;52;1;observed;0.0;0.0;0;-0.4;14.1;1;1.05;2.76;0.375;3.0;0.125;0.625;6.938893903907228e-18;10.8375;8
2024-02-22;4;53;1;observed;0.2;0.0;0;4.6;12.0;0;2.7125;7.919999999999998;0.375;5.0;0.375;0.625;0.5624999999999999;10.575;8
2024-02-23;5;54;1;observed;14.5;0.0;0;1.8;10.9;0;2.5375;7.009999999999998;0.375;5.625;0.375;0.375;0.6625000000000001;10.125;8
2024-02-24;6;55;1;observed;0.0;0.0;0;-2.2;9.2;1;2.8125;9.049999999999999;0.375;4.25;0.375;0.5;-0.55;10.9875;8
2024-02-25;7;56;1;observed;0.0;0.0;0;-1.4;11.8;1;3.3625;8.259999999999996;0.5;1.625;0.125;0.625;-0.7625;10.100000000000001;8
2024-02-26;1;57;1;observed;0.0;0.0;0;-1.5;13.5;1;3.075;7.859999999999999;0.5;7.375;0.5;0.75;-1.775;6.95;8
2024-02-27;2;58;1;observed;0.1;0.0;5;0.6;8.6;0;1.675;4.469999999999999;0.25;8.0;0.375;0.875;-2.5625;5.7875;8
2024-02-28;3;59;1;observed;0.2;0.0;22;2.0;8.1;0;0.825;2.6399999999999997;0.25;4.375;0.25;0.75;-4.025;6.4125;8
2024-02-29;4;60;1;observed;0.0;0.0;9;1.9;11.6;0;0.975;2.459999999999999;0.125;5.0;0.5;0.75;-2.6875;7.6625;8
2024-03-01;5;61;1;observed;1.2000000000000002;0.0;8;0.2;10.6;0;1.0125;2.53;0.5;2.875;0.25;0.625;-2.3874999999999997;8.4375;8
2024-03-02;6;62;1;observed;2.1;0.0;0;3.0;13.1;0;0.3625;0.9799999999999998;0.125;1.75;0.125;0.625;-1.2375;11.0625;8
2024-03-03;7;63;1;observed;0.0;0.0;0;2.2;16.9;0;1.6625;4.469999999999999;0.25;2.875;0.25;0.75;-0.8749999999999999;11.299999999999999;8
2024-03-04;1;64;1;observed;0.0;0.0;10;1.7;11.6;0;1.5625000000000002;4.419999999999999;0.25;6.0;0.375;0.75;-1.125;8.5375;8
2024-03-05;2;65;1;observed;0.7000000000000001;0.0;16;5.3;10.4;0;0.7000000000000001;2.09;0.25;6.375;0.5;0.875;-1.6125;9.05;8
2024-03-06;3;66;1;observed;4.8;0.0;23;2.2;5.5;0;2.0625;5.31;0.5;4.75;0.25;0.625;-0.15000000000000008;8.8125;8
2024-03-07;4;67;1;observed;5.4;0.0;15;-0.2;7.7;1;1.8875;5.49;0.5;3.5;0.25;0.75;-0.5375;8.9125;8
2024-03-08;5;68;1;observed;0.0;0.0;0;-2.8;10.4;1;1.3499999999999999;3.6299999999999986;0.25;0.125;0.0;0.75;-1.05;12.0125;8
2024-03-09;6;69;1;observed;0.0;0.0;0;-1.0;16.9;1;1.9375;4.1;0.5;1.75;0.125;0.375;1.4125;11.3875;8
2024-03-10;7;70;1;observed;0.0;0.0;0;2.5;17.4;0;2.35;5.609999999999998;0.375;2.125;0.125;0.625;0.5125;11.3875;8
2024-03-11;1;71;1;observed;0.1;0.0;0;0.7;12.0;0;1.8125;4.8999999999999995;0.5;3.125;0.25;0.5;0.9624999999999999;11.5375;8
2024-03-12;2;72;1;observed;5.3;0.07;2;4.0;10.2;1;3.4875;8.359999999999998;0.5;2.875;0.125;0.5;1.6375;12.7125;8
2024-03-13;3;73;1;observed;7.1;0.0;17;4.3;10.9;0;7.3;12.099999999999998;0.875;6.375;0.5;0.5;2.1125;9.2125;8
2024-03-14;4;74;1;observed;3.4;0.0;4;4.2;15.8;0;5.875;12.559999999999999;0.75;6.0;0.375;0.5;1.5;9.625;8
2024-03-15;5;75;1;observed;1.7;0.0;0;3.2;16.1;0;4.325;9.369999999999997;0.75;6.5;0.375;0.375;1.2000000000000002;10.7375;8
2024-03-16;6;76;1;observed;4.3999999999999995;0.0;0;5.1;14.6;0;2.3375;6.050000000000001;0.5;5.0;0.375;0.625;0.8375;12.0375;8
2024-03-17;7;77;1;observed;1.5;0.0;10;6.9;14.9;0;1.525;3.44;0.5;3.0;0.25;0.5;0.36250000000000016;9.475;8
2024-03-18;1;78;1;observed;11.200000000000001;0.0;11;5.1;11.9;0;2.8125;7.35;0.625;6.25;0.375;0.625;-0.04999999999999999;9.0;8
2024-03-19;2;79;1;observed;5.7;0.0;2;4.2;13.4;0;2.3625;6.539999999999999;0.375;4.625;0.375;0.625;-0.3499999999999999;10.0875;8
2024-03-20;3;80;1;observed;0.0;0.0;0;1.7;17.1;0;0.6499999999999999;2.09;0.25;2.75;0.25;0.625;-0.7374999999999999;11.8625;8
2024-03-21;4;81;1;observed;13.9;0.0;1;2.7;12.3;0;4.725;15.399999999999999;0.375;4.25;0.25;0.625;0.525;11.5375;8
2024-03-22;5;82;1;observed;0.0;0.0;0;3.7;17.5;0;1.725;4.609999999999999;0.375;4.75;0.375;0.5;1.225;12.6125;8
2024-03-23;6;83;1;observed;4.5;0.07;1;3.0;14.4;1;2.7375;7.649999999999999;0.375;1.25;0.0;0.5;0.48749999999999993;12.762500000000001;8
2024-03-24;7;84;1;observed;3.3;0.8400000000000001;3;-0.1;7.8;1;1.175;3.16;0.375;1.75;0.125;0.625;0.95;11.4875;8
2024-03-25;1;85;1;observed;0.0;0.0;0;1.0;11.3;0;1.2375;2.88;0.375;3.5;0.25;0.25;1.0625;10.925;8
2024-03-26;2;86;1;observed;0.0;0.0;0;-1.1;17.6;1;2.0625;5.09;0.625;6.625;0.375;0.5;0.5875;10.3375;8
2024-03-27;3;87;1;observed;5.2;0.0;3;4.6;21.2;0;2.0125;6.01;0.375;2.125;0.125;0.375;0.5375;13.9625;8
2024-03-28;4;88;1;observed;6.4;0.14;0;2.0;15.9;1;4.362500000000001;10.99;0.5;2.75;0.125;0.5;1.6375;13.8625;8
2024-03-29;5;89;1;observed;0.0;0.0;0;1.5;20.5;0;1.675;4.6499999999999995;0.5;2.125;0.25;0.125;3.5;15.2375;8
2024-03-30;6;90;1;observed;0.1;0.0;0;7.2;21.5;0;3.9625;9.1;0.625;6.375;0.5;0.375;3.0375;12.7625;8
2024-03-31;7;91;1;observed;0.0;0.0;0;6.1;21.1;0;2.4875;5.97;0.5;4.75;0.25;0.25;2.5625;12.5625;8
2024-04-01;1;92;1;observed;3.4;0.0;0;4.8;17.2;0;3.5124999999999997;11.819999999999999;0.375;5.0;0.375;0.5;1.225;12.299999999999999;8
2024-04-02;2;93;1;observed;0.7000000000000001;0.0;0;3.5;13.1;0;0.8625;2.55;0.25;6.375;0.375;0.375;1.8125;11.9375;8
2024-04-03;3;94;1;observed;2.6;0.0;0;1.1;14.4;0;0.4625;1.5499999999999998;0.25;1.125;0.125;0.375;0.8750000000000001;12.975;8
2024-04-04;4;95;1;observed;12.2;0.0;0;5.3;18.4;0;3.3249999999999997;7.369999999999998;0.625;4.875;0.25;0.375;2.1;13.1625;8
2024-04-05;5;96;1;observed;4.9;0.0;0;8.4;21.9;0;1.6500000000000001;5.050000000000001;0.375;1.25;0.125;0.375;1.2875;12.7375;8
2024-04-06;6;97;1;observed;0.0;0.0;0;8.6;25.0;0;0.825;1.8799999999999997;0.25;1.125;0.0;0.375;1.9375;14.825;8
2024-04-07;7;98;1;observed;0.0;0.0;0;8.1;25.3;0;4.6625;10.609999999999998;0.5;5.25;0.5;0.25;3.575;14.3125;8
2024-04-08;1;99;1;observed;0.0;0.0;0;11.1;28.3;0;1.3375;4.47;0.25;3.0;0.25;0.375;3.3375;16.4375;8
2024-04-09;2;100;1;observed;3.0;0.0;8;6.5;21.0;0;1.7;4.329999999999999;0.375;2.75;0.25;0.375;3.925;15.2125;8
2024-04-10;3;101;1;observed;6.9;0.0;2;5.6;10.8;0;2.1;5.85;0.375;2.625;0.125;0.125;4.55;14.9875;8
2024-04-11;4;102;1;observed;0.0;0.0;0;3.0;16.1;0;2.5375;9.29;0.25;3.75;0.25;0.25;3.3125;16.0375;8
2024-04-12;5;103;1;observed;0.0;0.0;2;3.4;19.0;0;3.5;10.219999999999999;0.375;2.0;0.125;0.125;3.8125;14.8875;8
2024-04-13;6;104;1;observed;0.0;0.0;0;6.2;22.9;0;1.8875;5.159999999999998;0.25;3.625;0.25;0.25;4.1125;15.399999999999999;8
2024-04-14;7;105;1;observed;0.0;0.0;0;7.4;25.5;0;2.375;6.32;0.5;4.0;0.25;0.125;4.725;14.5;8
2024-04-15;1;106;1;observed;6.5;0.0;0;8.6;17.2;0;2.075;6.859999999999999;0.375;5.0;0.375;0.25;3.625;14.0625;8
2024-04-16;2;107;1;observed;2.6;0.0;4;4.7;11.9;0;0.575;1.69;0.25;2.875;0.25;0.25;3.35;14.7375;8
2024-04-17;3;108;1;observed;15.8;2.31;13;3.0;8.0;1;2.6;7.259999999999998;0.375;8.0;0.5;0.25;3.6625;14.2;8
2024-04-18;4;109;1;observed;5.800000000000001;1.12;9;1.8;7.2;1;2.85;7.93;0.5;4.5;0.25;0.125;3.95;15.775;8
2024-04-19;5;110;1;observed;8.6;1.05;3;1.5;8.8;1;2.475;5.869999999999999;0.5;4.625;0.25;0.25;4.324999999999999;16.45;8
2024-04-20;6;111;1;observed;3.6;0.7;9;0.8;6.8;1;0.8875;2.6899999999999995;0.25;1.5;0.125;0.375;3.8375;16.7375;8
2024-04-21;7;112;1;observed;12.0;5.11;8;-0.7;7.3;1;2.8125;10.74;0.25;1.25;0.125;0.125;5.025;17.325;8
2024-04-22;1;113;1;observed;2.0;0.0;14;1.2;7.4;0;2.3;5.469999999999999;0.5;3.75;0.25;0.125;5.8374999999999995;17.45;8
2024-04-23;2;114;1;observed;5.0;0.0;23;1.5;4.9;0;4.0;7.779999999999999;0.625;4.875;0.25;0.0;6.0;15.9125;8
2024-04-24;3;115;1;observed;2.5;0.0;9;2.2;8.1;0;2.5374999999999996;6.35;0.5;3.375;0.25;0.125;5.5;16.575;8
2024-04-25;4;116;1;observed;4.6;2.52;1;-1.1;9.1;1;4.3625;9.03;0.75;5.875;0.375;0.25;5.125;13.7875;8
2024-04-26;5;117;1;observed;0.0;0.0;0;-2.0;16.4;1;0.825;2.59;0.25;3.5;0.375;0.125;3.375;16.3125;8
2024-04-27;6;118;1;observed;0.0;0.0;0;3.2;20.0;0;2.9375;7.589999999999997;0.375;0.625;0.0;0.0;5.25;17.3375;8
2024-04-28;7;119;1;observed;0.0;0.0;0;11.1;23.7;0;2.475;7.0;0.5;2.75;0.25;0.0;7.2125;18.8375;8
2024-04-29;1;120;1;observed;0.0;0.0;0;8.1;21.6;0;5.5;11.959999999999997;0.5;6.625;0.5;0.0;7.5625;16.7875;8
2024-04-30;2;121;1;observed;0.0;0.0;0;9.2;26.6;0;2.9875;6.35;0.5;7.5;0.5;0.0;6.625;17.5375;8
2024-05-01;3;122;1;observed;0.1;0.0;0;10.2;24.6;0;5.25;15.079999999999998;0.5;3.125;0.25;0.0;6.35;17.925;8
2024-05-02;4;123;1;observed;1.4;0.0;0;10.8;23.6;0;2.8375;6.02;0.75;2.875;0.125;0.0;7.3875;16.925;8
2024-05-03;5;124;1;observed;8.7;0.0;11;9.3;11.4;0;6.0249999999999995;11.319999999999999;0.75;5.875;0.5;0.0;6.1;15.925;8
2024-05-04;6;125;1;observed;1.4;0.0;5;7.8;17.8;0;6.0125;12.809999999999999;0.875;6.0;0.25;0.125;6.2375;15.15;8
2024-05-05;7;126;1;observed;0.4;0.0;0;7.0;19.5;0;3.4875000000000003;7.46;0.625;6.875;0.375;0.0;6.425;14.6875;8
2024-05-06;1;127;1;observed;10.4;0.0;1;8.2;21.6;0;3.5875;9.139999999999999;0.5;3.875;0.25;0.0;6.125;15.775;8
2024-05-07;2;128;1;observed;3.2;0.0;7;9.2;16.2;0;1.3125;3.23;0.375;3.625;0.5;0.125;5.925;16.6125;8
2024-05-08;3;129;1;observed;25.900000000000002;0.0;24;10.1;11.8;0;4.612500000000001;14.349999999999998;0.25;3.375;0.125;0.0;6.9125000000000005;18.55;8
2024-05-09;4;130;1;observed;2.0;0.0;14;9.5;16.7;0;4.4;10.159999999999995;0.5;3.875;0.25;0.0;8.7875;19.7875;8
2024-05-10;5;131;1;observed;0.0;0.0;0;5.9;19.2;0;4.4875;15.03;0.375;4.625;0.25;0.0;8.637500000000001;19.4125;8
2024-05-11;6;132;1;observed;0.0;0.0;0;5.5;20.4;0;8.65;29.639999999999997;0.375;6.5;0.25;0.125;7.125;17.725;8
2024-05-12;7;133;1;observed;0.0;0.0;0;7.2;22.1;0;4.1875;9.84;0.625;6.125;0.375;0.125;7.55;16.1125;8
2024-05-13;1;134;1;observed;2.5;0.0;0;7.6;21.3;0;3.8875;10.549999999999999;0.625;4.625;0.25;0.0;7.1375;16.9125;8
2024-05-14;2;135;1;observed;0.0;0.0;2;7.9;22.4;0;5.675000000000001;11.7;0.625;8.375;0.5;0.0;7.875;16.0125;8
2024-05-15;3;136;1;observed;3.0;0.0;0;9.9;22.5;0;8.7125;17.97;0.75;7.125;0.5;0.0;7.075;14.9875;8
2024-05-16;4;137;1;observed;0.1;0.0;0;11.1;21.9;0;4.4;11.0;0.625;3.75;0.125;0.125;7.3375;16.7625;8
2024-05-17;5;138;1;observed;19.3;0.0;6;10.6;16.3;0;3.725;10.269999999999998;0.5;2.625;0.25;0.0;7.95;17.425;8
2024-05-18;6;139;1;observed;5.9;0.0;1;8.6;20.8;0;1.7000000000000002;5.83;0.375;2.0;0.25;0.0;7.1625;19.7;8
2024-05-19;7;140;1;observed;3.3000000000000003;0.0;0;8.9;21.2;0;5.15;12.379999999999995;0.625;1.25;0.125;0.0;8.925;20.375;8
2024-05-20;1;141;1;observed;0.1;0.0;0;9.0;23.2;0;6.1;17.219999999999995;0.5;2.0;0.125;0.0;9.95;20.0375;8
2024-05-21;2;142;1;observed;6.2;0.0;4;12.0;17.2;0;5.2;12.31;0.625;3.25;0.125;0.0;10.0375;18.6;8
2024-05-22;3;143;1;observed;5.6;0.0;1;10.6;18.9;0;4.9875;11.419999999999998;0.625;1.625;0.125;0.0;9.4875;19.6625;8
2024-05-23;4;144;1;observed;11.3;0.0;1;8.1;20.1;0;8.8;14.629999999999999;0.875;3.75;0.25;0.0;8.6875;18.1875;8
2024-05-24;5;145;1;observed;0.1;0.0;1;7.6;18.5;0;3.2;6.77;0.75;4.0;0.375;0.0;8.55;17.9375;8
2024-05-25;6;146;1;observed;4.7;0.0;0;8.8;18.3;0;4.425;11.559999999999999;0.5;1.125;0.0;0.0;9.4625;19.5125;8
2024-05-26;7;147;1;observed;0.6000000000000001;0.0;1;9.1;21.3;0;2.65;7.13;0.625;1.625;0.125;0.0;9.3375;19.2375;8
2024-05-27;1;148;1;observed;9.7;0.0;0;9.9;22.0;0;6.9625;16.099999999999998;0.625;3.375;0.375;0.0;9.125;19.4375;8
2024-05-28;2;149;1;observed;14.8;0.0;8;8.7;14.9;0;6.45;13.399999999999999;0.75;3.5;0.25;0.0;9.275;17.075;8
2024-05-29;3;150;1;observed;0.4;0.0;0;7.0;20.9;0;0.41250000000000003;0.86;0.0;1.125;0.125;0.0;7.9625;19.4;8
2024-05-30;4;151;1;observed;14.6;0.0;4;12.7;18.6;0;2.5625;8.439999999999998;0.25;1.0;0.0;0.0;8.875;21.0375;8
2024-05-31;5;152;1;observed;20.400000000000002;0.0;13;10.9;13.1;0;3.35;8.849999999999998;0.375;2.25;0.125;0.0;9.8;20.875;8
2024-06-01;6;153;1;observed;31.2;0.0;17;9.2;13.1;0;5.1375;12.649999999999995;0.375;2.25;0.125;0.0;10.35;21.5125;8
2024-06-02;7;154;1;observed;11.200000000000001;0.0;12;11.6;19.1;0;3.6625;9.870000000000001;0.375;1.625;0.125;0.0;11.325000000000001;23.575;8
2024-06-03;1;155;1;observed;36.6;0.0;18;12.4;16.2;0;4.775;11.539999999999996;0.125;2.25;0.125;0.0;11.8875;24.75;8
2024-06-04;2;156;1;observed;0.2;0.0;5;10.9;20.7;0;5.775;14.309999999999999;0.625;2.0;0.0;0.0;13.2375;22.65;8
2024-06-05;3;157;1;observed;0.0;0.0;0;9.1;23.4;0;4.475;12.179999999999996;0.375;2.875;0.25;0.0;11.95;22.2375;8
2024-06-06;4;158;1;observed;5.3;0.0;0;12.2;23.5;0;7.25;20.49;0.625;1.875;0.25;0.0;12.1;21.6;8
2024-06-07;5;159;1;observed;2.8;0.0;1;13.2;23.0;0;4.55;11.68;0.625;2.5;0.125;0.0;12.425;21.0625;8
2024-06-08;6;160;1;observed;1.4;0.0;0;12.4;25.1;0;4.425;11.109999999999998;0.625;1.375;0.0;0.0;11.525;21.4125;8
2024-06-09;7;161;1;observed;15.2;0.0;3;15.0;22.2;0;4.7875;12.12;0.5;2.75;0.125;0.0;12.2625;21.975;8
2024-06-10;1;162;1;observed;6.7;0.0;4;14.4;20.0;0;3.5625;8.149999999999999;0.5;3.875;0.25;0.0;12.9375;22.675;8
2024-06-11;2;163;1;observed;3.6;0.0;13;10.2;14.4;0;2.9125;7.019999999999998;0.375;3.75;0.25;0.0;12.325;22.0625;8
2024-06-12;3;164;1;observed;1.9000000000000001;0.0;0;10.1;17.2;0;9.6;26.029999999999994;0.5;5.0;0.125;0.0;11.7875;21.7875;8
2024-06-13;4;165;1;observed;3.0;0.0;1;7.2;17.4;0;1.1125;3.57;0.25;2.0;0.125;0.0;10.725;23.5;8
2024-06-14;5;166;1;observed;0.4;0.0;0;7.5;18.8;0;1.925;5.13;0.375;2.125;0.125;0.0;11.924999999999999;23.625;8
2024-06-15;6;167;1;observed;16.9;0.0;3;10.3;18.6;0;10.275;21.279999999999998;0.75;3.875;0.125;0.0;12.1625;21.2375;8
2024-06-16;7;168;1;observed;7.6;0.0;0;12.9;21.1;0;1.625;4.659999999999999;0.375;1.875;0.125;0.0;13.075;23.625;8
2024-06-17;1;169;1;observed;2.0;0.0;0;11.1;25.2;0;1.5125000000000002;4.63;0.375;0.25;0.0;0.0;12.575;26.2125;8
2024-06-18;2;170;1;observed;0.0;0.0;1;13.2;27.8;0;0.0125;0.029999999999999985;0.0;0.5;0.0;0.0;14.55;27.2625;8
2024-06-19;3;171;1;observed;0.0;0.0;0;14.4;28.4;0;2.625;7.93;0.375;0.625;0.0;0.0;15.55;26.3375;8
2024-06-20;4;172;1;observed;0.0;0.0;0;16.2;26.6;0;2.7125;6.369999999999999;0.5;1.75;0.125;0.0;15.1125;25.2875;8
2024-06-21;5;173;1;observed;15.9;0.0;4;17.1;26.4;0;5.699999999999999;11.139999999999999;0.875;2.0;0.125;0.0;14.1875;25.2875;8
2024-06-22;6;174;1;observed;4.8;0.0;1;12.2;22.3;0;2.825;5.369999999999999;0.75;3.125;0.25;0.0;14.075;23.475;8
2024-06-23;7;175;1;observed;3.2;0.0;15;12.5;20.5;0;4.325;13.65;0.625;5.5;0.375;0.0;14.15;23.525;8
2024-06-24;1;176;1;observed;0.1;0.0;0;13.1;24.5;0;2.1;6.43;0.375;1.375;0.125;0.0;13.2125;25.125;8
2024-06-25;2;177;1;observed;0.0;0.0;0;13.6;26.1;0;1.6625;4.819999999999999;0.25;0.0;0.0;0.0;13.5375;26.6625;8
2024-06-26;3;178;1;observed;0.30000000000000004;0.0;1;14.1;24.5;0;2.7375;6.68;0.5;1.0;0.125;0.0;14.7625;25.8375;8
2024-06-27;4;179;1;observed;2.9;0.0;0;14.4;25.6;0;5.9375;13.95;0.625;2.75;0.25;0.0;14.575;24.3875;8
2024-06-28;5;180;1;observed;16.4;0.0;0;16.1;28.1;0;4.6625;12.129999999999999;0.625;2.25;0.25;0.0;14.4625;26.25;8
2024-06-29;6;181;1;observed;0.0;0.0;0;16.3;31.9;0;6.9;17.479999999999997;0.375;0.75;0.0;0.0;14.8;26.125;8
2024-06-30;7;182;1;observed;8.0;0.0;3;17.8;26.0;0;4.5375;8.629999999999999;0.625;3.0;0.25;0.0;14.575;24.1;8
2024-07-01;1;183;1;observed;19.2;0.0;7;14.2;20.1;0;3.4625;9.959999999999997;0.375;1.75;0.125;0.0;13.8;23.9;8
2024-07-02;2;184;1;observed;3.5;0.0;3;12.6;18.7;0;2.0999999999999996;5.9399999999999995;0.375;0.875;0.0;0.0;14.0375;24.4875;8
2024-07-03;3;185;1;observed;12.6;0.0;9;12.9;19.3;0;5.925;12.629999999999999;0.625;2.75;0.25;0.0;14.625;22.9;8
2024-07-04;4;186;1;observed;0.7;0.0;0;10.5;22.2;0;3.3125;8.779999999999998;0.5;0.25;0.0;0.0;13.425;24.5875;8
2024-07-05;5;187;1;observed;3.5;0.0;10;14.6;24.5;0;5.5125;13.129999999999995;0.5;2.75;0.25;0.0;13.9125;25.325;8
2024-07-06;6;188;1;observed;3.2;0.0;0;14.7;28.5;0;6.7;15.189999999999998;0.875;1.375;0.0;0.0;14.475;23.0;8
2024-07-07;7;189;1;observed;20.6;0.0;8;15.1;18.2;0;7.775;21.080000000000002;0.625;5.0;0.5;0.0;13.1;20.3625;8
2024-07-08;1;190;1;observed;0.1;0.0;6;12.4;21.8;0;1.3125;5.03;0.25;2.375;0.25;0.0;11.75;22.425;8
2024-07-09;2;191;1;observed;0.0;0.0;0;13.3;28.0;0;0.925;2.7800000000000002;0.25;2.125;0.125;0.0;12.85;23.775;8
2024-07-10;3;192;1;observed;12.7;0.0;0;17.5;28.4;0;5.8125;13.6;0.75;2.25;0.125;0.0;13.9125;24.125;8
2024-07-11;4;193;1;observed;0.2;0.0;4;16.7;26.2;0;5.95;16.039999999999996;0.5;1.625;0.125;0.0;13.4375;23.7375;8
2024-07-12;5;194;1;observed;4.9;0.0;1;17.7;24.5;0;3.7;11.35;0.5;0.625;0.0;0.0;13.3;23.2375;8
2024-07-13;6;195;1;observed;7.1;0.0;6;15.4;21.1;0;5.262499999999999;12.589999999999996;0.5;1.25;0.125;0.0;13.2625;23.4375;8
2024-07-14;7;196;1;observed;0.0;0.0;7;15.8;23.5;0;3.1500000000000004;7.859999999999998;0.375;1.375;0.125;0.0;13.6;23.9375;8
2024-07-15;1;197;1;observed;0.0;0.0;0;15.2;29.9;0;3.2375;8.229999999999999;0.625;0.875;0.0;0.0;14.475;24.2625;8
2024-07-16;2;198;1;observed;0.6;0.0;0;18.2;26.3;0;7.8625;16.95;0.625;2.5;0.25;0.0;14.4875;23.075;8
2024-07-17;3;199;1;observed;0.5;0.0;10;17.8;22.5;0;5.775;17.18;0.375;4.0;0.375;0.0;14.6125;24.1125;8
2024-07-18;4;200;1;observed;0.0;0.0;5;14.1;26.4;0;1.625;5.27;0.375;1.0;0.0;0.0;13.7625;26.1375;8
2024-07-19;5;201;1;observed;0.1;0.0;0;16.3;28.3;0;1.7;6.1499999999999995;0.25;0.625;0.0;0.0;15.1;27.5125;8
2024-07-20;6;202;1;observed;8.7;0.0;0;18.0;26.0;0;7.225;16.58;0.75;1.5;0.0;0.0;15.5625;23.9125;8
2024-07-21;7;203;1;observed;8.6;0.0;0;15.1;28.6;0;5.4125;15.259999999999996;0.5;1.5;0.125;0.0;14.175;25.2125;8
2024-07-22;1;204;1;observed;17.9;0.0;4;16.4;25.7;0;3.8625;8.029999999999998;0.625;1.25;0.0;0.0;15.05;25.9875;8
2024-07-23;2;205;1;observed;1.9;0.0;1;16.9;23.6;0;2.6;5.369999999999999;0.625;1.0;0.125;0.0;15.5;25.9125;8
2024-07-24;3;206;1;observed;3.3;0.0;6;16.5;22.0;0;3.95;7.969999999999999;0.625;2.0;0.25;0.0;15.3875;25.2875;8
2024-07-25;4;207;1;observed;0.0;0.0;4;14.9;23.5;0;4.3;10.399999999999999;0.5;2.25;0.125;0.0;14.6875;23.775;8
2024-07-26;5;208;1;observed;0.0;0.0;0;12.7;27.7;0;3.5250000000000004;12.43;0.375;1.125;0.125;0.0;14.3;24.55;8
2024-07-27;6;209;1;observed;0.0;0.0;0;16.1;29.1;0;5.525;19.07;0.375;1.625;0.125;0.0;14.4625;24.3375;8
2024-07-28;7;210;1;observed;2.6;0.0;9;17.2;22.1;0;8.975;20.039999999999992;0.75;4.125;0.25;0.0;15.2;24.2125;8
2024-07-29;1;211;1;observed;0.0;0.0;0;13.6;25.0;0;4.175000000000001;9.83;0.625;0.125;0.0;0.0;14.924999999999999;24.65;8
2024-07-30;2;212;1;observed;0.0;0.0;0;12.6;27.6;0;1.725;5.3;0.375;1.375;0.125;0.0;14.1875;24.7375;8
2024-07-31;3;213;1;observed;0.5;0.0;0;16.5;31.1;0;3.8125;11.56;0.375;1.0;0.125;0.0;15.125;25.2375;8
2024-08-01;4;214;1;observed;1.8;0.0;0;16.1;29.2;0;3.325;7.929999999999998;0.75;0.5;0.0;0.0;14.7375;24.837500000000002;8
2024-08-02;5;215;1;observed;3.3;0.0;1;17.1;25.5;0;5.6;12.59;0.75;0.75;0.0;0.0;14.975000000000001;23.75;8
2024-08-03;6;216;1;observed;6.6;0.0;2;15.2;23.8;0;10.05;26.009999999999994;0.625;2.125;0.25;0.0;14.5625;23.025;8
2024-08-04;7;217;1;observed;12.9;0.0;3;15.9;24.1;0;14.6625;34.02999999999999;0.75;4.0;0.25;0.0;13.8875;23.4125;8
2024-08-05;1;218;1;observed;4.3;0.0;2;15.5;23.5;0;2.25;5.2299999999999995;0.75;2.625;0.125;0.0;13.975;22.675;8
2024-08-06;2;219;1;observed;0.0;0.0;0;13.7;26.6;0;3.8875;13.37;0.375;1.75;0.125;0.0;12.9875;24.7375;8
2024-08-07;3;220;1;observed;0.6;0.0;0;15.6;28.1;0;2.3625000000000003;6.299999999999997;0.25;0.0;0.0;0.0;14.0;25.425;8
2024-08-08;4;221;1;observed;5.3;0.0;1;14.6;23.4;0;2.5625;8.209999999999997;0.25;0.625;0.0;0.0;13.5875;26.400000000000002;8
2024-08-09;5;222;1;observed;0.0;0.0;0;14.0;26.8;0;6.65;18.529999999999994;0.375;1.125;0.0;0.0;14.3875;25.2375;8
2024-08-10;6;223;1;observed;0.1;0.0;0;17.1;28.0;0;0.17500000000000002;0.45999999999999974;0.125;0.0;0.0;0.0;14.175;26.0875;8
2024-08-11;7;224;1;observed;0.0;0.0;2;16.6;29.8;0;3.8375;9.329999999999995;0.125;1.625;0.125;0.0;14.0375;26.9375;8
2024-08-12;1;225;1;observed;0.1;0.0;0;19.0;29.2;0;2.725;6.869999999999997;0.375;0.0;0.0;0.0;15.325;27.55;8
2024-08-13;2;226;1;observed;9.4;0.0;2;18.5;29.9;0;2.7750000000000004;6.25;0.625;0.25;0.0;0.0;15.725;26.95;8
2024-08-14;3;227;1;observed;5.1;0.0;0;15.8;30.2;0;3.2375;5.7299999999999995;0.875;0.0;0.0;0.0;15.575;26.775;8
2024-08-15;4;228;1;observed;0.3;0.0;0;14.9;27.1;0;5.0625;12.229999999999997;0.5;0.25;0.0;0.0;14.775;25.8125;8
2024-08-16;5;229;1;observed;10.8;0.0;1;17.5;27.2;0;3.9000000000000004;8.91;0.5;2.5;0.25;0.0;14.3625;25.6625;8
2024-08-17;6;230;1;observed;5.3;0.0;6;17.7;25.0;0;2.3875;6.499999999999999;0.5;1.25;0.125;0.0;15.4875;25.0125;8
2024-08-18;7;231;1;observed;19.900000000000002;0.0;8;16.6;22.7;0;5.625;18.080000000000002;0.5;1.375;0.125;0.0;14.975;24.4625;8
2024-08-19;1;232;1;observed;28.1;0.0;24;15.1;18.0;0;13.5375;33.44;0.625;5.5;0.375;0.0;14.987499999999999;23.275;8
2024-08-20;2;233;1;observed;0.5;0.0;15;14.7;20.9;0;5.3125;16.959999999999997;0.375;3.375;0.25;0.0;14.5;24.2;8
2024-08-21;3;234;1;observed;4.3;0.0;3;15.8;21.6;0;3.8625;11.189999999999998;0.375;2.5;0.25;0.0;14.9875;24.875;8
2024-08-22;4;235;1;observed;0.0;0.0;0;11.8;23.0;0;2.8249999999999997;7.8999999999999995;0.5;3.875;0.25;0.0;14.737499999999999;23.0375;8
2024-08-23;5;236;1;observed;0.0;0.0;1;12.7;27.8;0;2.575;8.579999999999998;0.25;2.75;0.125;0.0;13.35;23.8375;8
2024-08-24;6;237;1;observed;0.0;0.0;0;14.4;28.5;0;2.8375;8.129999999999997;0.25;1.375;0.125;0.0;13.225;23.4125;8
2024-08-25;7;238;1;observed;29.200000000000003;0.0;3;13.4;20.4;0;9.9375;29.53;0.625;1.5;0.0;0.0;12.4;22.5875;8
2024-08-26;1;239;1;observed;6.6000000000000005;0.0;12;12.3;17.6;0;5.375;13.359999999999998;0.5;2.75;0.125;0.0;13.0625;22.125;8
2024-08-27;2;240;1;observed;0.0;0.0;12;12.4;22.9;0;8.9125;26.919999999999998;0.5;5.75;0.375;0.0;13.2;21.45;8
2024-08-28;3;241;1;observed;0.0;0.0;0;13.6;27.3;0;8.8625;19.1;0.625;4.0;0.25;0.0;13.0875;21.9875;8
2024-08-29;4;242;1;observed;0.0;0.0;0;14.1;28.9;0;11.3875;34.739999999999995;0.5;3.0;0.25;0.0;12.825;20.5375;8
2024-08-30;5;243;1;observed;0.0;0.0;0;15.4;29.4;0;6.4125000000000005;15.649999999999999;0.625;3.75;0.25;0.0;12.6125;20.3875;8
2024-08-31;6;244;1;observed;0.0;0.0;0;15.1;28.2;0;3.4875;10.809999999999997;0.25;3.625;0.125;0.0;12.25;21.3125;8
2024-09-01;7;245;1;observed;5.7;0.0;0;16.0;27.8;0;5.1125;13.709999999999999;0.625;2.0;0.125;0.0;11.2625;20.2125;8
2024-09-02;1;246;1;observed;12.7;0.0;0;17.1;25.6;0;2.4;6.8199999999999985;0.375;0.375;0.0;0.0;11.0;21.3125;8
2024-09-03;2;247;1;observed;0.0;0.0;1;15.6;27.1;0;2.425;6.239999999999998;0.375;1.25;0.125;0.0;11.175;22.6375;8
2024-09-04;3;248;1;observed;0.1;0.0;0;15.6;26.6;0;4.7;18.49;0.25;0.875;0.125;0.0;11.3125;22.2625;8
2024-09-05;4;249;1;observed;0.0;0.0;0;14.8;29.9;0;0.7000000000000001;2.36;0.25;2.875;0.25;0.0;11.15;23.425;8
2024-09-06;5;250;1;observed;4.5;0.0;2;15.5;23.1;0;4.675;10.829999999999998;0.5;4.375;0.375;0.0;12.3625;20.975;8
2024-09-07;6;251;1;observed;0.0;0.0;1;13.6;26.7;0;3.8625;13.18;0.375;2.0;0.125;0.0;10.8875;21.275;8
2024-09-08;7;252;1;observed;5.2;0.0;0;14.4;25.2;0;3.3499999999999996;8.919999999999998;0.5;2.375;0.125;0.0;11.1875;21.6375;8
2024-09-09;1;253;1;observed;23.5;0.0;4;14.2;18.1;0;5.6125;14.399999999999999;0.5;2.125;0.125;0.0;11.125;20.95;8
2024-09-10;2;254;1;observed;9.3;0.0;3;11.1;17.8;0;5.275;13.649999999999999;0.5;1.375;0.0;0.0;11.9625;21.425;8
2024-09-11;3;255;1;observed;6.4;0.0;2;9.6;19.9;0;0.9125;2.4799999999999995;0.125;0.75;0.0;0.0;11.85;22.3375;8
2024-09-12;4;256;1;observed;19.0;0.0;7;6.4;10.4;0;4.1875;14.939999999999998;0.25;1.25;0.125;0.0;11.45;21.3;8
2024-09-13;5;257;1;observed;14.4;0.0;11;6.3;9.4;0;8.8125;21.749999999999996;0.625;3.375;0.25;0.0;11.925;20.9;8
2024-09-14;6;258;1;observed;45.3;0.0;22;6.2;7.8;0;6.799999999999999;17.71999999999999;0.375;4.5;0.25;0.0;11.6375;21.05;8
2024-09-15;7;259;1;observed;9.1;0.0;13;7.6;11.6;0;4.8375;12.339999999999998;0.5;5.0;0.375;0.0;12.125;20.6;8
2024-09-16;1;260;1;observed;31.8;0.0;24;7.8;9.2;0;5.9875;15.279999999999996;0.5;5.625;0.25;0.0;11.2375;18.8;8
2024-09-17;2;261;1;observed;8.5;0.0;15;8.2;16.1;0;3.225;7.73;0.5;3.75;0.375;0.0;10.6;19.925;8
2024-09-18;3;262;1;observed;0.1;0.0;0;4.5;19.7;0;2.1875;8.129999999999999;0.25;2.625;0.25;0.0;8.637500000000001;19.2;8
2024-09-19;4;263;1;observed;0.0;0.0;0;6.1;20.1;0;1.8125;7.23;0.25;3.375;0.125;0.0;8.4875;19.775;8
2024-09-20;5;264;1;observed;0.0;0.0;0;6.5;20.1;0;0.75;2.8200000000000003;0.25;3.0;0.125;0.0;8.5625;20.9375;8
2024-09-21;6;265;1;observed;0.0;0.0;0;7.2;21.8;0;2.9375;7.3799999999999955;0.375;3.125;0.25;0.0;9.05;18.3625;8
2024-09-22;7;266;1;observed;0.0;0.0;0;8.4;21.6;0;3.3249999999999997;10.069999999999999;0.625;4.5;0.25;0.0;9.1125;19.05;8
2024-09-23;1;267;1;observed;0.1;0.0;0;9.1;21.5;0;3.6625;9.9;0.5;3.875;0.125;0.0;9.4;17.075;8
2024-09-24;2;268;1;observed;8.6;0.0;1;11.8;18.9;0;2.8;6.779999999999999;0.625;1.5;0.125;0.0;8.725;17.4625;8
2024-09-25;3;269;1;observed;0.0;0.0;0;7.7;20.5;0;4.95;12.239999999999995;0.375;2.75;0.125;0.0;8.1;17.9;8
2024-09-26;4;270;1;observed;4.800000000000001;0.0;0;12.2;22.1;0;6.15;13.419999999999998;0.75;4.375;0.375;0.0;9.2625;17.675;8
2024-09-27;5;271;1;observed;25.5;0.0;3;10.8;17.5;0;6.125;17.519999999999996;0.5;4.0;0.375;0.0;9.15;17.6625;8
2024-09-28;6;272;1;observed;7.1000000000000005;0.0;3;8.2;12.9;0;4.0625;7.92;0.625;4.5;0.375;0.0;7.824999999999999;15.6875;8
2024-09-29;7;273;1;observed;0.4;0.0;0;5.7;13.6;0;2.675;6.549999999999998;0.375;7.25;0.5;0.0;8.15;15.4875;8
2024-09-30;1;274;1;observed;0.7;0.0;0;5.3;15.9;0;4.2875000000000005;12.779999999999998;0.375;2.625;0.25;0.0;6.575;16.45;8
2024-10-01;2;275;1;observed;6.2;0.0;0;9.1;16.9;0;9.9375;28.789999999999996;0.5;2.75;0.125;0.0;7.325;17.15;8
2024-10-02;3;276;1;observed;8.0;0.0;1;6.7;15.3;0;2.3125;6.39;0.5;4.625;0.375;0.0;7.5249999999999995;17.3875;8
2024-10-03;4;277;1;observed;4.9;0.0;2;4.4;12.0;0;2.8625000000000003;5.86;0.625;2.375;0.125;0.0;5.7125;16.9625;8
2024-10-04;5;278;1;observed;23.5;0.0;20;7.9;9.6;0;6.225;15.519999999999998;0.5;5.875;0.375;0.0;6.6375;15.225;8
2024-10-05;6;279;1;observed;3.2;0.0;22;7.2;10.6;0;3.875;8.84;0.625;6.0;0.375;0.0;7.125;14.6625;8
2024-10-06;7;280;1;observed;0.0;0.0;0;3.3;14.7;0;3.7125000000000004;9.569999999999997;0.625;7.5;0.5;0.0;7.1375;14.775;8
2024-10-07;1;281;1;observed;0.0;0.0;0;7.6;21.4;0;2.0375;7.659999999999999;0.25;3.0;0.125;0.0;8.05;17.2;8
2024-10-08;2;282;1;observed;6.5;0.0;2;10.4;22.0;0;3.4;9.169999999999998;0.5;5.125;0.25;0.0;7.9375;17.375;8
2024-10-09;3;283;1;observed;5.7;0.0;0;9.9;22.8;0;1.05;3.3199999999999994;0.25;3.125;0.125;0.0;7.4875;18.2125;8
2024-10-10;4;284;1;observed;10.0;0.0;0;10.9;19.6;0;2.2;6.85;0.375;2.25;0.125;0.125;7.55;18.325;8
2024-10-11;5;285;1;observed;0.5;0.0;2;5.4;14.1;0;1.35;4.15;0.375;3.625;0.375;0.0;7.625;16.6;8
2024-10-12;6;286;1;observed;0.0;0.0;1;3.4;17.9;0;1.7750000000000001;5.149999999999999;0.25;4.875;0.375;0.0;6.6625;17.0125;8
2024-10-13;7;287;1;observed;7.500000000000001;0.0;7;9.1;17.0;0;2.7750000000000004;7.5600000000000005;0.5;4.625;0.375;0.0;7.5375000000000005;16.8375;8
2024-10-14;1;288;1;observed;0.3;0.0;5;6.2;18.2;0;1.8375000000000001;5.599999999999999;0.25;1.875;0.0;0.0;6.425;16.775;8
2024-10-15;2;289;1;observed;7.7;0.0;21;11.2;16.8;0;2.2125;5.81;0.375;7.375;0.5;0.125;6.5;15.4625;8
2024-10-16;3;290;1;observed;0.0;0.0;10;8.9;20.5;0;1.525;3.6599999999999975;0.125;7.375;0.5;0.0;5.6125;15.275;8
2024-10-17;4;291;1;observed;0.0;0.0;0;10.1;22.7;0;1.1;4.09;0.25;1.75;0.125;0.0;5.7625;16.1625;8
2024-10-18;5;292;1;observed;2.9;0.0;1;8.8;15.6;0;0.7125;1.8499999999999999;0.375;2.75;0.25;0.0;5.725;14.8625;8
2024-10-19;6;293;1;observed;1.2;0.0;21;9.0;17.5;0;0.9999999999999999;2.609999999999999;0.25;4.25;0.25;0.0;7.075;18.525;8
2024-10-20;7;294;1;observed;0.0;0.0;10;9.6;17.4;0;0.9500000000000001;2.34;0.375;2.375;0.25;0.0;7.15;16.8875;8
2024-10-21;1;295;1;observed;0.0;0.0;7;8.4;18.9;0;1.8625;5.1099999999999985;0.375;3.375;0.375;0.0;6.375;15.5375;8
2024-10-22;2;296;1;observed;0.8;0.0;5;9.1;19.2;0;1.75;5.249999999999999;0.25;1.0;0.0;0.0;6.5125;17.5;8
2024-10-23;3;297;1;observed;9.4;0.0;24;11.2;13.6;0;6.2124999999999995;15.339999999999996;0.625;6.875;0.375;0.125;7.1;14.5875;8
2024-10-24;4;298;1;observed;1.3;0.0;22;9.2;14.3;0;1.825;5.81;0.375;6.75;0.375;0.0;6.925;14.575;8
2024-10-25;5;299;1;observed;0.0;0.0;7;7.2;15.4;0;1.75;6.88;0.25;1.625;0.125;0.125;5.675;15.6375;8
2024-10-26;6;300;1;observed;0.0;0.0;4;6.7;16.5;0;7.9375;18.81;0.5;4.25;0.375;0.25;5.275;14.200000000000001;8
2024-10-27;7;301;1;observed;0.0;0.0;0;7.7;18.4;0;5.45;14.23;0.5;6.625;0.375;0.0;5.25;14.0;8
2024-10-28;1;302;1;observed;0.0;0.0;6;7.1;16.5;0;2.3000000000000003;8.89;0.25;4.75;0.375;0.0;4.8;15.2875;8
2024-10-29;2;303;1;observed;0.0;0.0;0;6.5;16.8;0;3.5;8.979999999999997;0.625;3.0;0.125;0.0;5.5;15.2375;8
2024-10-30;3;304;1;observed;0.0;0.0;7;6.2;15.6;0;2.7125000000000004;7.199999999999999;0.375;4.25;0.375;0.0;5.65;14.325;8
2024-10-31;4;305;1;observed;0.0;0.0;13;6.6;13.9;0;2.0;4.869999999999997;0.125;3.875;0.375;0.0;5.1875;15.0375;8
2024-11-01;5;306;1;observed;0.0;0.0;7;4.8;14.1;0;4.8375;12.79;0.625;2.5;0.25;0.0;5.375;14.05;8
2024-11-02;6;307;1;observed;0.0;0.0;17;3.3;8.9;0;2.2625;5.389999999999999;0.5;4.25;0.25;0.0;4.5125;12.1875;8
2024-11-03;7;308;1;observed;0.0;0.0;16;2.7;11.4;0;5.7124999999999995;14.0;0.625;5.625;0.375;0.25;3.0999999999999996;12.275;8
2024-11-04;1;309;1;observed;0.0;0.0;17;0.6;10.7;0;3.9875;9.199999999999996;0.5;6.125;0.375;0.125;3.0375;11.4625;8
2024-11-05;2;310;1;observed;0.0;0.0;9;0.3;9.7;0;0.09999999999999999;0.2799999999999999;0.0;4.125;0.25;0.25;2.075;11.2875;8
2024-11-06;3;311;1;observed;0.0;0.0;1;2.6;13.2;0;0.3375;0.8999999999999997;0.125;4.0;0.25;0.25;1.5875;11.924999999999999;8
2024-11-07;4;312;1;observed;0.0;0.0;24;2.0;8.7;0;0.525;1.8599999999999999;0.25;7.875;0.625;0.25;2.0125;10.25;8
2024-11-08;5;313;1;observed;0.0;0.0;19;3.2;7.6;0;1.6875;6.049999999999999;0.25;4.625;0.375;0.25;1.7875;10.35;8
2024-11-09;6;314;1;observed;0.0;0.0;16;1.1;8.6;0;1.2375;3.7899999999999996;0.25;5.125;0.375;0.25;0.8624999999999999;10.3;8
2024-11-10;7;315;1;observed;0.0;0.0;13;0.6;7.4;0;0.025;0.05999999999999997;0.0;3.125;0.125;0.25;0.7000000000000001;10.0625;8
2024-11-11;1;316;1;observed;0.0;0.0;14;2.6;7.1;0;2.65;9.799999999999999;0.25;7.25;0.375;0.375;1.1375;9.5625;8
2024-11-12;2;317;1;observed;0.0;0.0;21;0.7;4.7;0;4.225;15.85;0.375;7.125;0.5;0.25;1.4749999999999999;10.1;8
2024-11-13;3;318;1;observed;2.8000000000000003;1.05;24;0.8;2.7;1;4.75;11.739999999999995;0.375;7.875;0.5;0.25;2.7750000000000004;11.5375;8
2024-11-14;4;319;1;observed;0.30000000000000004;0.07;15;0.8;6.8;1;1.5875000000000001;5.91;0.25;7.125;0.5;0.125;3.1375;10.7875;8
2024-11-15;5;320;1;observed;0.30000000000000004;0.0;11;-0.6;7.9;1;1.8625;5.1;0.375;7.75;0.5;0.375;1.0;8.9875;8
2024-11-16;6;321;1;observed;0.0;0.0;0;-2.3;7.2;1;7.0625;18.66;0.625;7.375;0.5;0.5;1.3375;8.5375;8
2024-11-17;7;322;1;observed;0.9;0.0;2;-2.1;10.5;1;1.7874999999999999;4.299999999999999;0.375;4.625;0.375;0.375;0.4875;7.825;8
2024-11-18;1;323;1;observed;7.0;0.0;7;2.3;10.7;0;3.5125;8.77;0.5;5.125;0.375;0.625;0.09999999999999998;8.525;8
2024-11-19;2;324;1;observed;0.2;0.0;0;2.8;9.6;0;1.2875;2.9699999999999998;0.5;4.0;0.125;0.5;0.5874999999999999;8.75;8
2024-11-20;3;325;1;observed;17.1;1.19;5;0.3;9.4;1;5.0625;10.099999999999998;0.625;9.5;0.625;0.75;-0.6625;5.8625;8
2024-11-21;4;326;1;observed;1.9;1.33;0;-0.3;4.4;1;1.8875;4.189999999999999;0.5;10.375;0.5;0.75;-1.0875;5.05;8
2024-11-22;5;327;1;observed;9.1;6.37;7;-1.6;0.1;1;1.65;4.829999999999998;0.25;5.0;0.375;0.75;-2.4625000000000004;6.35;8
2024-11-23;6;328;1;observed;2.0;1.4;9;-0.5;5.8;1;3.1374999999999997;7.269999999999998;0.5;5.375;0.5;0.625;-0.17500000000000002;7.85;8
2024-11-24;7;329;1;observed;0.0;0.0;0;-0.2;13.3;1;3.475;9.679999999999998;0.375;7.375;0.5;0.875;-0.95;6.4750000000000005;8
2024-11-25;1;330;1;observed;0.0;0.0;0;2.0;14.1;0;3.45;7.89;0.625;11.625;0.625;0.75;-0.32499999999999996;5.6125;8
2024-11-26;2;331;1;observed;2.6;0.0;1;0.4;10.4;0;2.65;6.919999999999999;0.5;5.25;0.25;0.75;-2.0875;5.4875;8
2024-11-27;3;332;1;observed;0.0;0.0;0;0.2;9.1;0;2.6500000000000004;8.87;0.375;3.0;0.25;0.75;-1.9625;5.8;8
2024-11-28;4;333;1;observed;11.4;0.0;6;1.7;7.4;0;4.3;10.91;0.75;7.75;0.75;0.625;-1.7375;5.05;8
2024-11-29;5;334;1;observed;0.5;0.0;12;-1.4;5.8;1;2.95;7.929999999999999;0.5;10.5;0.5;0.875;-1.925;3.8625;8
2024-11-30;6;335;1;observed;0.0;0.0;3;-3.2;5.7;1;3.6875;9.039999999999996;0.5;10.625;0.5;0.75;-1.2750000000000001;4.9375;8
2024-12-01;7;336;1;observed;0.0;0.0;2;-4.8;2.2;1;4.5375;10.369999999999996;0.625;9.5;0.625;0.875;-1.9124999999999999;3.2750000000000004;8
2024-12-02;1;337;1;observed;0.0;0.0;0;-4.8;8.7;1;1.0375;3.3999999999999995;0.25;8.375;0.625;0.875;-3.5500000000000003;4.175;8
2024-12-03;2;338;1;observed;6.5;0.0;8;0.4;5.7;0;3.8375;11.39;0.5;7.0;0.5;0.75;-3.15;3.575;8
2024-12-04;3;339;1;observed;5.3;0.14;21;0.9;3.7;1;2.25;4.39;0.625;7.375;0.5;0.875;-2.1;5.1625000000000005;8
2024-12-05;4;340;1;observed;0.0;0.0;3;-4.1;4.6;1;2.9125;6.759999999999999;0.5;6.5;0.625;0.875;-1.7374999999999998;5.7;8
2024-12-06;5;341;1;observed;13.1;0.35;7;0.9;6.1;1;5.9;14.659999999999998;0.625;6.625;0.375;0.875;-1.0875;5.4875;8
2024-12-07;6;342;1;observed;1.2000000000000002;0.0;2;-2.1;6.7;1;2.75;6.199999999999998;0.625;4.0;0.375;0.75;-1.7000000000000002;6.1125;8
2024-12-08;7;343;1;observed;6.5;0.0;18;1.3;4.7;0;5.1000000000000005;11.0;0.75;6.625;0.375;0.375;0.11249999999999999;5.6125;8
2024-12-09;1;344;1;observed;5.0;1.19;24;0.3;2.1;1;5.0625;9.84;0.875;10.25;0.5;0.875;-1.1125;4.4375;8
2024-12-10;2;345;1;observed;0.7;0.42000000000000004;24;0.2;3.0;1;2.85;6.359999999999999;0.5;10.375;0.5;0.875;-1.1375;3.6;8
2024-12-11;3;346;1;observed;0.2;0.0;24;0.6;3.2;0;2.5500000000000003;6.259999999999999;0.5;8.25;0.5;0.75;-2.7875;3.3375;8
2024-12-12;4;347;1;observed;0.2;0.0;8;-2.5;2.8;1;1.5625;4.869999999999999;0.25;6.5;0.375;0.75;-3.7;3.3625;8
2024-12-13;5;348;1;observed;0.0;0.0;21;-3.8;0.9;1;2.9875000000000003;9.040000000000001;0.5;13.375;0.75;0.875;-2.2125;3.9;8
2024-12-14;6;349;1;observed;0.4;0.0;10;-3.8;5.8;1;1.45;5.430000000000001;0.25;12.0;0.75;0.625;-1.775;4.5625;8
2024-12-15;7;350;1;observed;1.7;0.14;10;1.8;4.8;1;0.975;2.5699999999999994;0.25;10.25;0.75;0.75;-1.175;4.9;8
2024-12-16;1;351;1;observed;0.7999999999999999;0.14;11;0.6;10.3;1;0.375;0.83;0.0;4.875;0.375;0.875;-2.3625;6.8375;8
2024-12-17;2;352;1;observed;0.0;0.0;1;-0.4;10.1;1;0.2;0.72;0.0;2.375;0.125;0.875;-2.6125;7.0625;8
2024-12-18;3;353;1;observed;0.0;0.0;0;0.2;11.8;0;0.0;0.0;0.0;0.125;0.0;0.75;-2.7625;7.9375;8
2024-12-19;4;354;1;observed;4.4;0.0;2;-0.6;9.2;1;1.3375;3.84;0.375;4.875;0.25;0.875;-1.375;7.45;8
2024-12-20;5;355;1;observed;2.9;0.63;7;0.2;3.7;1;3.2874999999999996;8.629999999999999;0.5;3.625;0.25;0.75;-1.4124999999999999;5.325;8
2024-12-21;6;356;1;observed;0.0;0.0;5;-3.0;5.8;1;5.1875;13.499999999999996;0.5;5.0;0.25;0.875;-0.975;5.9625;8
2024-12-22;7;357;1;observed;12.6;1.1199999999999999;1;0.1;6.2;1;7.1;12.81;0.875;9.625;0.5;0.5;1.1625;6.975;8
2024-12-23;1;358;1;observed;3.9;2.66;13;-1.5;2.7;1;5.3;13.279999999999998;0.875;7.75;0.5;0.375;2.4375;8.2;8
2024-12-24;2;359;1;observed;3.8000000000000003;2.66;17;0.0;2.5;1;9.3625;23.279999999999994;0.625;5.75;0.5;0.625;1.575;7.1875;8
2024-12-25;3;360;1;observed;0.0;0.0;2;-6.4;2.5;1;2.05;6.2299999999999995;0.375;6.375;0.5;0.625;-1.75;5.6875;8
2024-12-26;4;361;1;observed;0.0;0.0;0;-6.6;3.2;1;2.2750000000000004;5.829999999999999;0.375;5.125;0.25;0.75;-2.3625;4.7875;8
2024-12-27;5;362;1;observed;0.0;0.0;0;-6.3;2.7;1;0.5625;1.4699999999999995;0.125;2.0;0.125;0.875;-2.9125;5.2625;8
2024-12-28;6;363;1;observed;0.0;0.0;0;-5.2;5.3;1;1.7;5.739999999999998;0.25;3.0;0.25;0.625;-1.7125;6.375;8
2024-12-29;7;364;1;observed;0.0;0.0;0;-4.0;6.7;1;2.875;10.209999999999999;0.375;4.875;0.375;0.75;-0.9249999999999998;7.3875;8
2024-12-30;1;365;1;observed;0.0;0.0;0;-6.1;3.0;1;2.7;7.689999999999998;0.25;3.0;0.125;0.625;-1.1624999999999999;7.45;8
2024-12-31;2;366;1;observed;0.0;0.0;0;-5.4;5.5;1;0.0;0.0;0.0;0.0;0.0;1.0;-4.75;4.95;2
2025-01-01;3;1;1;observed;0.0;0.0;0;-4.4;8.1;1;0.375;0.96;0.125;1.25;0.125;0.625;-0.4375;8.75;8
2025-01-02;4;2;1;observed;8.6;1.96;3;-2.2;6.4;1;2.1624999999999996;7.199999999999999;0.375;1.625;0.125;0.75;-0.8375000000000001;7.2250000000000005;8
2025-01-03;5;3;1;observed;5.0;3.0100000000000002;10;-2.4;0.9;1;2.8375;6.829999999999998;0.5;5.375;0.375;0.625;-0.875;6.625;8
2025-01-04;6;4;1;observed;0.0;0.0;0;-8.4;-0.4;1;4.6375;11.379999999999999;0.5;6.625;0.5;0.375;-0.3375;5.7125;8
2025-01-05;7;5;1;observed;11.8;3.85;6;-3.3;4.6;1;5.8125;13.6;0.75;9.125;0.625;0.625;0.45000000000000007;5.7375;8
2025-01-06;1;6;1;observed;0.0;0.0;0;0.6;11.6;0;5.9375;19.59;0.5;11.125;0.75;0.625;-0.43750000000000006;6.0;8
2025-01-07;2;7;1;observed;4.7;0.0;0;0.0;5.2;0;4.062500000000001;10.759999999999998;0.5;8.0;0.375;0.75;-1.9125;4.1375;8
2025-01-08;3;8;1;observed;1.2;0.0;4;-1.3;2.2;1;1.4124999999999999;3.389999999999999;0.25;5.125;0.25;1.0;-2.85;3.9375;8
2025-01-09;4;9;1;observed;3.5;0.28;2;1.0;12.2;1;2.4124999999999996;6.059999999999999;0.5;5.375;0.375;0.875;-2.175;5.425000000000001;8
2025-01-10;5;10;1;observed;0.30000000000000004;0.21000000000000002;0;-4.4;3.2;1;4.0375000000000005;10.589999999999996;0.375;7.5;0.625;0.875;-3.625;3.2;8
2025-01-11;6;11;1;observed;0.4;0.28;3;-4.5;1.8;1;1.2750000000000001;3.2099999999999995;0.5;8.5;0.625;1.0;-5.175;2.375;8
2025-01-12;7;12;1;observed;0.0;0.0;16;-2.2;0.2;1;1.2;4.42;0.25;8.375;0.5;0.875;-4.4;3.425;8
2025-01-13;1;13;1;observed;0.0;0.0;8;-7.3;0.3;1;3.4750000000000005;9.169999999999998;0.375;6.25;0.625;1.0;-3.425;3.775;8
2025-01-14;2;14;1;observed;0.0;0.0;0;-8.3;3.2;1;3.95;13.519999999999998;0.25;5.75;0.375;0.875;-4.125;5.15;8
2025-01-15;3;15;1;observed;3.2;1.47;16;-6.2;2.0;1;1.85;4.7299999999999995;0.375;6.0;0.375;1.0;-3.6875;4.5249999999999995;8
2025-01-16;4;16;1;observed;0.6;0.07;7;-3.8;4.4;1;2.5875;7.479999999999999;0.25;4.25;0.375;1.0;-4.05;5.575;8
2025-01-17;5;17;1;observed;0.0;0.0;8;-5.2;0.4;1;2.725;8.11;0.625;6.125;0.375;1.0;-3.525;5.0;8
2025-01-18;6;18;1;observed;0.0;0.0;4;-5.2;2.4;1;4.6125;9.68;0.75;7.875;0.625;1.0;-1.875;4.5;8
2025-01-19;7;19;1;observed;0.0;0.0;0;-4.2;9.6;1;3.1374999999999997;7.569999999999997;0.375;4.75;0.375;1.0;-4.675;3.6375;8
2025-01-20;1;20;1;observed;0.0;0.0;0;-3.8;8.8;1;1.3;3.65;0.375;3.375;0.25;1.0;-4.9;4.1625;8
2025-01-21;2;21;1;observed;0.1;0.0;0;-2.2;6.3;1;2.1125;7.63;0.375;6.125;0.5;0.875;-3.725;3.2125;8
2025-01-22;3;22;1;observed;0.0;0.0;0;-3.6;6.6;1;5.2;14.709999999999997;0.5;6.0;0.375;0.875;-4.1875;4.7625;8
2025-01-23;4;23;1;observed;1.0;0.0;2;-1.7;6.3;1;1.5875000000000001;3.3899999999999997;0.375;8.25;0.375;0.875;-2.9375;3.6875;8
2025-01-24;5;24;1;observed;0.0;0.0;0;-2.5;10.8;1;0.4875;1.3899999999999997;0.125;6.625;0.375;0.875;-2.9125;6.8875;8
2025-01-25;6;25;1;observed;0.0;0.0;0;0.2;13.6;0;1.275;3.9899999999999993;0.25;6.625;0.375;0.625;-1.9625;6.3;8
2025-01-26;7;26;1;observed;0.5;0.0;0;0.5;6.9;0;2.2;7.109999999999999;0.375;6.125;0.375;0.625;-1.7125;6.0625;8
2025-01-27;1;27;1;observed;0.4;0.0;2;-0.3;15.5;1;0.9500000000000001;2.8899999999999997;0.25;5.75;0.375;1.0;-3.0375;7.4;8
2025-01-28;2;28;1;observed;16.3;0.7000000000000001;6;0.2;5.1;1;5.225;12.87;0.75;8.0;0.5;0.875;-0.25;5.7875;8
2025-01-29;3;29;1;observed;0.5;0.21;0;-2.0;9.6;1;1.3375000000000001;4.61;0.25;1.5;0.125;0.75;-1.5;7.6;8
2025-01-30;4;30;1;observed;0.0;0.0;0;-2.6;9.1;1;1.8875;3.6999999999999997;0.625;6.125;0.375;0.625;-1.55;8.225;8
2025-01-31;5;31;1;observed;3.3000000000000003;0.0;18;-0.9;4.2;1;2.6;6.47;0.5;8.375;0.5;0.75;-0.5;7.275;8
2025-02-01;6;32;1;observed;0.0;0.0;21;-1.4;3.3;1;2.925;7.359999999999999;0.5;8.125;0.5;0.75;0.22499999999999995;6.9625;8
2025-02-02;7;33;1;observed;0.0;0.0;21;-2.5;2.5;1;6.4125000000000005;13.539999999999997;0.75;9.5;0.625;0.625;2.175;6.55;8
2025-02-03;1;34;1;observed;0.0;0.0;18;-3.3;2.1;1;13.6625;40.55;0.75;11.0;0.75;0.375;1.6875;7.3625;8
2025-02-04;2;35;1;observed;0.0;0.0;13;-3.5;2.7;1;4.0875;11.399999999999999;0.625;7.0;0.5;0.75;-0.7625000000000001;6.7375;8
2025-02-05;3;36;1;observed;0.0;0.0;0;-3.3;5.6;1;0.8500000000000001;2.5199999999999996;0.375;2.625;0.25;0.75;-3.2375;6.2375;8
2025-02-06;4;37;1;observed;0.0;0.0;14;-4.4;4.2;1;0.25;0.7399999999999999;0.125;3.75;0.25;0.75;-3.875;6.45;8
2025-02-07;5;38;1;observed;0.0;0.0;5;-2.5;3.0;1;2.5374999999999996;6.259999999999998;0.375;3.75;0.25;0.75;-3.2125;5.3625;8
2025-02-08;6;39;1;observed;0.0;0.0;0;-2.7;10.9;1;1.2;3.55;0.375;3.875;0.375;0.875;-2.45;7.75;8
2025-02-09;7;40;1;observed;0.6;0.0;0;-1.6;7.8;1;0.2625;0.8399999999999999;0.125;2.25;0.125;0.875;-1.775;8.375;8
2025-02-10;1;41;1;observed;0.0;0.0;10;-2.0;5.2;1;1.7125;5.73;0.375;5.875;0.375;0.75;-1.225;8.4;8
2025-02-11;2;42;1;observed;0.4;0.0;6;-2.3;6.6;1;4.8125;8.760000000000002;0.75;5.0;0.5;0.875;-1.4874999999999998;5.0874999999999995;8
2025-02-12;3;43;1;observed;3.0;0.0;1;0.6;11.4;0;1.5875;3.7;0.5;2.75;0.125;0.875;-2.225;5.425;8
2025-02-13;4;44;1;observed;5.2;0.21000000000000002;8;1.4;8.9;1;1.225;4.01;0.25;1.625;0.125;1.0;-3.525;6.4125000000000005;8
2025-02-14;5;45;1;observed;1.9000000000000001;1.1900000000000002;24;-1.4;1.0;1;0.7375;2.11;0.375;3.75;0.125;0.875;-3.6;7.1875;8
2025-02-15;6;46;1;observed;0.0;0.0;7;-4.4;2.7;1;1.6500000000000001;5.1899999999999995;0.25;3.625;0.375;0.75;-3.0250000000000004;8.1;8
2025-02-16;7;47;1;observed;1.9;1.33;9;-5.9;-0.3;1;2.475;6.849999999999998;0.375;6.25;0.375;0.625;-1.175;9.6375;8
2025-02-17;1;48;1;observed;0.6000000000000001;0.42000000000000004;16;-3.7;1.7;1;3.6125000000000003;8.219999999999999;0.625;8.0;0.375;0.375;1.875;10.2875;8
2025-02-18;2;49;1;observed;0.0;0.0;11;-6.2;2.3;1;0.9;2.6399999999999992;0.25;4.875;0.375;0.5;0.5499999999999998;10.3875;8
2025-02-19;3;50;1;observed;0.0;0.0;0;-7.3;3.4;1;3.0875;6.739999999999999;0.5;5.125;0.375;0.5;-0.3749999999999999;8.1375;8
2025-02-20;4;51;1;observed;0.0;0.0;0;-4.9;12.1;1;1.5;3.379999999999999;0.375;5.875;0.375;0.5;-0.30000000000000004;10.725;8
2025-02-21;5;52;1;observed;0.0;0.0;0;-0.2;14.2;1;1.05;2.76;0.375;3.0;0.125;0.625;6.938893903907228e-18;10.8375;8
2025-02-22;6;53;1;observed;0.0;0.0;0;-1.5;13.3;1;2.7125;7.919999999999998;0.375;5.0;0.375;0.625;0.5624999999999999;10.575;8
2025-02-23;7;54;1;observed;0.0;0.0;11;0.8;10.5;0;2.5375;7.009999999999998;0.375;5.625;0.375;0.375;0.6625000000000001;10.125;8
2025-02-24;1;55;1;observed;1.4;0.0;7;3.0;13.4;0;2.8125;9.049999999999999;0.375;4.25;0.375;0.5;-0.55;10.9875;8
2025-02-25;2;56;1;observed;1.5;0.0;0;2.9;13.8;0;3.3625;8.259999999999996;0.5;1.625;0.125;0.625;-0.7625;10.100000000000001;8
2025-02-26;3;57;1;observed;12.200000000000001;0.0;11;4.2;9.0;0;3.075;7.859999999999999;0.5;7.375;0.5;0.75;-1.775;6.95;8
2025-02-27;4;58;1;observed;0.2;0.0;4;-0.7;9.8;1;1.675;4.469999999999999;0.25;8.0;0.375;0.875;-2.5625;5.7875;8
2025-02-28;5;59;1;observed;1.8;1.12;1;-2.5;7.4;1;0.825;2.6399999999999997;0.25;4.375;0.25;0.75;-4.025;6.4125;8
2025-03-01;6;60;1;observed;0.30000000000000004;0.0;17;-0.6;5.3;1;0.975;2.459999999999999;0.125;5.0;0.5;0.75;-2.6875;7.6625;8
2025-03-02;7;61;1;observed;0.0;0.0;0;-2.4;7.2;1;1.0125;2.53;0.5;2.875;0.25;0.625;-2.3874999999999997;8.4375;8
2025-03-03;1;62;1;observed;0.0;0.0;0;-3.6;10.4;1;0.3625;0.9799999999999998;0.125;1.75;0.125;0.625;-1.2375;11.0625;8
2025-03-04;2;63;1;observed;0.0;0.0;0;-2.5;11.6;1;1.6625;4.469999999999999;0.25;2.875;0.25;0.75;-0.8749999999999999;11.299999999999999;8
2025-03-05;3;64;1;observed;0.0;0.0;0;-2.5;14.0;1;1.5625000000000002;4.419999999999999;0.25;6.0;0.375;0.75;-1.125;8.5375;8
2025-03-06;4;65;1;observed;0.0;0.0;0;-1.0;14.4;1;0.7000000000000001;2.09;0.25;6.375;0.5;0.875;-1.6125;9.05;8
2025-03-07;5;66;1;observed;0.0;0.0;0;-1.0;14.9;1;2.0625;5.31;0.5;4.75;0.25;0.625;-0.15000000000000008;8.8125;8
2025-03-08;6;67;1;observed;0.0;0.0;0;-0.9;15.3;1;1.8875;5.49;0.5;3.5;0.25;0.75;-0.5375;8.9125;8
2025-03-09;7;68;1;observed;0.0;0.0;0;0.8;18.8;0;1.3499999999999999;3.6299999999999986;0.25;0.125;0.0;0.75;-1.05;12.0125;8
2025-03-10;1;69;1;observed;0.5;0.0;0;3.2;13.1;0;1.9375;4.1;0.5;1.75;0.125;0.375;1.4125;11.3875;8
2025-03-11;2;70;1;observed;0.0;0.0;2;0.9;12.9;0;2.35;5.609999999999998;0.375;2.125;0.125;0.625;0.5125;11.3875;8
2025-03-12;3;71;1;observed;0.8;0.0;3;1.2;11.4;0;1.8125;4.8999999999999995;0.5;3.125;0.25;0.5;0.9624999999999999;11.5375;8
2025-03-13;4;72;1;observed;15.5;0.0;18;2.0;7.4;0;3.4875;8.359999999999998;0.5;2.875;0.125;0.5;1.6375;12.7125;8
2025-03-14;5;73;1;observed;5.4;0.0;16;1.7;5.8;0;7.3;12.099999999999998;0.875;6.375;0.5;0.5;2.1125;9.2125;8
2025-03-15;6;74;1;observed;4.5;0.0;24;1.9;5.0;0;5.875;12.559999999999999;0.75;6.0;0.375;0.5;1.5;9.625;8
2025-03-16;7;75;1;observed;1.4;0.0;24;1.6;3.9;0;4.325;9.369999999999997;0.75;6.5;0.375;0.375;1.2000000000000002;10.7375;8
2025-03-17;1;76;1;observed;1.9;0.49;15;-0.1;5.9;1;2.3375;6.050000000000001;0.5;5.0;0.375;0.625;0.8375;12.0375;8
2025-03-18;2;77;1;observed;0.0;0.0;0;-4.6;6.4;1;1.525;3.44;0.5;3.0;0.25;0.5;0.36250000000000016;9.475;8
2025-03-19;3;78;1;observed;0.0;0.0;0;-4.3;11.6;1;2.8125;7.35;0.625;6.25;0.375;0.625;-0.04999999999999999;9.0;8
2025-03-20;4;79;1;observed;0.0;0.0;0;-1.9;16.5;1;2.3625;6.539999999999999;0.375;4.625;0.375;0.625;-0.3499999999999999;10.0875;8
2025-03-21;5;80;1;observed;0.0;0.0;0;-0.3;17.4;1;0.6499999999999999;2.09;0.25;2.75;0.25;0.625;-0.7374999999999999;11.8625;8
2025-03-22;6;81;1;observed;0.0;0.0;0;4.1;16.9;0;4.725;15.399999999999999;0.375;4.25;0.25;0.625;0.525;11.5375;8
2025-03-23;7;82;1;observed;7.9;0.0;0;4.4;13.8;0;1.725;4.609999999999999;0.375;4.75;0.375;0.5;1.225;12.6125;8
2025-03-24;1;83;1;observed;2.4;0.0;2;3.0;13.2;0;2.7375;7.649999999999999;0.375;1.25;0.0;0.5;0.48749999999999993;12.762500000000001;8
2025-03-25;2;84;1;observed;2.2;0.0;3;4.9;12.9;0;1.175;3.16;0.375;1.75;0.125;0.625;0.95;11.4875;8
2025-03-26;3;85;1;observed;5.4;0.0;10;3.5;12.3;0;1.2375;2.88;0.375;3.5;0.25;0.25;1.0625;10.925;8
2025-03-27;4;86;1;observed;3.3;0.0;19;3.2;9.1;0;2.0625;5.09;0.625;6.625;0.375;0.5;0.5875;10.3375;8
2025-03-28;5;87;1;observed;0.6;0.0;1;-0.6;11.4;1;2.0125;6.01;0.375;2.125;0.125;0.375;0.5375;13.9625;8
2025-03-29;6;88;1;observed;16.1;0.0;19;5.8;7.5;0;4.362500000000001;10.99;0.5;2.75;0.125;0.5;1.6375;13.8625;8
2025-03-30;7;89;1;observed;3.3000000000000003;0.0;7;5.8;13.1;0;1.675;4.6499999999999995;0.5;2.125;0.25;0.125;3.5;15.2375;8
2025-03-31;1;90;1;observed;10.5;1.6099999999999999;7;3.2;8.0;1;3.9625;9.1;0.625;6.375;0.5;0.375;3.0375;12.7625;8
2025-04-01;2;91;1;observed;3.8;0.21000000000000002;16;1.7;8.1;1;2.4875;5.97;0.5;4.75;0.25;0.25;2.5625;12.5625;8
2025-04-02;3;92;1;observed;0.0;0.0;1;0.4;13.6;0;3.5124999999999997;11.819999999999999;0.375;5.0;0.375;0.5;1.225;12.299999999999999;8
2025-04-03;4;93;1;observed;0.0;0.0;0;0.6;16.2;0;0.8625;2.55;0.25;6.375;0.375;0.375;1.8125;11.9375;8
2025-04-04;5;94;1;observed;0.0;0.0;0;1.2;17.0;0;0.4625;1.5499999999999998;0.25;1.125;0.125;0.375;0.8750000000000001;12.975;8
2025-04-05;6;95;1;observed;0.0;0.0;0;2.0;18.4;0;3.3249999999999997;7.369999999999998;0.625;4.875;0.25;0.375;2.1;13.1625;8
2025-04-06;7;96;1;observed;0.0;0.0;0;0.1;6.8;0;1.6500000000000001;5.050000000000001;0.375;1.25;0.125;0.375;1.2875;12.7375;8
2025-04-07;1;97;1;observed;0.0;0.0;0;-2.4;8.1;1;0.825;1.8799999999999997;0.25;1.125;0.0;0.375;1.9375;14.825;8
2025-04-08;2;98;1;observed;0.0;0.0;0;-1.9;11.1;1;4.6625;10.609999999999998;0.5;5.25;0.5;0.25;3.575;14.3125;8
2025-04-09;3;99;1;observed;0.0;0.0;4;-1.8;11.3;1;1.3375;4.47;0.25;3.0;0.25;0.375;3.3375;16.4375;8
2025-04-10;4;100;1;observed;0.0;0.0;0;-0.9;14.6;1;1.7;4.329999999999999;0.375;2.75;0.25;0.375;3.925;15.2125;8
2025-04-11;5;101;1;observed;0.0;0.0;0;0.8;17.7;0;2.1;5.85;0.375;2.625;0.125;0.125;4.55;14.9875;8
2025-04-12;6;102;1;observed;0.0;0.0;0;2.6;18.9;0;2.5375;9.29;0.25;3.75;0.25;0.25;3.3125;16.0375;8
2025-04-13;7;103;1;observed;0.5;0.0;0;6.1;17.5;0;3.5;10.219999999999999;0.375;2.0;0.125;0.125;3.8125;14.8875;8
2025-04-14;1;104;1;observed;0.0;0.0;0;6.6;19.4;0;1.8875;5.159999999999998;0.25;3.625;0.25;0.25;4.1125;15.399999999999999;8
2025-04-15;2;105;1;observed;0.39999999999999997;0.0;0;8.4;20.8;0;2.375;6.32;0.5;4.0;0.25;0.125;4.725;14.5;8
2025-04-16;3;106;1;observed;0.0;0.0;0;7.1;23.0;0;2.075;6.859999999999999;0.375;5.0;0.375;0.25;3.625;14.0625;8
2025-04-17;4;107;1;observed;0.30000000000000004;0.0;8;9.2;20.9;0;0.575;1.69;0.25;2.875;0.25;0.25;3.35;14.7375;8
2025-04-18;5;108;1;observed;3.6;0.0;20;7.2;11.4;0;2.6;7.259999999999998;0.375;8.0;0.5;0.25;3.6625;14.2;8
2025-04-19;6;109;1;observed;0.0;0.0;0;2.5;19.0;0;2.85;7.93;0.5;4.5;0.25;0.125;3.95;15.775;8
2025-04-20;7;110;1;observed;0.1;0.0;0;6.3;22.5;0;2.475;5.869999999999999;0.5;4.625;0.25;0.25;4.324999999999999;16.45;8
2025-04-21;1;111;1;observed;0.9;0.0;0;7.1;17.0;0;0.8875;2.6899999999999995;0.25;1.5;0.125;0.375;3.8375;16.7375;8
2025-04-22;2;112;1;observed;0.0;0.0;0;10.6;16.2;0;2.8125;10.74;0.25;1.25;0.125;0.125;5.025;17.325;8
2025-04-23;3;113;1;observed;3.5;0.0;1;8.6;18.5;0;2.3;5.469999999999999;0.5;3.75;0.25;0.125;5.8374999999999995;17.45;8
2025-04-24;4;114;1;observed;4.4;0.0;10;8.5;13.1;0;4.0;7.779999999999999;0.625;4.875;0.25;0.0;6.0;15.9125;8
2025-04-25;5;115;1;observed;8.1;0.0;8;8.0;13.2;0;2.5374999999999996;6.35;0.5;3.375;0.25;0.125;5.5;16.575;8
2025-04-26;6;116;1;observed;1.5;0.0;14;7.1;14.2;0;4.3625;9.03;0.75;5.875;0.375;0.25;5.125;13.7875;8
2025-04-27;7;117;1;observed;0.0;0.0;0;4.7;17.4;0;0.825;2.59;0.25;3.5;0.375;0.125;3.375;16.3125;8
2025-04-28;1;118;1;observed;0.0;0.0;0;6.8;20.0;0;2.9375;7.589999999999997;0.375;0.625;0.0;0.0;5.25;17.3375;8
2025-04-29;2;119;1;observed;0.0;0.0;0;6.5;21.1;0;2.475;7.0;0.5;2.75;0.25;0.0;7.2125;18.8375;8
2025-04-30;3;120;1;observed;0.0;0.0;0;7.1;22.4;0;5.5;11.959999999999997;0.5;6.625;0.5;0.0;7.5625;16.7875;8
2025-05-01;4;121;1;observed;0.0;0.0;0;5.9;24.0;0;2.9875;6.35;0.5;7.5;0.5;0.0;6.625;17.5375;8
2025-05-02;5;122;1;observed;0.0;0.0;0;7.6;26.4;0;5.25;15.079999999999998;0.5;3.125;0.25;0.0;6.35;17.925;8
2025-05-03;6;123;1;observed;0.1;0.0;0;9.9;21.2;0;2.8375;6.02;0.75;2.875;0.125;0.0;7.3875;16.925;8
2025-05-04;7;124;1;observed;15.799999999999999;0.0;10;9.6;16.5;0;6.0249999999999995;11.319999999999999;0.75;5.875;0.5;0.0;6.1;15.925;8
2025-05-05;1;125;1;observed;17.5;0.0;24;6.5;9.3;0;6.0125;12.809999999999999;0.875;6.0;0.25;0.125;6.2375;15.15;8
2025-05-06;2;126;1;observed;1.4000000000000001;0.0;23;5.4;9.6;0;3.4875000000000003;7.46;0.625;6.875;0.375;0.0;6.425;14.6875;8
2025-05-07;3;127;1;observed;3.0;0.0;8;4.9;12.7;0;3.5875;9.139999999999999;0.5;3.875;0.25;0.0;6.125;15.775;8
2025-05-08;4;128;1;observed;3.1;0.0;8;6.3;10.1;0;1.3125;3.23;0.375;3.625;0.5;0.125;5.925;16.6125;8
2025-05-09;5;129;1;observed;0.0;0.0;3;3.7;11.2;0;4.612500000000001;14.349999999999998;0.25;3.375;0.125;0.0;6.9125000000000005;18.55;8
2025-05-10;6;130;1;observed;0.0;0.0;0;2.2;16.6;0;4.4;10.159999999999995;0.5;3.875;0.25;0.0;8.7875;19.7875;8
2025-05-11;7;131;1;observed;0.0;0.0;0;2.7;18.7;0;4.4875;15.03;0.375;4.625;0.25;0.0;8.637500000000001;19.4125;8
2025-05-12;1;132;1;observed;0.0;0.0;0;5.8;17.8;0;8.65;29.639999999999997;0.375;6.5;0.25;0.125;7.125;17.725;8
2025-05-13;2;133;1;observed;0.0;0.0;0;4.7;17.1;0;4.1875;9.84;0.625;6.125;0.375;0.125;7.55;16.1125;8
2025-05-14;3;134;1;observed;0.0;0.0;0;3.5;19.5;0;3.8875;10.549999999999999;0.625;4.625;0.25;0.0;7.1375;16.9125;8
2025-05-15;4;135;1;observed;1.0;0.0;0;8.4;16.9;0;5.675000000000001;11.7;0.625;8.375;0.5;0.0;7.875;16.0125;8
2025-05-16;5;136;1;observed;0.7000000000000001;0.0;0;3.5;13.4;0;8.7125;17.97;0.75;7.125;0.5;0.0;7.075;14.9875;8
2025-05-17;6;137;1;observed;11.0;0.91;2;4.2;14.7;1;4.4;11.0;0.625;3.75;0.125;0.125;7.3375;16.7625;8
2025-05-18;7;138;1;observed;1.9000000000000001;0.0;2;7.1;16.5;0;3.725;10.269999999999998;0.5;2.625;0.25;0.0;7.95;17.425;8
2025-05-19;1;139;1;observed;0.0;0.0;0;7.6;19.9;0;1.7000000000000002;5.83;0.375;2.0;0.25;0.0;7.1625;19.7;8
2025-05-20;2;140;1;observed;0.0;0.0;0;6.3;21.0;0;5.15;12.379999999999995;0.625;1.25;0.125;0.0;8.925;20.375;8
2025-05-21;3;141;1;observed;1.2999999999999998;0.0;0;9.6;20.1;0;6.1;17.219999999999995;0.5;2.0;0.125;0.0;9.95;20.0375;8
2025-05-22;4;142;1;observed;13.5;0.0;2;9.2;12.7;0;5.2;12.31;0.625;3.25;0.125;0.0;10.0375;18.6;8
2025-05-23;5;143;1;observed;1.8;0.0;1;5.2;12.9;0;4.9875;11.419999999999998;0.625;1.625;0.125;0.0;9.4875;19.6625;8
2025-05-24;6;144;1;observed;1.1;0.0;1;4.7;14.5;0;8.8;14.629999999999999;0.875;3.75;0.25;0.0;8.6875;18.1875;8
2025-05-25;7;145;1;observed;6.5;0.0;11;7.6;14.7;0;3.2;6.77;0.75;4.0;0.375;0.0;8.55;17.9375;8
2025-05-26;1;146;1;observed;18.7;0.0;3;9.3;17.5;0;4.425;11.559999999999999;0.5;1.125;0.0;0.0;9.4625;19.5125;8
2025-05-27;2;147;1;observed;1.4000000000000001;0.0;0;7.2;16.2;0;2.65;7.13;0.625;1.625;0.125;0.0;9.3375;19.2375;8
2025-05-28;3;148;1;observed;12.5;0.0;0;9.2;20.2;0;6.9625;16.099999999999998;0.625;3.375;0.375;0.0;9.125;19.4375;8
2025-05-29;4;149;1;observed;10.9;0.0;4;10.9;16.3;0;6.45;13.399999999999999;0.75;3.5;0.25;0.0;9.275;17.075;8
2025-05-30;5;150;1;observed;0.2;0.0;0;10.2;24.2;0;0.41250000000000003;0.86;0.0;1.125;0.125;0.0;7.9625;19.4;8
2025-05-31;6;151;1;observed;0.0;0.0;0;10.8;27.7;0;2.5625;8.439999999999998;0.25;1.0;0.0;0.0;8.875;21.0375;8
2025-06-01;7;152;1;observed;0.0;0.0;0;13.9;26.0;0;3.35;8.849999999999998;0.375;2.25;0.125;0.0;9.8;20.875;8
2025-06-02;1;153;1;observed;4.7;0.0;0;14.9;21.8;0;5.1375;12.649999999999995;0.375;2.25;0.125;0.0;10.35;21.5125;8
2025-06-03;2;154;1;observed;9.3;0.0;1;14.3;23.3;0;3.6625;9.870000000000001;0.375;1.625;0.125;0.0;11.325000000000001;23.575;8
2025-06-04;3;155;1;observed;0.5;0.0;0;12.3;28.1;0;4.775;11.539999999999996;0.125;2.25;0.125;0.0;11.8875;24.75;8
2025-06-05;4;156;1;observed;1.9000000000000001;0.0;3;14.4;20.0;0;5.775;14.309999999999999;0.625;2.0;0.0;0.0;13.2375;22.65;8
2025-06-06;5;157;1;observed;0.7;0.0;0;12.8;25.0;0;4.475;12.179999999999996;0.375;2.875;0.25;0.0;11.95;22.2375;8
2025-06-07;6;158;1;observed;19.2;0.0;0;14.1;20.1;0;7.25;20.49;0.625;1.875;0.25;0.0;12.1;21.6;8
2025-06-08;7;159;1;observed;9.4;0.0;0;12.4;19.3;0;4.55;11.68;0.625;2.5;0.125;0.0;12.425;21.0625;8
2025-06-09;1;160;1;observed;0.0;0.0;4;10.9;20.1;0;4.425;11.109999999999998;0.625;1.375;0.0;0.0;11.525;21.4125;8
2025-06-10;2;161;1;observed;0.0;0.0;0;8.2;24.2;0;4.7875;12.12;0.5;2.75;0.125;0.0;12.2625;21.975;8
2025-06-11;3;162;1;observed;0.0;0.0;3;14.4;22.1;0;3.5625;8.149999999999999;0.5;3.875;0.25;0.0;12.9375;22.675;8
2025-06-12;4;163;1;observed;0.0;0.0;0;11.2;24.4;0;2.9125;7.019999999999998;0.375;3.75;0.25;0.0;12.325;22.0625;8
2025-06-13;5;164;1;observed;0.0;0.0;5;11.6;26.9;0;9.6;26.029999999999994;0.5;5.0;0.125;0.0;11.7875;21.7875;8
2025-06-14;6;165;1;observed;0.0;0.0;1;12.3;30.5;0;1.1125;3.57;0.25;2.0;0.125;0.0;10.725;23.5;8
2025-06-15;7;166;1;observed;5.1;0.0;0;15.6;31.2;0;1.925;5.13;0.375;2.125;0.125;0.0;11.924999999999999;23.625;8
2025-06-16;1;167;1;observed;3.4;0.0;3;14.8;19.9;0;10.275;21.279999999999998;0.75;3.875;0.125;0.0;12.1625;21.2375;8
2025-06-17;2;168;1;observed;0.0;0.0;0;13.2;23.1;0;1.625;4.659999999999999;0.375;1.875;0.125;0.0;13.075;23.625;8
2025-06-18;3;169;1;observed;0.0;0.0;0;11.4;27.0;0;1.5125000000000002;4.63;0.375;0.25;0.0;0.0;12.575;26.2125;8
2025-06-19;4;170;1;observed;0.0;0.0;0;13.6;28.1;0;0.0125;0.029999999999999985;0.0;0.5;0.0;0.0;14.55;27.2625;8
2025-06-20;5;171;1;observed;0.0;0.0;0;15.4;26.0;0;2.625;7.93;0.375;0.625;0.0;0.0;15.55;26.3375;8
2025-06-21;6;172;1;observed;0.0;0.0;0;13.0;27.0;0;2.7125;6.369999999999999;0.5;1.75;0.125;0.0;15.1125;25.2875;8
2025-06-22;7;173;1;observed;0.0;0.0;0;10.5;31.6;0;5.699999999999999;11.139999999999999;0.875;2.0;0.125;0.0;14.1875;25.2875;8
2025-06-23;1;174;1;observed;1.6;0.0;0;15.1;30.1;0;2.825;5.369999999999999;0.75;3.125;0.25;0.0;14.075;23.475;8
2025-06-24;2;175;1;observed;0.30000000000000004;0.0;0;15.8;29.4;0;4.325;13.65;0.625;5.5;0.375;0.0;14.15;23.525;8
2025-06-25;3;176;1;observed;0.0;0.0;0;14.5;32.7;0;2.1;6.43;0.375;1.375;0.125;0.0;13.2125;25.125;8
2025-06-26;4;177;1;observed;9.3;0.0;0;16.6;32.2;0;1.6625;4.819999999999999;0.25;0.0;0.0;0.0;13.5375;26.6625;8
2025-06-27;5;178;1;observed;4.9;0.0;0;17.0;26.5;0;2.7375;6.68;0.5;1.0;0.125;0.0;14.7625;25.8375;8
2025-06-28;6;179;1;observed;3.2;0.0;0;17.0;28.5;0;5.9375;13.95;0.625;2.75;0.25;0.0;14.575;24.3875;8
2025-06-29;7;180;1;observed;0.0;0.0;0;16.2;30.2;0;4.6625;12.129999999999999;0.625;2.25;0.25;0.0;14.4625;26.25;8
2025-06-30;1;181;1;observed;0.0;0.0;0;17.9;31.1;0;6.9;17.479999999999997;0.375;0.75;0.0;0.0;14.8;26.125;8
2025-07-01;2;182;1;observed;0.0;0.0;0;17.2;31.1;0;4.5375;8.629999999999999;0.625;3.0;0.25;0.0;14.575;24.1;8
2025-07-02;3;183;1;observed;0.0;0.0;0;16.2;32.5;0;3.4625;9.959999999999997;0.375;1.75;0.125;0.0;13.8;23.9;8
2025-07-03;4;184;1;observed;7.8999999999999995;0.0;0;19.2;29.0;0;2.0999999999999996;5.9399999999999995;0.375;0.875;0.0;0.0;14.0375;24.4875;8
2025-07-04;5;185;1;observed;3.7;0.0;11;17.0;24.3;0;5.925;12.629999999999999;0.625;2.75;0.25;0.0;14.625;22.9;8
2025-07-05;6;186;1;observed;0.0;0.0;0;13.2;28.1;0;3.3125;8.779999999999998;0.5;0.25;0.0;0.0;13.425;24.5875;8
2025-07-06;7;187;1;observed;2.9000000000000004;0.0;0;14.6;27.6;0;5.5125;13.129999999999995;0.5;2.75;0.25;0.0;13.9125;25.325;8
2025-07-07;1;188;1;observed;18.9;0.0;1;14.4;21.3;0;6.7;15.189999999999998;0.875;1.375;0.0;0.0;14.475;23.0;8
2025-07-08;2;189;1;observed;22.2;0.0;5;10.9;14.1;0;7.775;21.080000000000002;0.625;5.0;0.5;0.0;13.1;20.3625;8
2025-07-09;3;190;1;observed;5.0;0.0;3;10.1;17.4;0;1.3125;5.03;0.25;2.375;0.25;0.0;11.75;22.425;8
2025-07-10;4;191;1;observed;0.4;0.0;0;10.7;20.4;0;0.925;2.7800000000000002;0.25;2.125;0.125;0.0;12.85;23.775;8
2025-07-11;5;192;1;observed;2.3;0.0;0;12.6;20.6;0;5.8125;13.6;0.75;2.25;0.125;0.0;13.9125;24.125;8
2025-07-12;6;193;1;observed;1.2;0.0;0;12.6;22.6;0;5.95;16.039999999999996;0.5;1.625;0.125;0.0;13.4375;23.7375;8
2025-07-13;7;194;1;observed;0.0;0.0;0;10.9;26.1;0;3.7;11.35;0.5;0.625;0.0;0.0;13.3;23.2375;8
2025-07-14;1;195;1;observed;4.1;0.0;0;15.0;24.0;0;5.262499999999999;12.589999999999996;0.5;1.25;0.125;0.0;13.2625;23.4375;8
2025-07-15;2;196;1;observed;17.1;0.0;1;14.5;24.9;0;3.1500000000000004;7.859999999999998;0.375;1.375;0.125;0.0;13.6;23.9375;8
2025-07-16;3;197;1;observed;12.5;0.0;3;14.9;22.2;0;3.2375;8.229999999999999;0.625;0.875;0.0;0.0;14.475;24.2625;8
2025-07-17;4;198;1;observed;13.299999999999999;0.0;2;12.4;20.0;0;7.8625;16.95;0.625;2.5;0.25;0.0;14.4875;23.075;8
2025-07-18;5;199;1;observed;0.0;0.0;0;12.5;24.5;0;5.775;17.18;0.375;4.0;0.375;0.0;14.6125;24.1125;8
2025-07-19;6;200;1;observed;6.6;0.0;0;12.2;27.8;0;1.625;5.27;0.375;1.0;0.0;0.0;13.7625;26.1375;8
2025-07-20;7;201;1;observed;0.0;0.0;0;16.2;29.0;0;1.7;6.1499999999999995;0.25;0.625;0.0;0.0;15.1;27.5125;8
2025-07-21;1;202;1;observed;13.4;0.0;5;14.8;20.0;0;7.225;16.58;0.75;1.5;0.0;0.0;15.5625;23.9125;8
2025-07-22;2;203;1;observed;2.5;0.0;0;13.1;23.4;0;5.4125;15.259999999999996;0.5;1.5;0.125;0.0;14.175;25.2125;8
2025-07-23;3;204;1;observed;0.0;0.0;2;14.1;24.7;0;3.8625;8.029999999999998;0.625;1.25;0.0;0.0;15.05;25.9875;8
2025-07-24;4;205;1;observed;10.9;0.0;7;15.4;19.8;0;2.6;5.369999999999999;0.625;1.0;0.125;0.0;15.5;25.9125;8
2025-07-25;5;206;1;observed;5.0;0.0;7;13.4;21.0;0;3.95;7.969999999999999;0.625;2.0;0.25;0.0;15.3875;25.2875;8
2025-07-26;6;207;1;observed;9.2;0.0;10;14.4;18.5;0;4.3;10.399999999999999;0.5;2.25;0.125;0.0;14.6875;23.775;8
2025-07-27;7;208;1;observed;15.3;0.0;9;14.9;21.2;0;3.5250000000000004;12.43;0.375;1.125;0.125;0.0;14.3;24.55;8
2025-07-28;1;209;1;observed;18.2;0.0;1;13.1;17.1;0;5.525;19.07;0.375;1.625;0.125;0.0;14.4625;24.3375;8
2025-07-29;2;210;1;observed;8.4;0.0;4;11.4;17.8;0;8.975;20.039999999999992;0.75;4.125;0.25;0.0;15.2;24.2125;8
2025-07-30;3;211;1;observed;8.3;0.0;0;9.6;20.1;0;4.175000000000001;9.83;0.625;0.125;0.0;0.0;14.924999999999999;24.65;8
2025-07-31;4;212;1;observed;2.2;0.0;0;10.7;20.8;0;1.725;5.3;0.375;1.375;0.125;0.0;14.1875;24.7375;8
2025-08-01;5;213;1;observed;5.7;0.0;0;11.3;21.5;0;3.8125;11.56;0.375;1.0;0.125;0.0;15.125;25.2375;8
2025-08-02;6;214;1;observed;12.2;0.0;2;11.4;16.6;0;3.325;7.929999999999998;0.75;0.5;0.0;0.0;14.7375;24.837500000000002;8
2025-08-03;7;215;1;observed;5.2;0.0;3;12.3;17.4;0;5.6;12.59;0.75;0.75;0.0;0.0;14.975000000000001;23.75;8
2025-08-04;1;216;1;observed;1.8;0.0;6;12.7;18.3;0;10.05;26.009999999999994;0.625;2.125;0.25;0.0;14.5625;23.025;8
2025-08-05;2;217;1;observed;2.2;0.0;2;11.4;26.0;0;14.6625;34.02999999999999;0.75;4.0;0.25;0.0;13.8875;23.4125;8
2025-08-06;3;218;1;observed;1.2000000000000002;0.0;0;12.8;20.9;0;2.25;5.2299999999999995;0.75;2.625;0.125;0.0;13.975;22.675;8
2025-08-07;4;219;1;observed;0.0;0.0;0;9.6;26.0;0;3.8875;13.37;0.375;1.75;0.125;0.0;12.9875;24.7375;8
2025-08-08;5;220;1;observed;0.0;0.0;0;13.5;29.6;0;2.3625000000000003;6.299999999999997;0.25;0.0;0.0;0.0;14.0;25.425;8
2025-08-09;6;221;1;observed;0.0;0.0;0;14.4;31.3;0;2.5625;8.209999999999997;0.25;0.625;0.0;0.0;13.5875;26.400000000000002;8
2025-08-10;7;222;1;observed;0.0;0.0;0;16.6;27.9;0;6.65;18.529999999999994;0.375;1.125;0.0;0.0;14.3875;25.2375;8
2025-08-11;1;223;1;observed;0.0;0.0;0;15.1;25.4;0;0.17500000000000002;0.45999999999999974;0.125;0.0;0.0;0.0;14.175;26.0875;8
2025-08-12;2;224;1;observed;0.0;0.0;6;13.6;28.4;0;3.8375;9.329999999999995;0.125;1.625;0.125;0.0;14.0375;26.9375;8
2025-08-13;3;225;1;observed;0.0;0.0;0;16.0;32.8;0;2.725;6.869999999999997;0.375;0.0;0.0;0.0;15.325;27.55;8
2025-08-14;4;226;1;observed;0.0;0.0;0;15.4;30.7;0;2.7750000000000004;6.25;0.625;0.25;0.0;0.0;15.725;26.95;8
2025-08-15;5;227;1;observed;0.0;0.0;0;17.8;30.9;0;3.2375;5.7299999999999995;0.875;0.0;0.0;0.0;15.575;26.775;8
2025-08-16;6;228;1;observed;1.8;0.0;0;16.5;27.5;0;5.0625;12.229999999999997;0.5;0.25;0.0;0.0;14.775;25.8125;8
2025-08-17;7;229;1;observed;8.1;0.0;11;16.0;21.9;0;3.9000000000000004;8.91;0.5;2.5;0.25;0.0;14.3625;25.6625;8
2025-08-18;1;230;1;observed;0.0;0.0;1;12.8;24.1;0;2.3875;6.499999999999999;0.5;1.25;0.125;0.0;15.4875;25.0125;8
2025-08-19;2;231;1;observed;0.0;0.0;0;11.8;25.5;0;5.625;18.080000000000002;0.5;1.375;0.125;0.0;14.975;24.4625;8
2025-08-20;3;232;1;observed;1.8;0.0;0;12.7;23.8;0;13.5375;33.44;0.625;5.5;0.375;0.0;14.987499999999999;23.275;8
2025-08-21;4;233;1;observed;22.7;0.0;9;15.6;19.0;0;5.3125;16.959999999999997;0.375;3.375;0.25;0.0;14.5;24.2;8
2025-08-22;5;234;1;observed;8.1;0.0;9;14.7;20.3;0;3.8625;11.189999999999998;0.375;2.5;0.25;0.0;14.9875;24.875;8
2025-08-23;6;235;1;observed;0.6;0.0;13;12.1;16.6;0;2.8249999999999997;7.8999999999999995;0.5;3.875;0.25;0.0;14.737499999999999;23.0375;8
2025-08-24;7;236;1;observed;0.0;0.0;0;8.6;19.9;0;2.575;8.579999999999998;0.25;2.75;0.125;0.0;13.35;23.8375;8
2025-08-25;1;237;1;observed;0.0;0.0;0;8.1;22.4;0;2.8375;8.129999999999997;0.25;1.375;0.125;0.0;13.225;23.4125;8
2025-08-26;2;238;1;observed;0.0;0.0;0;9.3;26.0;0;9.9375;29.53;0.625;1.5;0.0;0.0;12.4;22.5875;8
2025-08-27;3;239;1;observed;0.2;0.0;0;13.1;26.6;0;5.375;13.359999999999998;0.5;2.75;0.125;0.0;13.0625;22.125;8
2025-08-28;4;240;1;observed;1.7000000000000002;0.0;1;14.8;24.6;0;8.9125;26.919999999999998;0.5;5.75;0.375;0.0;13.2;21.45;8
2025-08-29;5;241;1;observed;19.1;0.0;7;14.6;20.4;0;8.8625;19.1;0.625;4.0;0.25;0.0;13.0875;21.9875;8
2025-08-30;6;242;1;observed;1.0;0.0;1;11.7;19.2;0;11.3875;34.739999999999995;0.5;3.0;0.25;0.0;12.825;20.5375;8
2025-08-31;7;243;1;observed;0.0;0.0;0;8.9;22.2;0;6.4125000000000005;15.649999999999999;0.625;3.75;0.25;0.0;12.6125;20.3875;8
2025-09-01;1;244;1;observed;0.4;0.0;4;10.6;24.0;0;3.4875;10.809999999999997;0.25;3.625;0.125;0.0;12.25;21.3125;8
2025-09-02;2;245;1;observed;5.3;0.0;0;11.9;18.0;0;5.1125;13.709999999999999;0.625;2.0;0.125;0.0;11.2625;20.2125;8
2025-09-03;3;246;1;observed;0.0;0.0;1;9.3;23.5;0;2.4;6.8199999999999985;0.375;0.375;0.0;0.0;11.0;21.3125;8
2025-09-04;4;247;1;observed;2.1;0.0;0;11.4;25.1;0;2.425;6.239999999999998;0.375;1.25;0.125;0.0;11.175;22.6375;8
2025-09-05;5;248;1;observed;18.099999999999998;0.0;1;8.9;16.5;0;4.7;18.49;0.25;0.875;0.125;0.0;11.3125;22.2625;8
2025-09-06;6;249;1;observed;0.0;0.0;0;6.8;19.1;0;0.7000000000000001;2.36;0.25;2.875;0.25;0.0;11.15;23.425;8
2025-09-07;7;250;1;observed;0.0;0.0;2;8.2;20.9;0;4.675;10.829999999999998;0.5;4.375;0.375;0.0;12.3625;20.975;8
2025-09-08;1;251;1;observed;0.8;0.0;0;8.4;24.2;0;3.8625;13.18;0.375;2.0;0.125;0.0;10.8875;21.275;8
2025-09-09;2;252;1;observed;1.7;0.0;1;11.3;20.5;0;3.3499999999999996;8.919999999999998;0.5;2.375;0.125;0.0;11.1875;21.6375;8
2025-09-10;3;253;1;observed;6.8;0.0;8;9.9;15.4;0;5.6125;14.399999999999999;0.5;2.125;0.125;0.0;11.125;20.95;8
2025-09-11;4;254;1;observed;2.7;0.0;2;10.1;20.3;0;5.275;13.649999999999999;0.5;1.375;0.0;0.0;11.9625;21.425;8
2025-09-12;5;255;1;observed;0.8;0.0;4;11.8;19.0;0;0.9125;2.4799999999999995;0.125;0.75;0.0;0.0;11.85;22.3375;8
2025-09-13;6;256;1;observed;0.5;0.0;3;8.8;19.2;0;4.1875;14.939999999999998;0.25;1.25;0.125;0.0;11.45;21.3;8
2025-09-14;7;257;1;observed;10.8;0.0;2;10.3;18.4;0;8.8125;21.749999999999996;0.625;3.375;0.25;0.0;11.925;20.9;8
2025-09-15;1;258;1;observed;0.30000000000000004;0.0;0;11.2;25.1;0;6.799999999999999;17.71999999999999;0.375;4.5;0.25;0.0;11.6375;21.05;8
2025-09-16;2;259;1;observed;2.6;0.0;3;12.1;18.2;0;4.8375;12.339999999999998;0.5;5.0;0.375;0.0;12.125;20.6;8
2025-09-17;3;260;1;observed;0.0;0.0;0;9.8;18.0;0;5.9875;15.279999999999996;0.5;5.625;0.25;0.0;11.2375;18.8;8
2025-09-18;4;261;1;observed;0.0;0.0;0;9.9;24.5;0;3.225;7.73;0.5;3.75;0.375;0.0;10.6;19.925;8
2025-09-19;5;262;1;observed;0.0;0.0;0;9.4;25.5;0;2.1875;8.129999999999999;0.25;2.625;0.25;0.0;8.637500000000001;19.2;8
2025-09-20;6;263;1;observed;0.0;0.0;0;10.2;27.6;0;1.8125;7.23;0.25;3.375;0.125;0.0;8.4875;19.775;8
2025-09-21;7;264;1;observed;0.0;0.0;1;11.6;26.6;0;0.75;2.8200000000000003;0.25;3.0;0.125;0.0;8.5625;20.9375;8
2025-09-22;1;265;1;observed;1.5;0.0;15;12.9;19.0;0;2.9375;7.3799999999999955;0.375;3.125;0.25;0.0;9.05;18.3625;8
2025-09-23;2;266;1;observed;1.2;0.0;24;10.6;15.1;0;3.3249999999999997;10.069999999999999;0.625;4.5;0.25;0.0;9.1125;19.05;8
2025-09-24;3;267;1;observed;9.9;0.0;23;9.6;12.6;0;3.6625;9.9;0.5;3.875;0.125;0.0;9.4;17.075;8
2025-09-25;4;268;1;observed;4.7;0.0;1;8.0;14.1;0;2.8;6.779999999999999;0.625;1.5;0.125;0.0;8.725;17.4625;8
2025-09-26;5;269;1;observed;0.4;0.0;10;9.5;16.2;0;4.95;12.239999999999995;0.375;2.75;0.125;0.0;8.1;17.9;8
2025-09-27;6;270;1;observed;5.8;0.0;11;9.1;16.2;0;6.15;13.419999999999998;0.75;4.375;0.375;0.0;9.2625;17.675;8
2025-09-28;7;271;1;observed;1.1;0.0;9;10.1;16.9;0;6.125;17.519999999999996;0.5;4.0;0.375;0.0;9.15;17.6625;8
2025-09-29;1;272;1;observed;1.4000000000000001;0.0;6;8.2;15.9;0;4.0625;7.92;0.625;4.5;0.375;0.0;7.824999999999999;15.6875;8
2025-09-30;2;273;1;observed;14.6;0.0;14;9.0;13.9;0;2.675;6.549999999999998;0.375;7.25;0.5;0.0;8.15;15.4875;8
2025-10-01;3;274;1;observed;0.0;0.0;1;5.4;12.1;0;4.2875000000000005;12.779999999999998;0.375;2.625;0.25;0.0;6.575;16.45;8
2025-10-02;4;275;1;observed;0.2;0.0;1;1.2;11.2;0;9.9375;28.789999999999996;0.5;2.75;0.125;0.0;7.325;17.15;8
2025-10-03;5;276;1;observed;0.0;0.0;1;0.4;12.1;0;2.3125;6.39;0.5;4.625;0.375;0.0;7.5249999999999995;17.3875;8
2025-10-04;6;277;1;observed;4.2;0.0;1;2.0;21.1;0;2.8625000000000003;5.86;0.625;2.375;0.125;0.0;5.7125;16.9625;8
2025-10-05;7;278;1;observed;12.1;0.0;2;7.2;11.6;0;6.225;15.519999999999998;0.5;5.875;0.375;0.0;6.6375;15.225;8
2025-10-06;1;279;1;observed;14.3;0.0;14;6.9;10.1;0;3.875;8.84;0.625;6.0;0.375;0.0;7.125;14.6625;8
2025-10-07;2;280;1;observed;6.3;0.0;21;7.9;12.9;0;3.7125000000000004;9.569999999999997;0.625;7.5;0.5;0.0;7.1375;14.775;8
2025-10-08;3;281;1;observed;0.0;0.0;1;5.9;16.0;0;2.0375;7.659999999999999;0.25;3.0;0.125;0.0;8.05;17.2;8
2025-10-09;4;282;1;observed;2.6;0.0;20;9.1;14.1;0;3.4;9.169999999999998;0.5;5.125;0.25;0.0;7.9375;17.375;8
2025-10-10;5;283;1;observed;0.30000000000000004;0.0;20;7.3;14.8;0;1.05;3.3199999999999994;0.25;3.125;0.125;0.0;7.4875;18.2125;8
2025-10-11;6;284;1;observed;0.0;0.0;13;8.0;14.6;0;2.2;6.85;0.375;2.25;0.125;0.125;7.55;18.325;8
2025-10-12;7;285;1;observed;0.0;0.0;7;6.2;14.5;0;1.35;4.15;0.375;3.625;0.375;0.0;7.625;16.6;8
2025-10-13;1;286;1;observed;0.0;0.0;20;7.0;13.2;0;1.7750000000000001;5.149999999999999;0.25;4.875;0.375;0.0;6.6625;17.0125;8
2025-10-14;2;287;1;observed;0.0;0.0;8;3.7;13.2;0;2.7750000000000004;7.5600000000000005;0.5;4.625;0.375;0.0;7.5375000000000005;16.8375;8
2025-10-15;3;288;1;observed;0.1;0.0;2;2.6;13.9;0;1.8375000000000001;5.599999999999999;0.25;1.875;0.0;0.0;6.425;16.775;8
2025-10-16;4;289;1;observed;0.0;0.0;16;5.1;12.9;0;2.2125;5.81;0.375;7.375;0.5;0.125;6.5;15.4625;8
2025-10-17;5;290;1;observed;0.0;0.0;18;4.8;12.1;0;1.525;3.6599999999999975;0.125;7.375;0.5;0.0;5.6125;15.275;8
2025-10-18;6;291;1;observed;0.1;0.0;1;3.7;12.6;0;1.1;4.09;0.25;1.75;0.125;0.0;5.7625;16.1625;8
2025-10-19;7;292;1;observed;0.0;0.0;5;1.5;11.1;0;0.7125;1.8499999999999999;0.375;2.75;0.25;0.0;5.725;14.8625;8
2025-10-20;1;293;1;observed;0.8999999999999999;0.0;0;4.9;17.8;0;0.9999999999999999;2.609999999999999;0.25;4.25;0.25;0.0;7.075;18.525;8
2025-10-21;2;294;1;observed;1.3;0.0;0;5.7;16.5;0;0.9500000000000001;2.34;0.375;2.375;0.25;0.0;7.15;16.8875;8
2025-10-22;3;295;1;observed;1.4;0.0;0;7.2;14.9;0;1.8625;5.1099999999999985;0.375;3.375;0.375;0.0;6.375;15.5375;8
2025-10-23;4;296;1;observed;9.8;0.0;0;8.1;18.4;0;1.75;5.249999999999999;0.25;1.0;0.0;0.0;6.5125;17.5;8
2025-10-24;5;297;1;observed;0.39999999999999997;0.0;0;2.0;9.6;0;6.2124999999999995;15.339999999999996;0.625;6.875;0.375;0.125;7.1;14.5875;8
2025-10-25;6;298;1;observed;7.0;0.0;0;3.4;10.2;0;1.825;5.81;0.375;6.75;0.375;0.0;6.925;14.575;8
2025-10-26;7;299;1;observed;6.7;0.84;0;3.5;8.8;1;1.75;6.88;0.25;1.625;0.125;0.125;5.675;15.6375;8
2025-10-27;1;300;1;observed;17.1;0.14;1;4.6;7.1;1;7.9375;18.81;0.5;4.25;0.375;0.25;5.275;14.200000000000001;8
2025-10-28;2;301;1;observed;1.4000000000000001;0.0;1;5.8;15.1;0;5.45;14.23;0.5;6.625;0.375;0.0;5.25;14.0;8
2025-10-29;3;302;1;observed;0.0;0.0;0;3.3;15.2;0;2.3000000000000003;8.89;0.25;4.75;0.375;0.0;4.8;15.2875;8
2025-10-30;4;303;1;observed;0.2;0.0;0;4.4;14.3;0;3.5;8.979999999999997;0.625;3.0;0.125;0.0;5.5;15.2375;8
2025-10-31;5;304;1;observed;0.0;0.0;2;3.8;11.9;0;2.7125000000000004;7.199999999999999;0.375;4.25;0.375;0.0;5.65;14.325;8
2025-11-01;6;305;1;observed;0.0;0.0;0;5.2;17.1;0;2.0;4.869999999999997;0.125;3.875;0.375;0.0;5.1875;15.0375;8
2025-11-02;7;306;1;observed;15.1;0.0;5;7.8;12.4;0;4.8375;12.79;0.625;2.5;0.25;0.0;5.375;14.05;8
2025-11-03;1;307;1;observed;2.6;0.0;1;1.4;11.1;0;2.2625;5.389999999999999;0.5;4.25;0.25;0.0;4.5125;12.1875;8
2025-11-04;2;308;1;observed;0.0;0.0;0;0.6;13.1;0;5.7124999999999995;14.0;0.625;5.625;0.375;0.25;3.0999999999999996;12.275;8
2025-11-05;3;309;1;observed;0.0;0.0;2;0.2;10.9;0;3.9875;9.199999999999996;0.5;6.125;0.375;0.125;3.0375;11.4625;8
2025-11-06;4;310;1;observed;0.0;0.0;4;-2.3;6.7;1;0.09999999999999999;0.2799999999999999;0.0;4.125;0.25;0.25;2.075;11.2875;8
2025-11-07;5;311;1;observed;0.1;0.0;18;-1.8;5.2;1;0.3375;0.8999999999999997;0.125;4.0;0.25;0.25;1.5875;11.924999999999999;8
2025-11-08;6;312;1;observed;0.0;0.0;9;-1.6;7.8;1;0.525;1.8599999999999999;0.25;7.875;0.625;0.25;2.0125;10.25;8
2025-11-09;7;313;1;observed;8.5;0.0;11;4.3;11.1;0;1.6875;6.049999999999999;0.25;4.625;0.375;0.25;1.7875;10.35;8
2025-11-10;1;314;1;observed;2.8000000000000003;0.0;12;1.1;11.2;0;1.2375;3.7899999999999996;0.25;5.125;0.375;0.25;0.8624999999999999;10.3;8
2025-11-11;2;315;1;observed;0.0;0.0;4;1.0;12.9;0;0.025;0.05999999999999997;0.0;3.125;0.125;0.25;0.7000000000000001;10.0625;8
2025-11-12;3;316;1;observed;0.0;0.0;0;0.9;13.4;0;2.65;9.799999999999999;0.25;7.25;0.375;0.375;1.1375;9.5625;8
2025-11-13;4;317;1;observed;0.0;0.0;0;1.5;15.2;0;4.225;15.85;0.375;7.125;0.5;0.25;1.4749999999999999;10.1;8
2025-11-14;5;318;1;observed;0.0;0.0;0;5.0;17.5;0;4.75;11.739999999999995;0.375;7.875;0.5;0.25;2.7750000000000004;11.5375;8
2025-11-15;6;319;1;observed;0.0;0.0;0;4.0;14.9;0;1.5875000000000001;5.91;0.25;7.125;0.5;0.125;3.1375;10.7875;8
2025-11-16;7;320;1;observed;0.2;0.0;0;4.7;12.9;0;1.8625;5.1;0.375;7.75;0.5;0.375;1.0;8.9875;8
2025-11-17;1;321;1;observed;15.0;0.14;10;1.6;8.7;1;7.0625;18.66;0.625;7.375;0.5;0.5;1.3375;8.5375;8
2025-11-18;2;322;1;observed;1.3;0.49000000000000005;7;-3.5;3.7;1;1.7874999999999999;4.299999999999999;0.375;4.625;0.375;0.375;0.4875;7.825;8
2025-11-19;3;323;1;observed;0.0;0.0;0;-4.1;4.2;1;3.5125;8.77;0.5;5.125;0.375;0.625;0.09999999999999998;8.525;8
2025-11-20;4;324;1;observed;2.4;0.9099999999999999;1;-2.3;3.9;1;1.2875;2.9699999999999998;0.5;4.0;0.125;0.5;0.5874999999999999;8.75;8
2025-11-21;5;325;1;observed;6.0;4.2;8;-2.0;0.9;1;5.0625;10.099999999999998;0.625;9.5;0.625;0.75;-0.6625;5.8625;8
2025-11-22;6;326;1;observed;0.0;0.0;20;-6.8;-0.9;1;1.8875;4.189999999999999;0.5;10.375;0.5;0.75;-1.0875;5.05;8
2025-11-23;7;327;1;observed;0.0;0.0;4;-10.5;1.1;1;1.65;4.829999999999998;0.25;5.0;0.375;0.75;-2.4625000000000004;6.35;8
2025-11-24;1;328;1;observed;2.9;0.7000000000000001;0;-1.4;4.1;1;3.1374999999999997;7.269999999999998;0.5;5.375;0.5;0.625;-0.17500000000000002;7.85;8
2025-11-25;2;329;1;observed;17.1;0.56;16;0.4;4.3;1;3.475;9.679999999999998;0.375;7.375;0.5;0.875;-0.95;6.4750000000000005;8
2025-11-26;3;330;1;observed;7.5;2.1;24;0.6;2.2;1;3.45;7.89;0.625;11.625;0.625;0.75;-0.32499999999999996;5.6125;8
2025-11-27;4;331;1;observed;0.4;0.21000000000000002;17;-6.8;2.5;1;2.65;6.919999999999999;0.5;5.25;0.25;0.75;-2.0875;5.4875;8
2025-11-28;5;332;1;observed;0.0;0.0;0;-7.4;3.3;1;2.6500000000000004;8.87;0.375;3.0;0.25;0.75;-1.9625;5.8;8
2025-11-29;6;333;1;observed;1.1;0.0;17;-4.6;4.3;1;4.3;10.91;0.75;7.75;0.75;0.625;-1.7375;5.05;8
2025-11-30;7;334;1;observed;1.5;0.0;3;-1.5;5.7;1;2.95;7.929999999999999;0.5;10.5;0.5;0.875;-1.925;3.8625;8
2025-12-01;1;335;1;observed;4.6;0.0;22;-0.7;6.3;1;3.6875;9.039999999999996;0.5;10.625;0.5;0.75;-1.2750000000000001;4.9375;8
2025-12-02;2;336;1;observed;0.0;0.0;7;-1.6;4.7;1;4.5375;10.369999999999996;0.625;9.5;0.625;0.875;-1.9124999999999999;3.2750000000000004;8
2025-12-03;3;337;1;observed;0.0;0.0;15;-2.8;3.5;1;1.0375;3.3999999999999995;0.25;8.375;0.625;0.875;-3.5500000000000003;4.175;8
2025-12-04;4;338;1;observed;0.0;0.0;24;-2.7;1.8;1;3.8375;11.39;0.5;7.0;0.5;0.75;-3.15;3.575;8
2025-12-05;5;339;1;observed;2.9;1.26;15;-0.8;3.8;1;2.25;4.39;0.625;7.375;0.5;0.875;-2.1;5.1625000000000005;8
2025-12-06;6;340;1;observed;0.0;0.0;7;-1.0;6.8;1;2.9125;6.759999999999999;0.5;6.5;0.625;0.875;-1.7374999999999998;5.7;8
2025-12-07;7;341;1;observed;18.3;5.46;4;0.6;5.6;1;5.9;14.659999999999998;0.625;6.625;0.375;0.875;-1.0875;5.4875;8
2025-12-08;1;342;1;observed;11.8;0.0;6;3.9;10.6;0;2.75;6.199999999999998;0.625;4.0;0.375;0.75;-1.7000000000000002;6.1125;8
2025-12-09;2;343;1;observed;0.0;0.0;0;1.5;12.4;0;5.1000000000000005;11.0;0.75;6.625;0.375;0.375;0.11249999999999999;5.6125;8
2025-12-10;3;344;1;observed;0.0;0.0;0;-0.1;10.1;1;5.0625;9.84;0.875;10.25;0.5;0.875;-1.1125;4.4375;8
2025-12-11;4;345;1;observed;0.0;0.0;2;-0.8;7.2;1;2.85;6.359999999999999;0.5;10.375;0.5;0.875;-1.1375;3.6;8
2025-12-12;5;346;1;observed;0.0;0.0;13;-1.4;5.2;1;2.5500000000000003;6.259999999999999;0.5;8.25;0.5;0.75;-2.7875;3.3375;8
2025-12-13;6;347;1;observed;0.2;0.0;5;-1.3;3.5;1;1.5625;4.869999999999999;0.25;6.5;0.375;0.75;-3.7;3.3625;8
2025-12-14;7;348;1;observed;0.1;0.0;15;-3.2;2.2;1;2.9875000000000003;9.040000000000001;0.5;13.375;0.75;0.875;-2.2125;3.9;8
2025-12-15;1;349;1;observed;0.30000000000000004;0.0;17;-5.2;1.2;1;1.45;5.430000000000001;0.25;12.0;0.75;0.625;-1.775;4.5625;8
2025-12-16;2;350;1;observed;0.0;0.0;7;-2.8;4.4;1;0.975;2.5699999999999994;0.25;10.25;0.75;0.75;-1.175;4.9;8
2025-12-17;3;351;1;observed;0.0;0.0;2;-0.5;6.2;1;0.375;0.83;0.0;4.875;0.375;0.875;-2.3625;6.8375;8
2025-12-18;4;352;1;observed;0.0;0.0;3;-1.5;9.1;1;0.2;0.72;0.0;2.375;0.125;0.875;-2.6125;7.0625;8
2025-12-19;5;353;1;observed;0.0;0.0;0;-1.8;6.2;1;0.0;0.0;0.0;0.125;0.0;0.75;-2.7625;7.9375;8
2025-12-20;6;354;1;observed;0.0;0.0;4;-1.0;7.2;1;1.3375;3.84;0.375;4.875;0.25;0.875;-1.375;7.45;8
2025-12-21;7;355;1;observed;0.0;0.0;3;-3.3;3.2;1;3.2874999999999996;8.629999999999999;0.5;3.625;0.25;0.75;-1.4124999999999999;5.325;8
2025-12-22;1;356;1;observed;0.0;0.0;8;-3.2;2.2;1;5.1875;13.499999999999996;0.5;5.0;0.25;0.875;-0.975;5.9625;8
2025-12-23;2;357;1;observed;0.0;0.0;24;-2.5;0.2;1;7.1;12.81;0.875;9.625;0.5;0.5;1.1625;6.975;8
2025-12-24;3;358;1;observed;3.0;1.4000000000000001;23;-0.9;0.6;1;5.3;13.279999999999998;0.875;7.75;0.5;0.375;2.4375;8.2;8
2025-12-25;4;359;1;observed;0.0;0.0;7;-4.7;1.4;1;9.3625;23.279999999999994;0.625;5.75;0.5;0.625;1.575;7.1875;8
2025-12-26;5;360;1;observed;0.0;0.0;6;-6.0;-0.4;1;2.05;6.2299999999999995;0.375;6.375;0.5;0.625;-1.75;5.6875;8
2025-12-27;6;361;1;observed;0.0;0.0;3;-6.6;0.3;1;2.2750000000000004;5.829999999999999;0.375;5.125;0.25;0.75;-2.3625;4.7875;8
2025-12-28;7;362;1;observed;0.0;0.0;1;-5.2;0.9;1;0.5625;1.4699999999999995;0.125;2.0;0.125;0.875;-2.9125;5.2625;8
2025-12-29;1;363;1;observed;0.0;0.0;5;-6.1;1.4;1;1.7;5.739999999999998;0.25;3.0;0.25;0.625;-1.7125;6.375;8
2025-12-30;2;364;1;observed;1.5;1.05;13;-4.8;0.8;1;2.875;10.209999999999999;0.375;4.875;0.375;0.75;-0.9249999999999998;7.3875;8
2025-12-31;3;365;1;observed;0.0;0.0;1;-8.6;1.1;1;2.7;7.689999999999998;0.25;3.0;0.125;0.625;-1.1624999999999999;7.45;8
2026-01-01;4;1;0;climatology;;;;;;;0.375;0.96;0.125;1.25;0.125;0.625;-0.4375;8.75;8
2026-01-02;5;2;0;climatology;;;;;;;2.1624999999999996;7.199999999999999;0.375;1.625;0.125;0.75;-0.8375000000000001;7.2250000000000005;8
2026-01-03;6;3;0;climatology;;;;;;;2.8375;6.829999999999998;0.5;5.375;0.375;0.625;-0.875;6.625;8
2026-01-04;7;4;0;climatology;;;;;;;4.6375;11.379999999999999;0.5;6.625;0.5;0.375;-0.3375;5.7125;8
2026-01-05;1;5;0;climatology;;;;;;;5.8125;13.6;0.75;9.125;0.625;0.625;0.45000000000000007;5.7375;8
2026-01-06;2;6;0;climatology;;;;;;;5.9375;19.59;0.5;11.125;0.75;0.625;-0.43750000000000006;6.0;8
2026-01-07;3;7;0;climatology;;;;;;;4.062500000000001;10.759999999999998;0.5;8.0;0.375;0.75;-1.9125;4.1375;8
2026-01-08;4;8;0;climatology;;;;;;;1.4124999999999999;3.389999999999999;0.25;5.125;0.25;1.0;-2.85;3.9375;8
2026-01-09;5;9;0;climatology;;;;;;;2.4124999999999996;6.059999999999999;0.5;5.375;0.375;0.875;-2.175;5.425000000000001;8
2026-01-10;6;10;0;climatology;;;;;;;4.0375000000000005;10.589999999999996;0.375;7.5;0.625;0.875;-3.625;3.2;8
2026-01-11;7;11;0;climatology;;;;;;;1.2750000000000001;3.2099999999999995;0.5;8.5;0.625;1.0;-5.175;2.375;8
2026-01-12;1;12;0;climatology;;;;;;;1.2;4.42;0.25;8.375;0.5;0.875;-4.4;3.425;8
2026-01-13;2;13;0;climatology;;;;;;;3.4750000000000005;9.169999999999998;0.375;6.25;0.625;1.0;-3.425;3.775;8
2026-01-14;3;14;0;climatology;;;;;;;3.95;13.519999999999998;0.25;5.75;0.375;0.875;-4.125;5.15;8
2026-01-15;4;15;0;climatology;;;;;;;1.85;4.7299999999999995;0.375;6.0;0.375;1.0;-3.6875;4.5249999999999995;8
2026-01-16;5;16;0;climatology;;;;;;;2.5875;7.479999999999999;0.25;4.25;0.375;1.0;-4.05;5.575;8
2026-01-17;6;17;0;climatology;;;;;;;2.725;8.11;0.625;6.125;0.375;1.0;-3.525;5.0;8
2026-01-18;7;18;0;climatology;;;;;;;4.6125;9.68;0.75;7.875;0.625;1.0;-1.875;4.5;8
2026-01-19;1;19;0;climatology;;;;;;;3.1374999999999997;7.569999999999997;0.375;4.75;0.375;1.0;-4.675;3.6375;8
2026-01-20;2;20;0;climatology;;;;;;;1.3;3.65;0.375;3.375;0.25;1.0;-4.9;4.1625;8
2026-01-21;3;21;0;climatology;;;;;;;2.1125;7.63;0.375;6.125;0.5;0.875;-3.725;3.2125;8
2026-01-22;4;22;0;climatology;;;;;;;5.2;14.709999999999997;0.5;6.0;0.375;0.875;-4.1875;4.7625;8
2026-01-23;5;23;0;climatology;;;;;;;1.5875000000000001;3.3899999999999997;0.375;8.25;0.375;0.875;-2.9375;3.6875;8
2026-01-24;6;24;0;climatology;;;;;;;0.4875;1.3899999999999997;0.125;6.625;0.375;0.875;-2.9125;6.8875;8
2026-01-25;7;25;0;climatology;;;;;;;1.275;3.9899999999999993;0.25;6.625;0.375;0.625;-1.9625;6.3;8
2026-01-26;1;26;0;climatology;;;;;;;2.2;7.109999999999999;0.375;6.125;0.375;0.625;-1.7125;6.0625;8
2026-01-27;2;27;0;climatology;;;;;;;0.9500000000000001;2.8899999999999997;0.25;5.75;0.375;1.0;-3.0375;7.4;8
2026-01-28;3;28;0;climatology;;;;;;;5.225;12.87;0.75;8.0;0.5;0.875;-0.25;5.7875;8
2026-01-29;4;29;0;climatology;;;;;;;1.3375000000000001;4.61;0.25;1.5;0.125;0.75;-1.5;7.6;8
2026-01-30;5;30;0;climatology;;;;;;;1.8875;3.6999999999999997;0.625;6.125;0.375;0.625;-1.55;8.225;8
2026-01-31;6;31;0;climatology;;;;;;;2.6;6.47;0.5;8.375;0.5;0.75;-0.5;7.275;8
2026-02-01;7;32;0;climatology;;;;;;;2.925;7.359999999999999;0.5;8.125;0.5;0.75;0.22499999999999995;6.9625;8
2026-02-02;1;33;0;climatology;;;;;;;6.4125000000000005;13.539999999999997;0.75;9.5;0.625;0.625;2.175;6.55;8
2026-02-03;2;34;0;climatology;;;;;;;13.6625;40.55;0.75;11.0;0.75;0.375;1.6875;7.3625;8
2026-02-04;3;35;0;climatology;;;;;;;4.0875;11.399999999999999;0.625;7.0;0.5;0.75;-0.7625000000000001;6.7375;8
2026-02-05;4;36;0;climatology;;;;;;;0.8500000000000001;2.5199999999999996;0.375;2.625;0.25;0.75;-3.2375;6.2375;8
2026-02-06;5;37;0;climatology;;;;;;;0.25;0.7399999999999999;0.125;3.75;0.25;0.75;-3.875;6.45;8
2026-02-07;6;38;0;climatology;;;;;;;2.5374999999999996;6.259999999999998;0.375;3.75;0.25;0.75;-3.2125;5.3625;8
2026-02-08;7;39;0;climatology;;;;;;;1.2;3.55;0.375;3.875;0.375;0.875;-2.45;7.75;8
2026-02-09;1;40;0;climatology;;;;;;;0.2625;0.8399999999999999;0.125;2.25;0.125;0.875;-1.775;8.375;8
2026-02-10;2;41;0;climatology;;;;;;;1.7125;5.73;0.375;5.875;0.375;0.75;-1.225;8.4;8
2026-02-11;3;42;0;climatology;;;;;;;4.8125;8.760000000000002;0.75;5.0;0.5;0.875;-1.4874999999999998;5.0874999999999995;8
2026-02-12;4;43;0;climatology;;;;;;;1.5875;3.7;0.5;2.75;0.125;0.875;-2.225;5.425;8
2026-02-13;5;44;0;climatology;;;;;;;1.225;4.01;0.25;1.625;0.125;1.0;-3.525;6.4125000000000005;8
2026-02-14;6;45;0;climatology;;;;;;;0.7375;2.11;0.375;3.75;0.125;0.875;-3.6;7.1875;8
2026-02-15;7;46;0;climatology;;;;;;;1.6500000000000001;5.1899999999999995;0.25;3.625;0.375;0.75;-3.0250000000000004;8.1;8
2026-02-16;1;47;0;climatology;;;;;;;2.475;6.849999999999998;0.375;6.25;0.375;0.625;-1.175;9.6375;8
2026-02-17;2;48;0;climatology;;;;;;;3.6125000000000003;8.219999999999999;0.625;8.0;0.375;0.375;1.875;10.2875;8
2026-02-18;3;49;0;climatology;;;;;;;0.9;2.6399999999999992;0.25;4.875;0.375;0.5;0.5499999999999998;10.3875;8
2026-02-19;4;50;0;climatology;;;;;;;3.0875;6.739999999999999;0.5;5.125;0.375;0.5;-0.3749999999999999;8.1375;8
2026-02-20;5;51;0;climatology;;;;;;;1.5;3.379999999999999;0.375;5.875;0.375;0.5;-0.30000000000000004;10.725;8
2026-02-21;6;52;0;climatology;;;;;;;1.05;2.76;0.375;3.0;0.125;0.625;6.938893903907228e-18;10.8375;8
2026-02-22;7;53;0;climatology;;;;;;;2.7125;7.919999999999998;0.375;5.0;0.375;0.625;0.5624999999999999;10.575;8
2026-02-23;1;54;0;climatology;;;;;;;2.5375;7.009999999999998;0.375;5.625;0.375;0.375;0.6625000000000001;10.125;8
2026-02-24;2;55;0;climatology;;;;;;;2.8125;9.049999999999999;0.375;4.25;0.375;0.5;-0.55;10.9875;8
2026-02-25;3;56;0;climatology;;;;;;;3.3625;8.259999999999996;0.5;1.625;0.125;0.625;-0.7625;10.100000000000001;8
2026-02-26;4;57;0;climatology;;;;;;;3.075;7.859999999999999;0.5;7.375;0.5;0.75;-1.775;6.95;8
2026-02-27;5;58;0;climatology;;;;;;;1.675;4.469999999999999;0.25;8.0;0.375;0.875;-2.5625;5.7875;8
2026-02-28;6;59;0;climatology;;;;;;;0.825;2.6399999999999997;0.25;4.375;0.25;0.75;-4.025;6.4125;8
2026-03-01;7;60;0;climatology;;;;;;;0.975;2.459999999999999;0.125;5.0;0.5;0.75;-2.6875;7.6625;8
2026-03-02;1;61;0;climatology;;;;;;;1.0125;2.53;0.5;2.875;0.25;0.625;-2.3874999999999997;8.4375;8
2026-03-03;2;62;0;climatology;;;;;;;0.3625;0.9799999999999998;0.125;1.75;0.125;0.625;-1.2375;11.0625;8
2026-03-04;3;63;0;climatology;;;;;;;1.6625;4.469999999999999;0.25;2.875;0.25;0.75;-0.8749999999999999;11.299999999999999;8
2026-03-05;4;64;0;climatology;;;;;;;1.5625000000000002;4.419999999999999;0.25;6.0;0.375;0.75;-1.125;8.5375;8
2026-03-06;5;65;0;climatology;;;;;;;0.7000000000000001;2.09;0.25;6.375;0.5;0.875;-1.6125;9.05;8
2026-03-07;6;66;0;climatology;;;;;;;2.0625;5.31;0.5;4.75;0.25;0.625;-0.15000000000000008;8.8125;8
2026-03-08;7;67;0;climatology;;;;;;;1.8875;5.49;0.5;3.5;0.25;0.75;-0.5375;8.9125;8
2026-03-09;1;68;0;climatology;;;;;;;1.3499999999999999;3.6299999999999986;0.25;0.125;0.0;0.75;-1.05;12.0125;8
2026-03-10;2;69;0;climatology;;;;;;;1.9375;4.1;0.5;1.75;0.125;0.375;1.4125;11.3875;8
2026-03-11;3;70;0;climatology;;;;;;;2.35;5.609999999999998;0.375;2.125;0.125;0.625;0.5125;11.3875;8
2026-03-12;4;71;0;climatology;;;;;;;1.8125;4.8999999999999995;0.5;3.125;0.25;0.5;0.9624999999999999;11.5375;8
2026-03-13;5;72;0;climatology;;;;;;;3.4875;8.359999999999998;0.5;2.875;0.125;0.5;1.6375;12.7125;8
2026-03-14;6;73;0;climatology;;;;;;;7.3;12.099999999999998;0.875;6.375;0.5;0.5;2.1125;9.2125;8
2026-03-15;7;74;0;climatology;;;;;;;5.875;12.559999999999999;0.75;6.0;0.375;0.5;1.5;9.625;8
2026-03-16;1;75;0;climatology;;;;;;;4.325;9.369999999999997;0.75;6.5;0.375;0.375;1.2000000000000002;10.7375;8
2026-03-17;2;76;0;climatology;;;;;;;2.3375;6.050000000000001;0.5;5.0;0.375;0.625;0.8375;12.0375;8
2026-03-18;3;77;0;climatology;;;;;;;1.525;3.44;0.5;3.0;0.25;0.5;0.36250000000000016;9.475;8
2026-03-19;4;78;0;climatology;;;;;;;2.8125;7.35;0.625;6.25;0.375;0.625;-0.04999999999999999;9.0;8
2026-03-20;5;79;0;climatology;;;;;;;2.3625;6.539999999999999;0.375;4.625;0.375;0.625;-0.3499999999999999;10.0875;8
2026-03-21;6;80;0;climatology;;;;;;;0.6499999999999999;2.09;0.25;2.75;0.25;0.625;-0.7374999999999999;11.8625;8
2026-03-22;7;81;0;climatology;;;;;;;4.725;15.399999999999999;0.375;4.25;0.25;0.625;0.525;11.5375;8
2026-03-23;1;82;0;climatology;;;;;;;1.725;4.609999999999999;0.375;4.75;0.375;0.5;1.225;12.6125;8
2026-03-24;2;83;0;climatology;;;;;;;2.7375;7.649999999999999;0.375;1.25;0.0;0.5;0.48749999999999993;12.762500000000001;8
2026-03-25;3;84;0;climatology;;;;;;;1.175;3.16;0.375;1.75;0.125;0.625;0.95;11.4875;8
2026-03-26;4;85;0;climatology;;;;;;;1.2375;2.88;0.375;3.5;0.25;0.25;1.0625;10.925;8
2026-03-27;5;86;0;climatology;;;;;;;2.0625;5.09;0.625;6.625;0.375;0.5;0.5875;10.3375;8
2026-03-28;6;87;0;climatology;;;;;;;2.0125;6.01;0.375;2.125;0.125;0.375;0.5375;13.9625;8
2026-03-29;7;88;0;climatology;;;;;;;4.362500000000001;10.99;0.5;2.75;0.125;0.5;1.6375;13.8625;8
2026-03-30;1;89;0;climatology;;;;;;;1.675;4.6499999999999995;0.5;2.125;0.25;0.125;3.5;15.2375;8
2026-03-31;2;90;0;climatology;;;;;;;3.9625;9.1;0.625;6.375;0.5;0.375;3.0375;12.7625;8
2026-04-01;3;91;0;climatology;;;;;;;2.4875;5.97;0.5;4.75;0.25;0.25;2.5625;12.5625;8
2026-04-02;4;92;0;climatology;;;;;;;3.5124999999999997;11.819999999999999;0.375;5.0;0.375;0.5;1.225;12.299999999999999;8
2026-04-03;5;93;0;climatology;;;;;;;0.8625;2.55;0.25;6.375;0.375;0.375;1.8125;11.9375;8
2026-04-04;6;94;0;climatology;;;;;;;0.4625;1.5499999999999998;0.25;1.125;0.125;0.375;0.8750000000000001;12.975;8
2026-04-05;7;95;0;climatology;;;;;;;3.3249999999999997;7.369999999999998;0.625;4.875;0.25;0.375;2.1;13.1625;8
2026-04-06;1;96;0;climatology;;;;;;;1.6500000000000001;5.050000000000001;0.375;1.25;0.125;0.375;1.2875;12.7375;8
2026-04-07;2;97;0;climatology;;;;;;;0.825;1.8799999999999997;0.25;1.125;0.0;0.375;1.9375;14.825;8
2026-04-08;3;98;0;climatology;;;;;;;4.6625;10.609999999999998;0.5;5.25;0.5;0.25;3.575;14.3125;8
2026-04-09;4;99;0;climatology;;;;;;;1.3375;4.47;0.25;3.0;0.25;0.375;3.3375;16.4375;8
2026-04-10;5;100;0;climatology;;;;;;;1.7;4.329999999999999;0.375;2.75;0.25;0.375;3.925;15.2125;8
2026-04-11;6;101;0;climatology;;;;;;;2.1;5.85;0.375;2.625;0.125;0.125;4.55;14.9875;8
2026-04-12;7;102;0;climatology;;;;;;;2.5375;9.29;0.25;3.75;0.25;0.25;3.3125;16.0375;8
2026-04-13;1;103;0;climatology;;;;;;;3.5;10.219999999999999;0.375;2.0;0.125;0.125;3.8125;14.8875;8
2026-04-14;2;104;0;climatology;;;;;;;1.8875;5.159999999999998;0.25;3.625;0.25;0.25;4.1125;15.399999999999999;8
2026-04-15;3;105;0;climatology;;;;;;;2.375;6.32;0.5;4.0;0.25;0.125;4.725;14.5;8
2026-04-16;4;106;0;climatology;;;;;;;2.075;6.859999999999999;0.375;5.0;0.375;0.25;3.625;14.0625;8
2026-04-17;5;107;0;climatology;;;;;;;0.575;1.69;0.25;2.875;0.25;0.25;3.35;14.7375;8
2026-04-18;6;108;0;climatology;;;;;;;2.6;7.259999999999998;0.375;8.0;0.5;0.25;3.6625;14.2;8
2026-04-19;7;109;0;climatology;;;;;;;2.85;7.93;0.5;4.5;0.25;0.125;3.95;15.775;8
2026-04-20;1;110;0;climatology;;;;;;;2.475;5.869999999999999;0.5;4.625;0.25;0.25;4.324999999999999;16.45;8
2026-04-21;2;111;0;climatology;;;;;;;0.8875;2.6899999999999995;0.25;1.5;0.125;0.375;3.8375;16.7375;8
2026-04-22;3;112;0;climatology;;;;;;;2.8125;10.74;0.25;1.25;0.125;0.125;5.025;17.325;8
2026-04-23;4;113;0;climatology;;;;;;;2.3;5.469999999999999;0.5;3.75;0.25;0.125;5.8374999999999995;17.45;8
2026-04-24;5;114;0;climatology;;;;;;;4.0;7.779999999999999;0.625;4.875;0.25;0.0;6.0;15.9125;8
2026-04-25;6;115;0;climatology;;;;;;;2.5374999999999996;6.35;0.5;3.375;0.25;0.125;5.5;16.575;8
2026-04-26;7;116;0;climatology;;;;;;;4.3625;9.03;0.75;5.875;0.375;0.25;5.125;13.7875;8
2026-04-27;1;117;0;climatology;;;;;;;0.825;2.59;0.25;3.5;0.375;0.125;3.375;16.3125;8
2026-04-28;2;118;0;climatology;;;;;;;2.9375;7.589999999999997;0.375;0.625;0.0;0.0;5.25;17.3375;8
2026-04-29;3;119;0;climatology;;;;;;;2.475;7.0;0.5;2.75;0.25;0.0;7.2125;18.8375;8
2026-04-30;4;120;0;climatology;;;;;;;5.5;11.959999999999997;0.5;6.625;0.5;0.0;7.5625;16.7875;8
2026-05-01;5;121;0;climatology;;;;;;;2.9875;6.35;0.5;7.5;0.5;0.0;6.625;17.5375;8
2026-05-02;6;122;0;climatology;;;;;;;5.25;15.079999999999998;0.5;3.125;0.25;0.0;6.35;17.925;8
2026-05-03;7;123;0;climatology;;;;;;;2.8375;6.02;0.75;2.875;0.125;0.0;7.3875;16.925;8
2026-05-04;1;124;0;climatology;;;;;;;6.0249999999999995;11.319999999999999;0.75;5.875;0.5;0.0;6.1;15.925;8
2026-05-05;2;125;0;climatology;;;;;;;6.0125;12.809999999999999;0.875;6.0;0.25;0.125;6.2375;15.15;8
2026-05-06;3;126;0;climatology;;;;;;;3.4875000000000003;7.46;0.625;6.875;0.375;0.0;6.425;14.6875;8
2026-05-07;4;127;0;climatology;;;;;;;3.5875;9.139999999999999;0.5;3.875;0.25;0.0;6.125;15.775;8
2026-05-08;5;128;0;climatology;;;;;;;1.3125;3.23;0.375;3.625;0.5;0.125;5.925;16.6125;8
2026-05-09;6;129;0;climatology;;;;;;;4.612500000000001;14.349999999999998;0.25;3.375;0.125;0.0;6.9125000000000005;18.55;8
2026-05-10;7;130;0;climatology;;;;;;;4.4;10.159999999999995;0.5;3.875;0.25;0.0;8.7875;19.7875;8
2026-05-11;1;131;0;climatology;;;;;;;4.4875;15.03;0.375;4.625;0.25;0.0;8.637500000000001;19.4125;8
2026-05-12;2;132;0;climatology;;;;;;;8.65;29.639999999999997;0.375;6.5;0.25;0.125;7.125;17.725;8
2026-05-13;3;133;0;climatology;;;;;;;4.1875;9.84;0.625;6.125;0.375;0.125;7.55;16.1125;8
2026-05-14;4;134;0;climatology;;;;;;;3.8875;10.549999999999999;0.625;4.625;0.25;0.0;7.1375;16.9125;8
2026-05-15;5;135;0;climatology;;;;;;;5.675000000000001;11.7;0.625;8.375;0.5;0.0;7.875;16.0125;8
2026-05-16;6;136;0;climatology;;;;;;;8.7125;17.97;0.75;7.125;0.5;0.0;7.075;14.9875;8
2026-05-17;7;137;0;climatology;;;;;;;4.4;11.0;0.625;3.75;0.125;0.125;7.3375;16.7625;8
2026-05-18;1;138;0;climatology;;;;;;;3.725;10.269999999999998;0.5;2.625;0.25;0.0;7.95;17.425;8
2026-05-19;2;139;0;climatology;;;;;;;1.7000000000000002;5.83;0.375;2.0;0.25;0.0;7.1625;19.7;8
2026-05-20;3;140;0;climatology;;;;;;;5.15;12.379999999999995;0.625;1.25;0.125;0.0;8.925;20.375;8
2026-05-21;4;141;0;climatology;;;;;;;6.1;17.219999999999995;0.5;2.0;0.125;0.0;9.95;20.0375;8
2026-05-22;5;142;0;climatology;;;;;;;5.2;12.31;0.625;3.25;0.125;0.0;10.0375;18.6;8
2026-05-23;6;143;0;climatology;;;;;;;4.9875;11.419999999999998;0.625;1.625;0.125;0.0;9.4875;19.6625;8
2026-05-24;7;144;0;climatology;;;;;;;8.8;14.629999999999999;0.875;3.75;0.25;0.0;8.6875;18.1875;8
2026-05-25;1;145;0;climatology;;;;;;;3.2;6.77;0.75;4.0;0.375;0.0;8.55;17.9375;8
2026-05-26;2;146;0;climatology;;;;;;;4.425;11.559999999999999;0.5;1.125;0.0;0.0;9.4625;19.5125;8
2026-05-27;3;147;0;climatology;;;;;;;2.65;7.13;0.625;1.625;0.125;0.0;9.3375;19.2375;8
2026-05-28;4;148;0;climatology;;;;;;;6.9625;16.099999999999998;0.625;3.375;0.375;0.0;9.125;19.4375;8
2026-05-29;5;149;0;climatology;;;;;;;6.45;13.399999999999999;0.75;3.5;0.25;0.0;9.275;17.075;8
2026-05-30;6;150;0;climatology;;;;;;;0.41250000000000003;0.86;0.0;1.125;0.125;0.0;7.9625;19.4;8
2026-05-31;7;151;0;climatology;;;;;;;2.5625;8.439999999999998;0.25;1.0;0.0;0.0;8.875;21.0375;8
2026-06-01;1;152;0;climatology;;;;;;;3.35;8.849999999999998;0.375;2.25;0.125;0.0;9.8;20.875;8
2026-06-02;2;153;0;climatology;;;;;;;5.1375;12.649999999999995;0.375;2.25;0.125;0.0;10.35;21.5125;8
2026-06-03;3;154;0;climatology;;;;;;;3.6625;9.870000000000001;0.375;1.625;0.125;0.0;11.325000000000001;23.575;8
2026-06-04;4;155;0;climatology;;;;;;;4.775;11.539999999999996;0.125;2.25;0.125;0.0;11.8875;24.75;8
2026-06-05;5;156;0;climatology;;;;;;;5.775;14.309999999999999;0.625;2.0;0.0;0.0;13.2375;22.65;8
2026-06-06;6;157;0;climatology;;;;;;;4.475;12.179999999999996;0.375;2.875;0.25;0.0;11.95;22.2375;8
2026-06-07;7;158;0;climatology;;;;;;;7.25;20.49;0.625;1.875;0.25;0.0;12.1;21.6;8
2026-06-08;1;159;0;climatology;;;;;;;4.55;11.68;0.625;2.5;0.125;0.0;12.425;21.0625;8
2026-06-09;2;160;0;climatology;;;;;;;4.425;11.109999999999998;0.625;1.375;0.0;0.0;11.525;21.4125;8
2026-06-10;3;161;0;climatology;;;;;;;4.7875;12.12;0.5;2.75;0.125;0.0;12.2625;21.975;8
2026-06-11;4;162;0;climatology;;;;;;;3.5625;8.149999999999999;0.5;3.875;0.25;0.0;12.9375;22.675;8
2026-06-12;5;163;0;climatology;;;;;;;2.9125;7.019999999999998;0.375;3.75;0.25;0.0;12.325;22.0625;8
2026-06-13;6;164;0;climatology;;;;;;;9.6;26.029999999999994;0.5;5.0;0.125;0.0;11.7875;21.7875;8
2026-06-14;7;165;0;climatology;;;;;;;1.1125;3.57;0.25;2.0;0.125;0.0;10.725;23.5;8
2026-06-15;1;166;0;climatology;;;;;;;1.925;5.13;0.375;2.125;0.125;0.0;11.924999999999999;23.625;8
2026-06-16;2;167;0;climatology;;;;;;;10.275;21.279999999999998;0.75;3.875;0.125;0.0;12.1625;21.2375;8
2026-06-17;3;168;0;climatology;;;;;;;1.625;4.659999999999999;0.375;1.875;0.125;0.0;13.075;23.625;8
2026-06-18;4;169;0;climatology;;;;;;;1.5125000000000002;4.63;0.375;0.25;0.0;0.0;12.575;26.2125;8
2026-06-19;5;170;0;climatology;;;;;;;0.0125;0.029999999999999985;0.0;0.5;0.0;0.0;14.55;27.2625;8
2026-06-20;6;171;0;climatology;;;;;;;2.625;7.93;0.375;0.625;0.0;0.0;15.55;26.3375;8
2026-06-21;7;172;0;climatology;;;;;;;2.7125;6.369999999999999;0.5;1.75;0.125;0.0;15.1125;25.2875;8
2026-06-22;1;173;0;climatology;;;;;;;5.699999999999999;11.139999999999999;0.875;2.0;0.125;0.0;14.1875;25.2875;8
2026-06-23;2;174;0;climatology;;;;;;;2.825;5.369999999999999;0.75;3.125;0.25;0.0;14.075;23.475;8
2026-06-24;3;175;0;climatology;;;;;;;4.325;13.65;0.625;5.5;0.375;0.0;14.15;23.525;8
2026-06-25;4;176;0;climatology;;;;;;;2.1;6.43;0.375;1.375;0.125;0.0;13.2125;25.125;8
2026-06-26;5;177;0;climatology;;;;;;;1.6625;4.819999999999999;0.25;0.0;0.0;0.0;13.5375;26.6625;8
2026-06-27;6;178;0;climatology;;;;;;;2.7375;6.68;0.5;1.0;0.125;0.0;14.7625;25.8375;8
2026-06-28;7;179;0;climatology;;;;;;;5.9375;13.95;0.625;2.75;0.25;0.0;14.575;24.3875;8
2026-06-29;1;180;0;climatology;;;;;;;4.6625;12.129999999999999;0.625;2.25;0.25;0.0;14.4625;26.25;8
2026-06-30;2;181;0;climatology;;;;;;;6.9;17.479999999999997;0.375;0.75;0.0;0.0;14.8;26.125;8
2026-07-01;3;182;0;climatology;;;;;;;4.5375;8.629999999999999;0.625;3.0;0.25;0.0;14.575;24.1;8
2026-07-02;4;183;0;climatology;;;;;;;3.4625;9.959999999999997;0.375;1.75;0.125;0.0;13.8;23.9;8
2026-07-03;5;184;0;climatology;;;;;;;2.0999999999999996;5.9399999999999995;0.375;0.875;0.0;0.0;14.0375;24.4875;8
2026-07-04;6;185;0;climatology;;;;;;;5.925;12.629999999999999;0.625;2.75;0.25;0.0;14.625;22.9;8
2026-07-05;7;186;0;climatology;;;;;;;3.3125;8.779999999999998;0.5;0.25;0.0;0.0;13.425;24.5875;8
2026-07-06;1;187;0;climatology;;;;;;;5.5125;13.129999999999995;0.5;2.75;0.25;0.0;13.9125;25.325;8
2026-07-07;2;188;0;climatology;;;;;;;6.7;15.189999999999998;0.875;1.375;0.0;0.0;14.475;23.0;8
2026-07-08;3;189;0;climatology;;;;;;;7.775;21.080000000000002;0.625;5.0;0.5;0.0;13.1;20.3625;8
2026-07-09;4;190;0;climatology;;;;;;;1.3125;5.03;0.25;2.375;0.25;0.0;11.75;22.425;8
2026-07-10;5;191;0;climatology;;;;;;;0.925;2.7800000000000002;0.25;2.125;0.125;0.0;12.85;23.775;8
2026-07-11;6;192;0;climatology;;;;;;;5.8125;13.6;0.75;2.25;0.125;0.0;13.9125;24.125;8
2026-07-12;7;193;0;climatology;;;;;;;5.95;16.039999999999996;0.5;1.625;0.125;0.0;13.4375;23.7375;8
2026-07-13;1;194;0;climatology;;;;;;;3.7;11.35;0.5;0.625;0.0;0.0;13.3;23.2375;8
2026-07-14;2;195;0;climatology;;;;;;;5.262499999999999;12.589999999999996;0.5;1.25;0.125;0.0;13.2625;23.4375;8
2026-07-15;3;196;0;climatology;;;;;;;3.1500000000000004;7.859999999999998;0.375;1.375;0.125;0.0;13.6;23.9375;8
2026-07-16;4;197;0;climatology;;;;;;;3.2375;8.229999999999999;0.625;0.875;0.0;0.0;14.475;24.2625;8
2026-07-17;5;198;0;climatology;;;;;;;7.8625;16.95;0.625;2.5;0.25;0.0;14.4875;23.075;8
2026-07-18;6;199;0;climatology;;;;;;;5.775;17.18;0.375;4.0;0.375;0.0;14.6125;24.1125;8
2026-07-19;7;200;0;climatology;;;;;;;1.625;5.27;0.375;1.0;0.0;0.0;13.7625;26.1375;8
2026-07-20;1;201;0;climatology;;;;;;;1.7;6.1499999999999995;0.25;0.625;0.0;0.0;15.1;27.5125;8
2026-07-21;2;202;0;climatology;;;;;;;7.225;16.58;0.75;1.5;0.0;0.0;15.5625;23.9125;8
2026-07-22;3;203;0;climatology;;;;;;;5.4125;15.259999999999996;0.5;1.5;0.125;0.0;14.175;25.2125;8
2026-07-23;4;204;0;climatology;;;;;;;3.8625;8.029999999999998;0.625;1.25;0.0;0.0;15.05;25.9875;8
2026-07-24;5;205;0;climatology;;;;;;;2.6;5.369999999999999;0.625;1.0;0.125;0.0;15.5;25.9125;8
2026-07-25;6;206;0;climatology;;;;;;;3.95;7.969999999999999;0.625;2.0;0.25;0.0;15.3875;25.2875;8
2026-07-26;7;207;0;climatology;;;;;;;4.3;10.399999999999999;0.5;2.25;0.125;0.0;14.6875;23.775;8
2026-07-27;1;208;0;climatology;;;;;;;3.5250000000000004;12.43;0.375;1.125;0.125;0.0;14.3;24.55;8
2026-07-28;2;209;0;climatology;;;;;;;5.525;19.07;0.375;1.625;0.125;0.0;14.4625;24.3375;8
2026-07-29;3;210;0;climatology;;;;;;;8.975;20.039999999999992;0.75;4.125;0.25;0.0;15.2;24.2125;8
2026-07-30;4;211;0;climatology;;;;;;;4.175000000000001;9.83;0.625;0.125;0.0;0.0;14.924999999999999;24.65;8
2026-07-31;5;212;0;climatology;;;;;;;1.725;5.3;0.375;1.375;0.125;0.0;14.1875;24.7375;8
2026-08-01;6;213;0;climatology;;;;;;;3.8125;11.56;0.375;1.0;0.125;0.0;15.125;25.2375;8
2026-08-02;7;214;0;climatology;;;;;;;3.325;7.929999999999998;0.75;0.5;0.0;0.0;14.7375;24.837500000000002;8
2026-08-03;1;215;0;climatology;;;;;;;5.6;12.59;0.75;0.75;0.0;0.0;14.975000000000001;23.75;8
2026-08-04;2;216;0;climatology;;;;;;;10.05;26.009999999999994;0.625;2.125;0.25;0.0;14.5625;23.025;8
2026-08-05;3;217;0;climatology;;;;;;;14.6625;34.02999999999999;0.75;4.0;0.25;0.0;13.8875;23.4125;8
2026-08-06;4;218;0;climatology;;;;;;;2.25;5.2299999999999995;0.75;2.625;0.125;0.0;13.975;22.675;8
2026-08-07;5;219;0;climatology;;;;;;;3.8875;13.37;0.375;1.75;0.125;0.0;12.9875;24.7375;8
2026-08-08;6;220;0;climatology;;;;;;;2.3625000000000003;6.299999999999997;0.25;0.0;0.0;0.0;14.0;25.425;8
2026-08-09;7;221;0;climatology;;;;;;;2.5625;8.209999999999997;0.25;0.625;0.0;0.0;13.5875;26.400000000000002;8
2026-08-10;1;222;0;climatology;;;;;;;6.65;18.529999999999994;0.375;1.125;0.0;0.0;14.3875;25.2375;8
2026-08-11;2;223;0;climatology;;;;;;;0.17500000000000002;0.45999999999999974;0.125;0.0;0.0;0.0;14.175;26.0875;8
2026-08-12;3;224;0;climatology;;;;;;;3.8375;9.329999999999995;0.125;1.625;0.125;0.0;14.0375;26.9375;8
2026-08-13;4;225;0;climatology;;;;;;;2.725;6.869999999999997;0.375;0.0;0.0;0.0;15.325;27.55;8
2026-08-14;5;226;0;climatology;;;;;;;2.7750000000000004;6.25;0.625;0.25;0.0;0.0;15.725;26.95;8
2026-08-15;6;227;0;climatology;;;;;;;3.2375;5.7299999999999995;0.875;0.0;0.0;0.0;15.575;26.775;8
2026-08-16;7;228;0;climatology;;;;;;;5.0625;12.229999999999997;0.5;0.25;0.0;0.0;14.775;25.8125;8
2026-08-17;1;229;0;climatology;;;;;;;3.9000000000000004;8.91;0.5;2.5;0.25;0.0;14.3625;25.6625;8
2026-08-18;2;230;0;climatology;;;;;;;2.3875;6.499999999999999;0.5;1.25;0.125;0.0;15.4875;25.0125;8
2026-08-19;3;231;0;climatology;;;;;;;5.625;18.080000000000002;0.5;1.375;0.125;0.0;14.975;24.4625;8
2026-08-20;4;232;0;climatology;;;;;;;13.5375;33.44;0.625;5.5;0.375;0.0;14.987499999999999;23.275;8
2026-08-21;5;233;0;climatology;;;;;;;5.3125;16.959999999999997;0.375;3.375;0.25;0.0;14.5;24.2;8
2026-08-22;6;234;0;climatology;;;;;;;3.8625;11.189999999999998;0.375;2.5;0.25;0.0;14.9875;24.875;8
2026-08-23;7;235;0;climatology;;;;;;;2.8249999999999997;7.8999999999999995;0.5;3.875;0.25;0.0;14.737499999999999;23.0375;8
2026-08-24;1;236;0;climatology;;;;;;;2.575;8.579999999999998;0.25;2.75;0.125;0.0;13.35;23.8375;8
2026-08-25;2;237;0;climatology;;;;;;;2.8375;8.129999999999997;0.25;1.375;0.125;0.0;13.225;23.4125;8
2026-08-26;3;238;0;climatology;;;;;;;9.9375;29.53;0.625;1.5;0.0;0.0;12.4;22.5875;8
2026-08-27;4;239;0;climatology;;;;;;;5.375;13.359999999999998;0.5;2.75;0.125;0.0;13.0625;22.125;8
2026-08-28;5;240;0;climatology;;;;;;;8.9125;26.919999999999998;0.5;5.75;0.375;0.0;13.2;21.45;8
2026-08-29;6;241;0;climatology;;;;;;;8.8625;19.1;0.625;4.0;0.25;0.0;13.0875;21.9875;8
2026-08-30;7;242;0;climatology;;;;;;;11.3875;34.739999999999995;0.5;3.0;0.25;0.0;12.825;20.5375;8
2026-08-31;1;243;0;climatology;;;;;;;6.4125000000000005;15.649999999999999;0.625;3.75;0.25;0.0;12.6125;20.3875;8
2026-09-01;2;244;0;climatology;;;;;;;3.4875;10.809999999999997;0.25;3.625;0.125;0.0;12.25;21.3125;8
2026-09-02;3;245;0;climatology;;;;;;;5.1125;13.709999999999999;0.625;2.0;0.125;0.0;11.2625;20.2125;8
2026-09-03;4;246;0;climatology;;;;;;;2.4;6.8199999999999985;0.375;0.375;0.0;0.0;11.0;21.3125;8
2026-09-04;5;247;0;climatology;;;;;;;2.425;6.239999999999998;0.375;1.25;0.125;0.0;11.175;22.6375;8
2026-09-05;6;248;0;climatology;;;;;;;4.7;18.49;0.25;0.875;0.125;0.0;11.3125;22.2625;8
2026-09-06;7;249;0;climatology;;;;;;;0.7000000000000001;2.36;0.25;2.875;0.25;0.0;11.15;23.425;8
2026-09-07;1;250;0;climatology;;;;;;;4.675;10.829999999999998;0.5;4.375;0.375;0.0;12.3625;20.975;8
2026-09-08;2;251;0;climatology;;;;;;;3.8625;13.18;0.375;2.0;0.125;0.0;10.8875;21.275;8
2026-09-09;3;252;0;climatology;;;;;;;3.3499999999999996;8.919999999999998;0.5;2.375;0.125;0.0;11.1875;21.6375;8
2026-09-10;4;253;0;climatology;;;;;;;5.6125;14.399999999999999;0.5;2.125;0.125;0.0;11.125;20.95;8
2026-09-11;5;254;0;climatology;;;;;;;5.275;13.649999999999999;0.5;1.375;0.0;0.0;11.9625;21.425;8
2026-09-12;6;255;0;climatology;;;;;;;0.9125;2.4799999999999995;0.125;0.75;0.0;0.0;11.85;22.3375;8
2026-09-13;7;256;0;climatology;;;;;;;4.1875;14.939999999999998;0.25;1.25;0.125;0.0;11.45;21.3;8
2026-09-14;1;257;0;climatology;;;;;;;8.8125;21.749999999999996;0.625;3.375;0.25;0.0;11.925;20.9;8
2026-09-15;2;258;0;climatology;;;;;;;6.799999999999999;17.71999999999999;0.375;4.5;0.25;0.0;11.6375;21.05;8
2026-09-16;3;259;0;climatology;;;;;;;4.8375;12.339999999999998;0.5;5.0;0.375;0.0;12.125;20.6;8
2026-09-17;4;260;0;climatology;;;;;;;5.9875;15.279999999999996;0.5;5.625;0.25;0.0;11.2375;18.8;8
2026-09-18;5;261;0;climatology;;;;;;;3.225;7.73;0.5;3.75;0.375;0.0;10.6;19.925;8
2026-09-19;6;262;0;climatology;;;;;;;2.1875;8.129999999999999;0.25;2.625;0.25;0.0;8.637500000000001;19.2;8
2026-09-20;7;263;0;climatology;;;;;;;1.8125;7.23;0.25;3.375;0.125;0.0;8.4875;19.775;8
2026-09-21;1;264;0;climatology;;;;;;;0.75;2.8200000000000003;0.25;3.0;0.125;0.0;8.5625;20.9375;8
2026-09-22;2;265;0;climatology;;;;;;;2.9375;7.3799999999999955;0.375;3.125;0.25;0.0;9.05;18.3625;8
2026-09-23;3;266;0;climatology;;;;;;;3.3249999999999997;10.069999999999999;0.625;4.5;0.25;0.0;9.1125;19.05;8
2026-09-24;4;267;0;climatology;;;;;;;3.6625;9.9;0.5;3.875;0.125;0.0;9.4;17.075;8
2026-09-25;5;268;0;climatology;;;;;;;2.8;6.779999999999999;0.625;1.5;0.125;0.0;8.725;17.4625;8
2026-09-26;6;269;0;climatology;;;;;;;4.95;12.239999999999995;0.375;2.75;0.125;0.0;8.1;17.9;8
2026-09-27;7;270;0;climatology;;;;;;;6.15;13.419999999999998;0.75;4.375;0.375;0.0;9.2625;17.675;8
2026-09-28;1;271;0;climatology;;;;;;;6.125;17.519999999999996;0.5;4.0;0.375;0.0;9.15;17.6625;8
2026-09-29;2;272;0;climatology;;;;;;;4.0625;7.92;0.625;4.5;0.375;0.0;7.824999999999999;15.6875;8
2026-09-30;3;273;0;climatology;;;;;;;2.675;6.549999999999998;0.375;7.25;0.5;0.0;8.15;15.4875;8
2026-10-01;4;274;0;climatology;;;;;;;4.2875000000000005;12.779999999999998;0.375;2.625;0.25;0.0;6.575;16.45;8
2026-10-02;5;275;0;climatology;;;;;;;9.9375;28.789999999999996;0.5;2.75;0.125;0.0;7.325;17.15;8
2026-10-03;6;276;0;climatology;;;;;;;2.3125;6.39;0.5;4.625;0.375;0.0;7.5249999999999995;17.3875;8
2026-10-04;7;277;0;climatology;;;;;;;2.8625000000000003;5.86;0.625;2.375;0.125;0.0;5.7125;16.9625;8
2026-10-05;1;278;0;climatology;;;;;;;6.225;15.519999999999998;0.5;5.875;0.375;0.0;6.6375;15.225;8
2026-10-06;2;279;0;climatology;;;;;;;3.875;8.84;0.625;6.0;0.375;0.0;7.125;14.6625;8
2026-10-07;3;280;0;climatology;;;;;;;3.7125000000000004;9.569999999999997;0.625;7.5;0.5;0.0;7.1375;14.775;8
2026-10-08;4;281;0;climatology;;;;;;;2.0375;7.659999999999999;0.25;3.0;0.125;0.0;8.05;17.2;8
2026-10-09;5;282;0;climatology;;;;;;;3.4;9.169999999999998;0.5;5.125;0.25;0.0;7.9375;17.375;8
2026-10-10;6;283;0;climatology;;;;;;;1.05;3.3199999999999994;0.25;3.125;0.125;0.0;7.4875;18.2125;8
2026-10-11;7;284;0;climatology;;;;;;;2.2;6.85;0.375;2.25;0.125;0.125;7.55;18.325;8
2026-10-12;1;285;0;climatology;;;;;;;1.35;4.15;0.375;3.625;0.375;0.0;7.625;16.6;8
2026-10-13;2;286;0;climatology;;;;;;;1.7750000000000001;5.149999999999999;0.25;4.875;0.375;0.0;6.6625;17.0125;8
2026-10-14;3;287;0;climatology;;;;;;;2.7750000000000004;7.5600000000000005;0.5;4.625;0.375;0.0;7.5375000000000005;16.8375;8
2026-10-15;4;288;0;climatology;;;;;;;1.8375000000000001;5.599999999999999;0.25;1.875;0.0;0.0;6.425;16.775;8
2026-10-16;5;289;0;climatology;;;;;;;2.2125;5.81;0.375;7.375;0.5;0.125;6.5;15.4625;8
2026-10-17;6;290;0;climatology;;;;;;;1.525;3.6599999999999975;0.125;7.375;0.5;0.0;5.6125;15.275;8
2026-10-18;7;291;0;climatology;;;;;;;1.1;4.09;0.25;1.75;0.125;0.0;5.7625;16.1625;8
2026-10-19;1;292;0;climatology;;;;;;;0.7125;1.8499999999999999;0.375;2.75;0.25;0.0;5.725;14.8625;8
2026-10-20;2;293;0;climatology;;;;;;;0.9999999999999999;2.609999999999999;0.25;4.25;0.25;0.0;7.075;18.525;8
2026-10-21;3;294;0;climatology;;;;;;;0.9500000000000001;2.34;0.375;2.375;0.25;0.0;7.15;16.8875;8
2026-10-22;4;295;0;climatology;;;;;;;1.8625;5.1099999999999985;0.375;3.375;0.375;0.0;6.375;15.5375;8
2026-10-23;5;296;0;climatology;;;;;;;1.75;5.249999999999999;0.25;1.0;0.0;0.0;6.5125;17.5;8
2026-10-24;6;297;0;climatology;;;;;;;6.2124999999999995;15.339999999999996;0.625;6.875;0.375;0.125;7.1;14.5875;8
2026-10-25;7;298;0;climatology;;;;;;;1.825;5.81;0.375;6.75;0.375;0.0;6.925;14.575;8
2026-10-26;1;299;0;climatology;;;;;;;1.75;6.88;0.25;1.625;0.125;0.125;5.675;15.6375;8
2026-10-27;2;300;0;climatology;;;;;;;7.9375;18.81;0.5;4.25;0.375;0.25;5.275;14.200000000000001;8
2026-10-28;3;301;0;climatology;;;;;;;5.45;14.23;0.5;6.625;0.375;0.0;5.25;14.0;8
2026-10-29;4;302;0;climatology;;;;;;;2.3000000000000003;8.89;0.25;4.75;0.375;0.0;4.8;15.2875;8
2026-10-30;5;303;0;climatology;;;;;;;3.5;8.979999999999997;0.625;3.0;0.125;0.0;5.5;15.2375;8
2026-10-31;6;304;0;climatology;;;;;;;2.7125000000000004;7.199999999999999;0.375;4.25;0.375;0.0;5.65;14.325;8
2026-11-01;7;305;0;climatology;;;;;;;2.0;4.869999999999997;0.125;3.875;0.375;0.0;5.1875;15.0375;8
2026-11-02;1;306;0;climatology;;;;;;;4.8375;12.79;0.625;2.5;0.25;0.0;5.375;14.05;8
2026-11-03;2;307;0;climatology;;;;;;;2.2625;5.389999999999999;0.5;4.25;0.25;0.0;4.5125;12.1875;8
2026-11-04;3;308;0;climatology;;;;;;;5.7124999999999995;14.0;0.625;5.625;0.375;0.25;3.0999999999999996;12.275;8
2026-11-05;4;309;0;climatology;;;;;;;3.9875;9.199999999999996;0.5;6.125;0.375;0.125;3.0375;11.4625;8
2026-11-06;5;310;0;climatology;;;;;;;0.09999999999999999;0.2799999999999999;0.0;4.125;0.25;0.25;2.075;11.2875;8
2026-11-07;6;311;0;climatology;;;;;;;0.3375;0.8999999999999997;0.125;4.0;0.25;0.25;1.5875;11.924999999999999;8
2026-11-08;7;312;0;climatology;;;;;;;0.525;1.8599999999999999;0.25;7.875;0.625;0.25;2.0125;10.25;8
2026-11-09;1;313;0;climatology;;;;;;;1.6875;6.049999999999999;0.25;4.625;0.375;0.25;1.7875;10.35;8
2026-11-10;2;314;0;climatology;;;;;;;1.2375;3.7899999999999996;0.25;5.125;0.375;0.25;0.8624999999999999;10.3;8
2026-11-11;3;315;0;climatology;;;;;;;0.025;0.05999999999999997;0.0;3.125;0.125;0.25;0.7000000000000001;10.0625;8
2026-11-12;4;316;0;climatology;;;;;;;2.65;9.799999999999999;0.25;7.25;0.375;0.375;1.1375;9.5625;8
2026-11-13;5;317;0;climatology;;;;;;;4.225;15.85;0.375;7.125;0.5;0.25;1.4749999999999999;10.1;8
2026-11-14;6;318;0;climatology;;;;;;;4.75;11.739999999999995;0.375;7.875;0.5;0.25;2.7750000000000004;11.5375;8
2026-11-15;7;319;0;climatology;;;;;;;1.5875000000000001;5.91;0.25;7.125;0.5;0.125;3.1375;10.7875;8
2026-11-16;1;320;0;climatology;;;;;;;1.8625;5.1;0.375;7.75;0.5;0.375;1.0;8.9875;8
2026-11-17;2;321;0;climatology;;;;;;;7.0625;18.66;0.625;7.375;0.5;0.5;1.3375;8.5375;8
2026-11-18;3;322;0;climatology;;;;;;;1.7874999999999999;4.299999999999999;0.375;4.625;0.375;0.375;0.4875;7.825;8
2026-11-19;4;323;0;climatology;;;;;;;3.5125;8.77;0.5;5.125;0.375;0.625;0.09999999999999998;8.525;8
2026-11-20;5;324;0;climatology;;;;;;;1.2875;2.9699999999999998;0.5;4.0;0.125;0.5;0.5874999999999999;8.75;8
2026-11-21;6;325;0;climatology;;;;;;;5.0625;10.099999999999998;0.625;9.5;0.625;0.75;-0.6625;5.8625;8
2026-11-22;7;326;0;climatology;;;;;;;1.8875;4.189999999999999;0.5;10.375;0.5;0.75;-1.0875;5.05;8
2026-11-23;1;327;0;climatology;;;;;;;1.65;4.829999999999998;0.25;5.0;0.375;0.75;-2.4625000000000004;6.35;8
2026-11-24;2;328;0;climatology;;;;;;;3.1374999999999997;7.269999999999998;0.5;5.375;0.5;0.625;-0.17500000000000002;7.85;8
2026-11-25;3;329;0;climatology;;;;;;;3.475;9.679999999999998;0.375;7.375;0.5;0.875;-0.95;6.4750000000000005;8
2026-11-26;4;330;0;climatology;;;;;;;3.45;7.89;0.625;11.625;0.625;0.75;-0.32499999999999996;5.6125;8
2026-11-27;5;331;0;climatology;;;;;;;2.65;6.919999999999999;0.5;5.25;0.25;0.75;-2.0875;5.4875;8
2026-11-28;6;332;0;climatology;;;;;;;2.6500000000000004;8.87;0.375;3.0;0.25;0.75;-1.9625;5.8;8
2026-11-29;7;333;0;climatology;;;;;;;4.3;10.91;0.75;7.75;0.75;0.625;-1.7375;5.05;8
2026-11-30;1;334;0;climatology;;;;;;;2.95;7.929999999999999;0.5;10.5;0.5;0.875;-1.925;3.8625;8
2026-12-01;2;335;0;climatology;;;;;;;3.6875;9.039999999999996;0.5;10.625;0.5;0.75;-1.2750000000000001;4.9375;8
2026-12-02;3;336;0;climatology;;;;;;;4.5375;10.369999999999996;0.625;9.5;0.625;0.875;-1.9124999999999999;3.2750000000000004;8
2026-12-03;4;337;0;climatology;;;;;;;1.0375;3.3999999999999995;0.25;8.375;0.625;0.875;-3.5500000000000003;4.175;8
2026-12-04;5;338;0;climatology;;;;;;;3.8375;11.39;0.5;7.0;0.5;0.75;-3.15;3.575;8
2026-12-05;6;339;0;climatology;;;;;;;2.25;4.39;0.625;7.375;0.5;0.875;-2.1;5.1625000000000005;8
2026-12-06;7;340;0;climatology;;;;;;;2.9125;6.759999999999999;0.5;6.5;0.625;0.875;-1.7374999999999998;5.7;8
2026-12-07;1;341;0;climatology;;;;;;;5.9;14.659999999999998;0.625;6.625;0.375;0.875;-1.0875;5.4875;8
2026-12-08;2;342;0;climatology;;;;;;;2.75;6.199999999999998;0.625;4.0;0.375;0.75;-1.7000000000000002;6.1125;8
2026-12-09;3;343;0;climatology;;;;;;;5.1000000000000005;11.0;0.75;6.625;0.375;0.375;0.11249999999999999;5.6125;8
2026-12-10;4;344;0;climatology;;;;;;;5.0625;9.84;0.875;10.25;0.5;0.875;-1.1125;4.4375;8
2026-12-11;5;345;0;climatology;;;;;;;2.85;6.359999999999999;0.5;10.375;0.5;0.875;-1.1375;3.6;8
2026-12-12;6;346;0;climatology;;;;;;;2.5500000000000003;6.259999999999999;0.5;8.25;0.5;0.75;-2.7875;3.3375;8
2026-12-13;7;347;0;climatology;;;;;;;1.5625;4.869999999999999;0.25;6.5;0.375;0.75;-3.7;3.3625;8
2026-12-14;1;348;0;climatology;;;;;;;2.9875000000000003;9.040000000000001;0.5;13.375;0.75;0.875;-2.2125;3.9;8
2026-12-15;2;349;0;climatology;;;;;;;1.45;5.430000000000001;0.25;12.0;0.75;0.625;-1.775;4.5625;8
2026-12-16;3;350;0;climatology;;;;;;;0.975;2.5699999999999994;0.25;10.25;0.75;0.75;-1.175;4.9;8
2026-12-17;4;351;0;climatology;;;;;;;0.375;0.83;0.0;4.875;0.375;0.875;-2.3625;6.8375;8
2026-12-18;5;352;0;climatology;;;;;;;0.2;0.72;0.0;2.375;0.125;0.875;-2.6125;7.0625;8
2026-12-19;6;353;0;climatology;;;;;;;0.0;0.0;0.0;0.125;0.0;0.75;-2.7625;7.9375;8
2026-12-20;7;354;0;climatology;;;;;;;1.3375;3.84;0.375;4.875;0.25;0.875;-1.375;7.45;8
2026-12-21;1;355;0;climatology;;;;;;;3.2874999999999996;8.629999999999999;0.5;3.625;0.25;0.75;-1.4124999999999999;5.325;8
2026-12-22;2;356;0;climatology;;;;;;;5.1875;13.499999999999996;0.5;5.0;0.25;0.875;-0.975;5.9625;8
2026-12-23;3;357;0;climatology;;;;;;;7.1;12.81;0.875;9.625;0.5;0.5;1.1625;6.975;8
2026-12-24;4;358;0;climatology;;;;;;;5.3;13.279999999999998;0.875;7.75;0.5;0.375;2.4375;8.2;8
2026-12-25;5;359;0;climatology;;;;;;;9.3625;23.279999999999994;0.625;5.75;0.5;0.625;1.575;7.1875;8
2026-12-26;6;360;0;climatology;;;;;;;2.05;6.2299999999999995;0.375;6.375;0.5;0.625;-1.75;5.6875;8
2026-12-27;7;361;0;climatology;;;;;;;2.2750000000000004;5.829999999999999;0.375;5.125;0.25;0.75;-2.3625;4.7875;8
2026-12-28;1;362;0;climatology;;;;;;;0.5625;1.4699999999999995;0.125;2.0;0.125;0.875;-2.9125;5.2625;8
2026-12-29;2;363;0;climatology;;;;;;;1.7;5.739999999999998;0.25;3.0;0.25;0.625;-1.7125;6.375;8
2026-12-30;3;364;0;climatology;;;;;;;2.875;10.209999999999999;0.375;4.875;0.375;0.75;-0.9249999999999998;7.3875;8
2026-12-31;4;365;0;climatology;;;;;;;2.7;7.689999999999998;0.25;3.0;0.125;0.625;-1.1624999999999999;7.45;8
2027-01-01;5;1;0;climatology;;;;;;;0.375;0.96;0.125;1.25;0.125;0.625;-0.4375;8.75;8
2027-01-02;6;2;0;climatology;;;;;;;2.1624999999999996;7.199999999999999;0.375;1.625;0.125;0.75;-0.8375000000000001;7.2250000000000005;8
2027-01-03;7;3;0;climatology;;;;;;;2.8375;6.829999999999998;0.5;5.375;0.375;0.625;-0.875;6.625;8
2027-01-04;1;4;0;climatology;;;;;;;4.6375;11.379999999999999;0.5;6.625;0.5;0.375;-0.3375;5.7125;8
2027-01-05;2;5;0;climatology;;;;;;;5.8125;13.6;0.75;9.125;0.625;0.625;0.45000000000000007;5.7375;8
2027-01-06;3;6;0;climatology;;;;;;;5.9375;19.59;0.5;11.125;0.75;0.625;-0.43750000000000006;6.0;8
2027-01-07;4;7;0;climatology;;;;;;;4.062500000000001;10.759999999999998;0.5;8.0;0.375;0.75;-1.9125;4.1375;8
2027-01-08;5;8;0;climatology;;;;;;;1.4124999999999999;3.389999999999999;0.25;5.125;0.25;1.0;-2.85;3.9375;8
2027-01-09;6;9;0;climatology;;;;;;;2.4124999999999996;6.059999999999999;0.5;5.375;0.375;0.875;-2.175;5.425000000000001;8
2027-01-10;7;10;0;climatology;;;;;;;4.0375000000000005;10.589999999999996;0.375;7.5;0.625;0.875;-3.625;3.2;8
2027-01-11;1;11;0;climatology;;;;;;;1.2750000000000001;3.2099999999999995;0.5;8.5;0.625;1.0;-5.175;2.375;8
2027-01-12;2;12;0;climatology;;;;;;;1.2;4.42;0.25;8.375;0.5;0.875;-4.4;3.425;8
2027-01-13;3;13;0;climatology;;;;;;;3.4750000000000005;9.169999999999998;0.375;6.25;0.625;1.0;-3.425;3.775;8
2027-01-14;4;14;0;climatology;;;;;;;3.95;13.519999999999998;0.25;5.75;0.375;0.875;-4.125;5.15;8
2027-01-15;5;15;0;climatology;;;;;;;1.85;4.7299999999999995;0.375;6.0;0.375;1.0;-3.6875;4.5249999999999995;8
2027-01-16;6;16;0;climatology;;;;;;;2.5875;7.479999999999999;0.25;4.25;0.375;1.0;-4.05;5.575;8
2027-01-17;7;17;0;climatology;;;;;;;2.725;8.11;0.625;6.125;0.375;1.0;-3.525;5.0;8
2027-01-18;1;18;0;climatology;;;;;;;4.6125;9.68;0.75;7.875;0.625;1.0;-1.875;4.5;8
2027-01-19;2;19;0;climatology;;;;;;;3.1374999999999997;7.569999999999997;0.375;4.75;0.375;1.0;-4.675;3.6375;8
2027-01-20;3;20;0;climatology;;;;;;;1.3;3.65;0.375;3.375;0.25;1.0;-4.9;4.1625;8
2027-01-21;4;21;0;climatology;;;;;;;2.1125;7.63;0.375;6.125;0.5;0.875;-3.725;3.2125;8
2027-01-22;5;22;0;climatology;;;;;;;5.2;14.709999999999997;0.5;6.0;0.375;0.875;-4.1875;4.7625;8
2027-01-23;6;23;0;climatology;;;;;;;1.5875000000000001;3.3899999999999997;0.375;8.25;0.375;0.875;-2.9375;3.6875;8
2027-01-24;7;24;0;climatology;;;;;;;0.4875;1.3899999999999997;0.125;6.625;0.375;0.875;-2.9125;6.8875;8
2027-01-25;1;25;0;climatology;;;;;;;1.275;3.9899999999999993;0.25;6.625;0.375;0.625;-1.9625;6.3;8
2027-01-26;2;26;0;climatology;;;;;;;2.2;7.109999999999999;0.375;6.125;0.375;0.625;-1.7125;6.0625;8
2027-01-27;3;27;0;climatology;;;;;;;0.9500000000000001;2.8899999999999997;0.25;5.75;0.375;1.0;-3.0375;7.4;8
2027-01-28;4;28;0;climatology;;;;;;;5.225;12.87;0.75;8.0;0.5;0.875;-0.25;5.7875;8
2027-01-29;5;29;0;climatology;;;;;;;1.3375000000000001;4.61;0.25;1.5;0.125;0.75;-1.5;7.6;8
2027-01-30;6;30;0;climatology;;;;;;;1.8875;3.6999999999999997;0.625;6.125;0.375;0.625;-1.55;8.225;8
2027-01-31;7;31;0;climatology;;;;;;;2.6;6.47;0.5;8.375;0.5;0.75;-0.5;7.275;8
2027-02-01;1;32;0;climatology;;;;;;;2.925;7.359999999999999;0.5;8.125;0.5;0.75;0.22499999999999995;6.9625;8
2027-02-02;2;33;0;climatology;;;;;;;6.4125000000000005;13.539999999999997;0.75;9.5;0.625;0.625;2.175;6.55;8
2027-02-03;3;34;0;climatology;;;;;;;13.6625;40.55;0.75;11.0;0.75;0.375;1.6875;7.3625;8
2027-02-04;4;35;0;climatology;;;;;;;4.0875;11.399999999999999;0.625;7.0;0.5;0.75;-0.7625000000000001;6.7375;8
2027-02-05;5;36;0;climatology;;;;;;;0.8500000000000001;2.5199999999999996;0.375;2.625;0.25;0.75;-3.2375;6.2375;8
2027-02-06;6;37;0;climatology;;;;;;;0.25;0.7399999999999999;0.125;3.75;0.25;0.75;-3.875;6.45;8
2027-02-07;7;38;0;climatology;;;;;;;2.5374999999999996;6.259999999999998;0.375;3.75;0.25;0.75;-3.2125;5.3625;8
2027-02-08;1;39;0;climatology;;;;;;;1.2;3.55;0.375;3.875;0.375;0.875;-2.45;7.75;8
2027-02-09;2;40;0;climatology;;;;;;;0.2625;0.8399999999999999;0.125;2.25;0.125;0.875;-1.775;8.375;8
2027-02-10;3;41;0;climatology;;;;;;;1.7125;5.73;0.375;5.875;0.375;0.75;-1.225;8.4;8
2027-02-11;4;42;0;climatology;;;;;;;4.8125;8.760000000000002;0.75;5.0;0.5;0.875;-1.4874999999999998;5.0874999999999995;8
2027-02-12;5;43;0;climatology;;;;;;;1.5875;3.7;0.5;2.75;0.125;0.875;-2.225;5.425;8
2027-02-13;6;44;0;climatology;;;;;;;1.225;4.01;0.25;1.625;0.125;1.0;-3.525;6.4125000000000005;8
2027-02-14;7;45;0;climatology;;;;;;;0.7375;2.11;0.375;3.75;0.125;0.875;-3.6;7.1875;8
2027-02-15;1;46;0;climatology;;;;;;;1.6500000000000001;5.1899999999999995;0.25;3.625;0.375;0.75;-3.0250000000000004;8.1;8
2027-02-16;2;47;0;climatology;;;;;;;2.475;6.849999999999998;0.375;6.25;0.375;0.625;-1.175;9.6375;8
2027-02-17;3;48;0;climatology;;;;;;;3.6125000000000003;8.219999999999999;0.625;8.0;0.375;0.375;1.875;10.2875;8
2027-02-18;4;49;0;climatology;;;;;;;0.9;2.6399999999999992;0.25;4.875;0.375;0.5;0.5499999999999998;10.3875;8
2027-02-19;5;50;0;climatology;;;;;;;3.0875;6.739999999999999;0.5;5.125;0.375;0.5;-0.3749999999999999;8.1375;8
2027-02-20;6;51;0;climatology;;;;;;;1.5;3.379999999999999;0.375;5.875;0.375;0.5;-0.30000000000000004;10.725;8
2027-02-21;7;52;0;climatology;;;;;;;1.05;2.76;0.375;3.0;0.125;0.625;6.938893903907228e-18;10.8375;8
2027-02-22;1;53;0;climatology;;;;;;;2.7125;7.919999999999998;0.375;5.0;0.375;0.625;0.5624999999999999;10.575;8
2027-02-23;2;54;0;climatology;;;;;;;2.5375;7.009999999999998;0.375;5.625;0.375;0.375;0.6625000000000001;10.125;8
2027-02-24;3;55;0;climatology;;;;;;;2.8125;9.049999999999999;0.375;4.25;0.375;0.5;-0.55;10.9875;8
2027-02-25;4;56;0;climatology;;;;;;;3.3625;8.259999999999996;0.5;1.625;0.125;0.625;-0.7625;10.100000000000001;8
2027-02-26;5;57;0;climatology;;;;;;;3.075;7.859999999999999;0.5;7.375;0.5;0.75;-1.775;6.95;8
2027-02-27;6;58;0;climatology;;;;;;;1.675;4.469999999999999;0.25;8.0;0.375;0.875;-2.5625;5.7875;8
2027-02-28;7;59;0;climatology;;;;;;;0.825;2.6399999999999997;0.25;4.375;0.25;0.75;-4.025;6.4125;8
2027-03-01;1;60;0;climatology;;;;;;;0.975;2.459999999999999;0.125;5.0;0.5;0.75;-2.6875;7.6625;8
2027-03-02;2;61;0;climatology;;;;;;;1.0125;2.53;0.5;2.875;0.25;0.625;-2.3874999999999997;8.4375;8
2027-03-03;3;62;0;climatology;;;;;;;0.3625;0.9799999999999998;0.125;1.75;0.125;0.625;-1.2375;11.0625;8
2027-03-04;4;63;0;climatology;;;;;;;1.6625;4.469999999999999;0.25;2.875;0.25;0.75;-0.8749999999999999;11.299999999999999;8
2027-03-05;5;64;0;climatology;;;;;;;1.5625000000000002;4.419999999999999;0.25;6.0;0.375;0.75;-1.125;8.5375;8
2027-03-06;6;65;0;climatology;;;;;;;0.7000000000000001;2.09;0.25;6.375;0.5;0.875;-1.6125;9.05;8
2027-03-07;7;66;0;climatology;;;;;;;2.0625;5.31;0.5;4.75;0.25;0.625;-0.15000000000000008;8.8125;8
2027-03-08;1;67;0;climatology;;;;;;;1.8875;5.49;0.5;3.5;0.25;0.75;-0.5375;8.9125;8
2027-03-09;2;68;0;climatology;;;;;;;1.3499999999999999;3.6299999999999986;0.25;0.125;0.0;0.75;-1.05;12.0125;8
2027-03-10;3;69;0;climatology;;;;;;;1.9375;4.1;0.5;1.75;0.125;0.375;1.4125;11.3875;8
2027-03-11;4;70;0;climatology;;;;;;;2.35;5.609999999999998;0.375;2.125;0.125;0.625;0.5125;11.3875;8
2027-03-12;5;71;0;climatology;;;;;;;1.8125;4.8999999999999995;0.5;3.125;0.25;0.5;0.9624999999999999;11.5375;8
2027-03-13;6;72;0;climatology;;;;;;;3.4875;8.359999999999998;0.5;2.875;0.125;0.5;1.6375;12.7125;8
2027-03-14;7;73;0;climatology;;;;;;;7.3;12.099999999999998;0.875;6.375;0.5;0.5;2.1125;9.2125;8
2027-03-15;1;74;0;climatology;;;;;;;5.875;12.559999999999999;0.75;6.0;0.375;0.5;1.5;9.625;8
2027-03-16;2;75;0;climatology;;;;;;;4.325;9.369999999999997;0.75;6.5;0.375;0.375;1.2000000000000002;10.7375;8
2027-03-17;3;76;0;climatology;;;;;;;2.3375;6.050000000000001;0.5;5.0;0.375;0.625;0.8375;12.0375;8
2027-03-18;4;77;0;climatology;;;;;;;1.525;3.44;0.5;3.0;0.25;0.5;0.36250000000000016;9.475;8
2027-03-19;5;78;0;climatology;;;;;;;2.8125;7.35;0.625;6.25;0.375;0.625;-0.04999999999999999;9.0;8
2027-03-20;6;79;0;climatology;;;;;;;2.3625;6.539999999999999;0.375;4.625;0.375;0.625;-0.3499999999999999;10.0875;8
2027-03-21;7;80;0;climatology;;;;;;;0.6499999999999999;2.09;0.25;2.75;0.25;0.625;-0.7374999999999999;11.8625;8
2027-03-22;1;81;0;climatology;;;;;;;4.725;15.399999999999999;0.375;4.25;0.25;0.625;0.525;11.5375;8
2027-03-23;2;82;0;climatology;;;;;;;1.725;4.609999999999999;0.375;4.75;0.375;0.5;1.225;12.6125;8
2027-03-24;3;83;0;climatology;;;;;;;2.7375;7.649999999999999;0.375;1.25;0.0;0.5;0.48749999999999993;12.762500000000001;8
2027-03-25;4;84;0;climatology;;;;;;;1.175;3.16;0.375;1.75;0.125;0.625;0.95;11.4875;8
2027-03-26;5;85;0;climatology;;;;;;;1.2375;2.88;0.375;3.5;0.25;0.25;1.0625;10.925;8
2027-03-27;6;86;0;climatology;;;;;;;2.0625;5.09;0.625;6.625;0.375;0.5;0.5875;10.3375;8
2027-03-28;7;87;0;climatology;;;;;;;2.0125;6.01;0.375;2.125;0.125;0.375;0.5375;13.9625;8
2027-03-29;1;88;0;climatology;;;;;;;4.362500000000001;10.99;0.5;2.75;0.125;0.5;1.6375;13.8625;8
2027-03-30;2;89;0;climatology;;;;;;;1.675;4.6499999999999995;0.5;2.125;0.25;0.125;3.5;15.2375;8
2027-03-31;3;90;0;climatology;;;;;;;3.9625;9.1;0.625;6.375;0.5;0.375;3.0375;12.7625;8
2027-04-01;4;91;0;climatology;;;;;;;2.4875;5.97;0.5;4.75;0.25;0.25;2.5625;12.5625;8
2027-04-02;5;92;0;climatology;;;;;;;3.5124999999999997;11.819999999999999;0.375;5.0;0.375;0.5;1.225;12.299999999999999;8
2027-04-03;6;93;0;climatology;;;;;;;0.8625;2.55;0.25;6.375;0.375;0.375;1.8125;11.9375;8
2027-04-04;7;94;0;climatology;;;;;;;0.4625;1.5499999999999998;0.25;1.125;0.125;0.375;0.8750000000000001;12.975;8
2027-04-05;1;95;0;climatology;;;;;;;3.3249999999999997;7.369999999999998;0.625;4.875;0.25;0.375;2.1;13.1625;8
2027-04-06;2;96;0;climatology;;;;;;;1.6500000000000001;5.050000000000001;0.375;1.25;0.125;0.375;1.2875;12.7375;8
2027-04-07;3;97;0;climatology;;;;;;;0.825;1.8799999999999997;0.25;1.125;0.0;0.375;1.9375;14.825;8
2027-04-08;4;98;0;climatology;;;;;;;4.6625;10.609999999999998;0.5;5.25;0.5;0.25;3.575;14.3125;8
2027-04-09;5;99;0;climatology;;;;;;;1.3375;4.47;0.25;3.0;0.25;0.375;3.3375;16.4375;8
2027-04-10;6;100;0;climatology;;;;;;;1.7;4.329999999999999;0.375;2.75;0.25;0.375;3.925;15.2125;8
2027-04-11;7;101;0;climatology;;;;;;;2.1;5.85;0.375;2.625;0.125;0.125;4.55;14.9875;8
2027-04-12;1;102;0;climatology;;;;;;;2.5375;9.29;0.25;3.75;0.25;0.25;3.3125;16.0375;8
2027-04-13;2;103;0;climatology;;;;;;;3.5;10.219999999999999;0.375;2.0;0.125;0.125;3.8125;14.8875;8
2027-04-14;3;104;0;climatology;;;;;;;1.8875;5.159999999999998;0.25;3.625;0.25;0.25;4.1125;15.399999999999999;8
2027-04-15;4;105;0;climatology;;;;;;;2.375;6.32;0.5;4.0;0.25;0.125;4.725;14.5;8
2027-04-16;5;106;0;climatology;;;;;;;2.075;6.859999999999999;0.375;5.0;0.375;0.25;3.625;14.0625;8
2027-04-17;6;107;0;climatology;;;;;;;0.575;1.69;0.25;2.875;0.25;0.25;3.35;14.7375;8
2027-04-18;7;108;0;climatology;;;;;;;2.6;7.259999999999998;0.375;8.0;0.5;0.25;3.6625;14.2;8
2027-04-19;1;109;0;climatology;;;;;;;2.85;7.93;0.5;4.5;0.25;0.125;3.95;15.775;8
2027-04-20;2;110;0;climatology;;;;;;;2.475;5.869999999999999;0.5;4.625;0.25;0.25;4.324999999999999;16.45;8
2027-04-21;3;111;0;climatology;;;;;;;0.8875;2.6899999999999995;0.25;1.5;0.125;0.375;3.8375;16.7375;8
2027-04-22;4;112;0;climatology;;;;;;;2.8125;10.74;0.25;1.25;0.125;0.125;5.025;17.325;8
2027-04-23;5;113;0;climatology;;;;;;;2.3;5.469999999999999;0.5;3.75;0.25;0.125;5.8374999999999995;17.45;8
2027-04-24;6;114;0;climatology;;;;;;;4.0;7.779999999999999;0.625;4.875;0.25;0.0;6.0;15.9125;8
2027-04-25;7;115;0;climatology;;;;;;;2.5374999999999996;6.35;0.5;3.375;0.25;0.125;5.5;16.575;8
2027-04-26;1;116;0;climatology;;;;;;;4.3625;9.03;0.75;5.875;0.375;0.25;5.125;13.7875;8
2027-04-27;2;117;0;climatology;;;;;;;0.825;2.59;0.25;3.5;0.375;0.125;3.375;16.3125;8
2027-04-28;3;118;0;climatology;;;;;;;2.9375;7.589999999999997;0.375;0.625;0.0;0.0;5.25;17.3375;8
2027-04-29;4;119;0;climatology;;;;;;;2.475;7.0;0.5;2.75;0.25;0.0;7.2125;18.8375;8
2027-04-30;5;120;0;climatology;;;;;;;5.5;11.959999999999997;0.5;6.625;0.5;0.0;7.5625;16.7875;8
2027-05-01;6;121;0;climatology;;;;;;;2.9875;6.35;0.5;7.5;0.5;0.0;6.625;17.5375;8
2027-05-02;7;122;0;climatology;;;;;;;5.25;15.079999999999998;0.5;3.125;0.25;0.0;6.35;17.925;8
2027-05-03;1;123;0;climatology;;;;;;;2.8375;6.02;0.75;2.875;0.125;0.0;7.3875;16.925;8
2027-05-04;2;124;0;climatology;;;;;;;6.0249999999999995;11.319999999999999;0.75;5.875;0.5;0.0;6.1;15.925;8
2027-05-05;3;125;0;climatology;;;;;;;6.0125;12.809999999999999;0.875;6.0;0.25;0.125;6.2375;15.15;8
2027-05-06;4;126;0;climatology;;;;;;;3.4875000000000003;7.46;0.625;6.875;0.375;0.0;6.425;14.6875;8
2027-05-07;5;127;0;climatology;;;;;;;3.5875;9.139999999999999;0.5;3.875;0.25;0.0;6.125;15.775;8
2027-05-08;6;128;0;climatology;;;;;;;1.3125;3.23;0.375;3.625;0.5;0.125;5.925;16.6125;8
2027-05-09;7;129;0;climatology;;;;;;;4.612500000000001;14.349999999999998;0.25;3.375;0.125;0.0;6.9125000000000005;18.55;8
2027-05-10;1;130;0;climatology;;;;;;;4.4;10.159999999999995;0.5;3.875;0.25;0.0;8.7875;19.7875;8
2027-05-11;2;131;0;climatology;;;;;;;4.4875;15.03;0.375;4.625;0.25;0.0;8.637500000000001;19.4125;8
2027-05-12;3;132;0;climatology;;;;;;;8.65;29.639999999999997;0.375;6.5;0.25;0.125;7.125;17.725;8
2027-05-13;4;133;0;climatology;;;;;;;4.1875;9.84;0.625;6.125;0.375;0.125;7.55;16.1125;8
2027-05-14;5;134;0;climatology;;;;;;;3.8875;10.549999999999999;0.625;4.625;0.25;0.0;7.1375;16.9125;8
2027-05-15;6;135;0;climatology;;;;;;;5.675000000000001;11.7;0.625;8.375;0.5;0.0;7.875;16.0125;8
2027-05-16;7;136;0;climatology;;;;;;;8.7125;17.97;0.75;7.125;0.5;0.0;7.075;14.9875;8
2027-05-17;1;137;0;climatology;;;;;;;4.4;11.0;0.625;3.75;0.125;0.125;7.3375;16.7625;8
2027-05-18;2;138;0;climatology;;;;;;;3.725;10.269999999999998;0.5;2.625;0.25;0.0;7.95;17.425;8
2027-05-19;3;139;0;climatology;;;;;;;1.7000000000000002;5.83;0.375;2.0;0.25;0.0;7.1625;19.7;8
2027-05-20;4;140;0;climatology;;;;;;;5.15;12.379999999999995;0.625;1.25;0.125;0.0;8.925;20.375;8
2027-05-21;5;141;0;climatology;;;;;;;6.1;17.219999999999995;0.5;2.0;0.125;0.0;9.95;20.0375;8
2027-05-22;6;142;0;climatology;;;;;;;5.2;12.31;0.625;3.25;0.125;0.0;10.0375;18.6;8
2027-05-23;7;143;0;climatology;;;;;;;4.9875;11.419999999999998;0.625;1.625;0.125;0.0;9.4875;19.6625;8
2027-05-24;1;144;0;climatology;;;;;;;8.8;14.629999999999999;0.875;3.75;0.25;0.0;8.6875;18.1875;8
2027-05-25;2;145;0;climatology;;;;;;;3.2;6.77;0.75;4.0;0.375;0.0;8.55;17.9375;8
2027-05-26;3;146;0;climatology;;;;;;;4.425;11.559999999999999;0.5;1.125;0.0;0.0;9.4625;19.5125;8
2027-05-27;4;147;0;climatology;;;;;;;2.65;7.13;0.625;1.625;0.125;0.0;9.3375;19.2375;8
2027-05-28;5;148;0;climatology;;;;;;;6.9625;16.099999999999998;0.625;3.375;0.375;0.0;9.125;19.4375;8
2027-05-29;6;149;0;climatology;;;;;;;6.45;13.399999999999999;0.75;3.5;0.25;0.0;9.275;17.075;8
2027-05-30;7;150;0;climatology;;;;;;;0.41250000000000003;0.86;0.0;1.125;0.125;0.0;7.9625;19.4;8
2027-05-31;1;151;0;climatology;;;;;;;2.5625;8.439999999999998;0.25;1.0;0.0;0.0;8.875;21.0375;8
2027-06-01;2;152;0;climatology;;;;;;;3.35;8.849999999999998;0.375;2.25;0.125;0.0;9.8;20.875;8
2027-06-02;3;153;0;climatology;;;;;;;5.1375;12.649999999999995;0.375;2.25;0.125;0.0;10.35;21.5125;8
2027-06-03;4;154;0;climatology;;;;;;;3.6625;9.870000000000001;0.375;1.625;0.125;0.0;11.325000000000001;23.575;8
2027-06-04;5;155;0;climatology;;;;;;;4.775;11.539999999999996;0.125;2.25;0.125;0.0;11.8875;24.75;8
2027-06-05;6;156;0;climatology;;;;;;;5.775;14.309999999999999;0.625;2.0;0.0;0.0;13.2375;22.65;8
2027-06-06;7;157;0;climatology;;;;;;;4.475;12.179999999999996;0.375;2.875;0.25;0.0;11.95;22.2375;8
2027-06-07;1;158;0;climatology;;;;;;;7.25;20.49;0.625;1.875;0.25;0.0;12.1;21.6;8
2027-06-08;2;159;0;climatology;;;;;;;4.55;11.68;0.625;2.5;0.125;0.0;12.425;21.0625;8
2027-06-09;3;160;0;climatology;;;;;;;4.425;11.109999999999998;0.625;1.375;0.0;0.0;11.525;21.4125;8
2027-06-10;4;161;0;climatology;;;;;;;4.7875;12.12;0.5;2.75;0.125;0.0;12.2625;21.975;8
2027-06-11;5;162;0;climatology;;;;;;;3.5625;8.149999999999999;0.5;3.875;0.25;0.0;12.9375;22.675;8
2027-06-12;6;163;0;climatology;;;;;;;2.9125;7.019999999999998;0.375;3.75;0.25;0.0;12.325;22.0625;8
2027-06-13;7;164;0;climatology;;;;;;;9.6;26.029999999999994;0.5;5.0;0.125;0.0;11.7875;21.7875;8
2027-06-14;1;165;0;climatology;;;;;;;1.1125;3.57;0.25;2.0;0.125;0.0;10.725;23.5;8
2027-06-15;2;166;0;climatology;;;;;;;1.925;5.13;0.375;2.125;0.125;0.0;11.924999999999999;23.625;8
2027-06-16;3;167;0;climatology;;;;;;;10.275;21.279999999999998;0.75;3.875;0.125;0.0;12.1625;21.2375;8
2027-06-17;4;168;0;climatology;;;;;;;1.625;4.659999999999999;0.375;1.875;0.125;0.0;13.075;23.625;8
2027-06-18;5;169;0;climatology;;;;;;;1.5125000000000002;4.63;0.375;0.25;0.0;0.0;12.575;26.2125;8
2027-06-19;6;170;0;climatology;;;;;;;0.0125;0.029999999999999985;0.0;0.5;0.0;0.0;14.55;27.2625;8
2027-06-20;7;171;0;climatology;;;;;;;2.625;7.93;0.375;0.625;0.0;0.0;15.55;26.3375;8
2027-06-21;1;172;0;climatology;;;;;;;2.7125;6.369999999999999;0.5;1.75;0.125;0.0;15.1125;25.2875;8
2027-06-22;2;173;0;climatology;;;;;;;5.699999999999999;11.139999999999999;0.875;2.0;0.125;0.0;14.1875;25.2875;8
2027-06-23;3;174;0;climatology;;;;;;;2.825;5.369999999999999;0.75;3.125;0.25;0.0;14.075;23.475;8
2027-06-24;4;175;0;climatology;;;;;;;4.325;13.65;0.625;5.5;0.375;0.0;14.15;23.525;8
2027-06-25;5;176;0;climatology;;;;;;;2.1;6.43;0.375;1.375;0.125;0.0;13.2125;25.125;8
2027-06-26;6;177;0;climatology;;;;;;;1.6625;4.819999999999999;0.25;0.0;0.0;0.0;13.5375;26.6625;8
2027-06-27;7;178;0;climatology;;;;;;;2.7375;6.68;0.5;1.0;0.125;0.0;14.7625;25.8375;8
2027-06-28;1;179;0;climatology;;;;;;;5.9375;13.95;0.625;2.75;0.25;0.0;14.575;24.3875;8
2027-06-29;2;180;0;climatology;;;;;;;4.6625;12.129999999999999;0.625;2.25;0.25;0.0;14.4625;26.25;8
2027-06-30;3;181;0;climatology;;;;;;;6.9;17.479999999999997;0.375;0.75;0.0;0.0;14.8;26.125;8
2027-07-01;4;182;0;climatology;;;;;;;4.5375;8.629999999999999;0.625;3.0;0.25;0.0;14.575;24.1;8
2027-07-02;5;183;0;climatology;;;;;;;3.4625;9.959999999999997;0.375;1.75;0.125;0.0;13.8;23.9;8
2027-07-03;6;184;0;climatology;;;;;;;2.0999999999999996;5.9399999999999995;0.375;0.875;0.0;0.0;14.0375;24.4875;8
2027-07-04;7;185;0;climatology;;;;;;;5.925;12.629999999999999;0.625;2.75;0.25;0.0;14.625;22.9;8
2027-07-05;1;186;0;climatology;;;;;;;3.3125;8.779999999999998;0.5;0.25;0.0;0.0;13.425;24.5875;8
2027-07-06;2;187;0;climatology;;;;;;;5.5125;13.129999999999995;0.5;2.75;0.25;0.0;13.9125;25.325;8
2027-07-07;3;188;0;climatology;;;;;;;6.7;15.189999999999998;0.875;1.375;0.0;0.0;14.475;23.0;8
2027-07-08;4;189;0;climatology;;;;;;;7.775;21.080000000000002;0.625;5.0;0.5;0.0;13.1;20.3625;8
2027-07-09;5;190;0;climatology;;;;;;;1.3125;5.03;0.25;2.375;0.25;0.0;11.75;22.425;8
2027-07-10;6;191;0;climatology;;;;;;;0.925;2.7800000000000002;0.25;2.125;0.125;0.0;12.85;23.775;8
2027-07-11;7;192;0;climatology;;;;;;;5.8125;13.6;0.75;2.25;0.125;0.0;13.9125;24.125;8
2027-07-12;1;193;0;climatology;;;;;;;5.95;16.039999999999996;0.5;1.625;0.125;0.0;13.4375;23.7375;8
2027-07-13;2;194;0;climatology;;;;;;;3.7;11.35;0.5;0.625;0.0;0.0;13.3;23.2375;8
2027-07-14;3;195;0;climatology;;;;;;;5.262499999999999;12.589999999999996;0.5;1.25;0.125;0.0;13.2625;23.4375;8
2027-07-15;4;196;0;climatology;;;;;;;3.1500000000000004;7.859999999999998;0.375;1.375;0.125;0.0;13.6;23.9375;8
2027-07-16;5;197;0;climatology;;;;;;;3.2375;8.229999999999999;0.625;0.875;0.0;0.0;14.475;24.2625;8
2027-07-17;6;198;0;climatology;;;;;;;7.8625;16.95;0.625;2.5;0.25;0.0;14.4875;23.075;8
2027-07-18;7;199;0;climatology;;;;;;;5.775;17.18;0.375;4.0;0.375;0.0;14.6125;24.1125;8
2027-07-19;1;200;0;climatology;;;;;;;1.625;5.27;0.375;1.0;0.0;0.0;13.7625;26.1375;8
2027-07-20;2;201;0;climatology;;;;;;;1.7;6.1499999999999995;0.25;0.625;0.0;0.0;15.1;27.5125;8
2027-07-21;3;202;0;climatology;;;;;;;7.225;16.58;0.75;1.5;0.0;0.0;15.5625;23.9125;8
2027-07-22;4;203;0;climatology;;;;;;;5.4125;15.259999999999996;0.5;1.5;0.125;0.0;14.175;25.2125;8
2027-07-23;5;204;0;climatology;;;;;;;3.8625;8.029999999999998;0.625;1.25;0.0;0.0;15.05;25.9875;8
2027-07-24;6;205;0;climatology;;;;;;;2.6;5.369999999999999;0.625;1.0;0.125;0.0;15.5;25.9125;8
2027-07-25;7;206;0;climatology;;;;;;;3.95;7.969999999999999;0.625;2.0;0.25;0.0;15.3875;25.2875;8
2027-07-26;1;207;0;climatology;;;;;;;4.3;10.399999999999999;0.5;2.25;0.125;0.0;14.6875;23.775;8
2027-07-27;2;208;0;climatology;;;;;;;3.5250000000000004;12.43;0.375;1.125;0.125;0.0;14.3;24.55;8
2027-07-28;3;209;0;climatology;;;;;;;5.525;19.07;0.375;1.625;0.125;0.0;14.4625;24.3375;8
2027-07-29;4;210;0;climatology;;;;;;;8.975;20.039999999999992;0.75;4.125;0.25;0.0;15.2;24.2125;8
2027-07-30;5;211;0;climatology;;;;;;;4.175000000000001;9.83;0.625;0.125;0.0;0.0;14.924999999999999;24.65;8
2027-07-31;6;212;0;climatology;;;;;;;1.725;5.3;0.375;1.375;0.125;0.0;14.1875;24.7375;8
2027-08-01;7;213;0;climatology;;;;;;;3.8125;11.56;0.375;1.0;0.125;0.0;15.125;25.2375;8
2027-08-02;1;214;0;climatology;;;;;;;3.325;7.929999999999998;0.75;0.5;0.0;0.0;14.7375;24.837500000000002;8
2027-08-03;2;215;0;climatology;;;;;;;5.6;12.59;0.75;0.75;0.0;0.0;14.975000000000001;23.75;8
2027-08-04;3;216;0;climatology;;;;;;;10.05;26.009999999999994;0.625;2.125;0.25;0.0;14.5625;23.025;8
2027-08-05;4;217;0;climatology;;;;;;;14.6625;34.02999999999999;0.75;4.0;0.25;0.0;13.8875;23.4125;8
2027-08-06;5;218;0;climatology;;;;;;;2.25;5.2299999999999995;0.75;2.625;0.125;0.0;13.975;22.675;8
2027-08-07;6;219;0;climatology;;;;;;;3.8875;13.37;0.375;1.75;0.125;0.0;12.9875;24.7375;8
2027-08-08;7;220;0;climatology;;;;;;;2.3625000000000003;6.299999999999997;0.25;0.0;0.0;0.0;14.0;25.425;8
2027-08-09;1;221;0;climatology;;;;;;;2.5625;8.209999999999997;0.25;0.625;0.0;0.0;13.5875;26.400000000000002;8
2027-08-10;2;222;0;climatology;;;;;;;6.65;18.529999999999994;0.375;1.125;0.0;0.0;14.3875;25.2375;8
2027-08-11;3;223;0;climatology;;;;;;;0.17500000000000002;0.45999999999999974;0.125;0.0;0.0;0.0;14.175;26.0875;8
2027-08-12;4;224;0;climatology;;;;;;;3.8375;9.329999999999995;0.125;1.625;0.125;0.0;14.0375;26.9375;8
2027-08-13;5;225;0;climatology;;;;;;;2.725;6.869999999999997;0.375;0.0;0.0;0.0;15.325;27.55;8
2027-08-14;6;226;0;climatology;;;;;;;2.7750000000000004;6.25;0.625;0.25;0.0;0.0;15.725;26.95;8
2027-08-15;7;227;0;climatology;;;;;;;3.2375;5.7299999999999995;0.875;0.0;0.0;0.0;15.575;26.775;8
2027-08-16;1;228;0;climatology;;;;;;;5.0625;12.229999999999997;0.5;0.25;0.0;0.0;14.775;25.8125;8
2027-08-17;2;229;0;climatology;;;;;;;3.9000000000000004;8.91;0.5;2.5;0.25;0.0;14.3625;25.6625;8
2027-08-18;3;230;0;climatology;;;;;;;2.3875;6.499999999999999;0.5;1.25;0.125;0.0;15.4875;25.0125;8
2027-08-19;4;231;0;climatology;;;;;;;5.625;18.080000000000002;0.5;1.375;0.125;0.0;14.975;24.4625;8
2027-08-20;5;232;0;climatology;;;;;;;13.5375;33.44;0.625;5.5;0.375;0.0;14.987499999999999;23.275;8
2027-08-21;6;233;0;climatology;;;;;;;5.3125;16.959999999999997;0.375;3.375;0.25;0.0;14.5;24.2;8
2027-08-22;7;234;0;climatology;;;;;;;3.8625;11.189999999999998;0.375;2.5;0.25;0.0;14.9875;24.875;8
2027-08-23;1;235;0;climatology;;;;;;;2.8249999999999997;7.8999999999999995;0.5;3.875;0.25;0.0;14.737499999999999;23.0375;8
2027-08-24;2;236;0;climatology;;;;;;;2.575;8.579999999999998;0.25;2.75;0.125;0.0;13.35;23.8375;8
2027-08-25;3;237;0;climatology;;;;;;;2.8375;8.129999999999997;0.25;1.375;0.125;0.0;13.225;23.4125;8
2027-08-26;4;238;0;climatology;;;;;;;9.9375;29.53;0.625;1.5;0.0;0.0;12.4;22.5875;8
2027-08-27;5;239;0;climatology;;;;;;;5.375;13.359999999999998;0.5;2.75;0.125;0.0;13.0625;22.125;8
2027-08-28;6;240;0;climatology;;;;;;;8.9125;26.919999999999998;0.5;5.75;0.375;0.0;13.2;21.45;8
2027-08-29;7;241;0;climatology;;;;;;;8.8625;19.1;0.625;4.0;0.25;0.0;13.0875;21.9875;8
2027-08-30;1;242;0;climatology;;;;;;;11.3875;34.739999999999995;0.5;3.0;0.25;0.0;12.825;20.5375;8
2027-08-31;2;243;0;climatology;;;;;;;6.4125000000000005;15.649999999999999;0.625;3.75;0.25;0.0;12.6125;20.3875;8
2027-09-01;3;244;0;climatology;;;;;;;3.4875;10.809999999999997;0.25;3.625;0.125;0.0;12.25;21.3125;8
2027-09-02;4;245;0;climatology;;;;;;;5.1125;13.709999999999999;0.625;2.0;0.125;0.0;11.2625;20.2125;8
2027-09-03;5;246;0;climatology;;;;;;;2.4;6.8199999999999985;0.375;0.375;0.0;0.0;11.0;21.3125;8
2027-09-04;6;247;0;climatology;;;;;;;2.425;6.239999999999998;0.375;1.25;0.125;0.0;11.175;22.6375;8
2027-09-05;7;248;0;climatology;;;;;;;4.7;18.49;0.25;0.875;0.125;0.0;11.3125;22.2625;8
2027-09-06;1;249;0;climatology;;;;;;;0.7000000000000001;2.36;0.25;2.875;0.25;0.0;11.15;23.425;8
2027-09-07;2;250;0;climatology;;;;;;;4.675;10.829999999999998;0.5;4.375;0.375;0.0;12.3625;20.975;8
2027-09-08;3;251;0;climatology;;;;;;;3.8625;13.18;0.375;2.0;0.125;0.0;10.8875;21.275;8
2027-09-09;4;252;0;climatology;;;;;;;3.3499999999999996;8.919999999999998;0.5;2.375;0.125;0.0;11.1875;21.6375;8
2027-09-10;5;253;0;climatology;;;;;;;5.6125;14.399999999999999;0.5;2.125;0.125;0.0;11.125;20.95;8
2027-09-11;6;254;0;climatology;;;;;;;5.275;13.649999999999999;0.5;1.375;0.0;0.0;11.9625;21.425;8
2027-09-12;7;255;0;climatology;;;;;;;0.9125;2.4799999999999995;0.125;0.75;0.0;0.0;11.85;22.3375;8
2027-09-13;1;256;0;climatology;;;;;;;4.1875;14.939999999999998;0.25;1.25;0.125;0.0;11.45;21.3;8
2027-09-14;2;257;0;climatology;;;;;;;8.8125;21.749999999999996;0.625;3.375;0.25;0.0;11.925;20.9;8
2027-09-15;3;258;0;climatology;;;;;;;6.799999999999999;17.71999999999999;0.375;4.5;0.25;0.0;11.6375;21.05;8
2027-09-16;4;259;0;climatology;;;;;;;4.8375;12.339999999999998;0.5;5.0;0.375;0.0;12.125;20.6;8
2027-09-17;5;260;0;climatology;;;;;;;5.9875;15.279999999999996;0.5;5.625;0.25;0.0;11.2375;18.8;8
2027-09-18;6;261;0;climatology;;;;;;;3.225;7.73;0.5;3.75;0.375;0.0;10.6;19.925;8
2027-09-19;7;262;0;climatology;;;;;;;2.1875;8.129999999999999;0.25;2.625;0.25;0.0;8.637500000000001;19.2;8
2027-09-20;1;263;0;climatology;;;;;;;1.8125;7.23;0.25;3.375;0.125;0.0;8.4875;19.775;8
2027-09-21;2;264;0;climatology;;;;;;;0.75;2.8200000000000003;0.25;3.0;0.125;0.0;8.5625;20.9375;8
2027-09-22;3;265;0;climatology;;;;;;;2.9375;7.3799999999999955;0.375;3.125;0.25;0.0;9.05;18.3625;8
2027-09-23;4;266;0;climatology;;;;;;;3.3249999999999997;10.069999999999999;0.625;4.5;0.25;0.0;9.1125;19.05;8
2027-09-24;5;267;0;climatology;;;;;;;3.6625;9.9;0.5;3.875;0.125;0.0;9.4;17.075;8
2027-09-25;6;268;0;climatology;;;;;;;2.8;6.779999999999999;0.625;1.5;0.125;0.0;8.725;17.4625;8
2027-09-26;7;269;0;climatology;;;;;;;4.95;12.239999999999995;0.375;2.75;0.125;0.0;8.1;17.9;8
2027-09-27;1;270;0;climatology;;;;;;;6.15;13.419999999999998;0.75;4.375;0.375;0.0;9.2625;17.675;8
2027-09-28;2;271;0;climatology;;;;;;;6.125;17.519999999999996;0.5;4.0;0.375;0.0;9.15;17.6625;8
2027-09-29;3;272;0;climatology;;;;;;;4.0625;7.92;0.625;4.5;0.375;0.0;7.824999999999999;15.6875;8
2027-09-30;4;273;0;climatology;;;;;;;2.675;6.549999999999998;0.375;7.25;0.5;0.0;8.15;15.4875;8
2027-10-01;5;274;0;climatology;;;;;;;4.2875000000000005;12.779999999999998;0.375;2.625;0.25;0.0;6.575;16.45;8
2027-10-02;6;275;0;climatology;;;;;;;9.9375;28.789999999999996;0.5;2.75;0.125;0.0;7.325;17.15;8
2027-10-03;7;276;0;climatology;;;;;;;2.3125;6.39;0.5;4.625;0.375;0.0;7.5249999999999995;17.3875;8
2027-10-04;1;277;0;climatology;;;;;;;2.8625000000000003;5.86;0.625;2.375;0.125;0.0;5.7125;16.9625;8
2027-10-05;2;278;0;climatology;;;;;;;6.225;15.519999999999998;0.5;5.875;0.375;0.0;6.6375;15.225;8
2027-10-06;3;279;0;climatology;;;;;;;3.875;8.84;0.625;6.0;0.375;0.0;7.125;14.6625;8
2027-10-07;4;280;0;climatology;;;;;;;3.7125000000000004;9.569999999999997;0.625;7.5;0.5;0.0;7.1375;14.775;8
2027-10-08;5;281;0;climatology;;;;;;;2.0375;7.659999999999999;0.25;3.0;0.125;0.0;8.05;17.2;8
2027-10-09;6;282;0;climatology;;;;;;;3.4;9.169999999999998;0.5;5.125;0.25;0.0;7.9375;17.375;8
2027-10-10;7;283;0;climatology;;;;;;;1.05;3.3199999999999994;0.25;3.125;0.125;0.0;7.4875;18.2125;8
2027-10-11;1;284;0;climatology;;;;;;;2.2;6.85;0.375;2.25;0.125;0.125;7.55;18.325;8
2027-10-12;2;285;0;climatology;;;;;;;1.35;4.15;0.375;3.625;0.375;0.0;7.625;16.6;8
2027-10-13;3;286;0;climatology;;;;;;;1.7750000000000001;5.149999999999999;0.25;4.875;0.375;0.0;6.6625;17.0125;8
2027-10-14;4;287;0;climatology;;;;;;;2.7750000000000004;7.5600000000000005;0.5;4.625;0.375;0.0;7.5375000000000005;16.8375;8
2027-10-15;5;288;0;climatology;;;;;;;1.8375000000000001;5.599999999999999;0.25;1.875;0.0;0.0;6.425;16.775;8
2027-10-16;6;289;0;climatology;;;;;;;2.2125;5.81;0.375;7.375;0.5;0.125;6.5;15.4625;8
2027-10-17;7;290;0;climatology;;;;;;;1.525;3.6599999999999975;0.125;7.375;0.5;0.0;5.6125;15.275;8
2027-10-18;1;291;0;climatology;;;;;;;1.1;4.09;0.25;1.75;0.125;0.0;5.7625;16.1625;8
2027-10-19;2;292;0;climatology;;;;;;;0.7125;1.8499999999999999;0.375;2.75;0.25;0.0;5.725;14.8625;8
2027-10-20;3;293;0;climatology;;;;;;;0.9999999999999999;2.609999999999999;0.25;4.25;0.25;0.0;7.075;18.525;8
2027-10-21;4;294;0;climatology;;;;;;;0.9500000000000001;2.34;0.375;2.375;0.25;0.0;7.15;16.8875;8
2027-10-22;5;295;0;climatology;;;;;;;1.8625;5.1099999999999985;0.375;3.375;0.375;0.0;6.375;15.5375;8
2027-10-23;6;296;0;climatology;;;;;;;1.75;5.249999999999999;0.25;1.0;0.0;0.0;6.5125;17.5;8
2027-10-24;7;297;0;climatology;;;;;;;6.2124999999999995;15.339999999999996;0.625;6.875;0.375;0.125;7.1;14.5875;8
2027-10-25;1;298;0;climatology;;;;;;;1.825;5.81;0.375;6.75;0.375;0.0;6.925;14.575;8
2027-10-26;2;299;0;climatology;;;;;;;1.75;6.88;0.25;1.625;0.125;0.125;5.675;15.6375;8
2027-10-27;3;300;0;climatology;;;;;;;7.9375;18.81;0.5;4.25;0.375;0.25;5.275;14.200000000000001;8
2027-10-28;4;301;0;climatology;;;;;;;5.45;14.23;0.5;6.625;0.375;0.0;5.25;14.0;8
2027-10-29;5;302;0;climatology;;;;;;;2.3000000000000003;8.89;0.25;4.75;0.375;0.0;4.8;15.2875;8
2027-10-30;6;303;0;climatology;;;;;;;3.5;8.979999999999997;0.625;3.0;0.125;0.0;5.5;15.2375;8
2027-10-31;7;304;0;climatology;;;;;;;2.7125000000000004;7.199999999999999;0.375;4.25;0.375;0.0;5.65;14.325;8
2027-11-01;1;305;0;climatology;;;;;;;2.0;4.869999999999997;0.125;3.875;0.375;0.0;5.1875;15.0375;8
2027-11-02;2;306;0;climatology;;;;;;;4.8375;12.79;0.625;2.5;0.25;0.0;5.375;14.05;8
2027-11-03;3;307;0;climatology;;;;;;;2.2625;5.389999999999999;0.5;4.25;0.25;0.0;4.5125;12.1875;8
2027-11-04;4;308;0;climatology;;;;;;;5.7124999999999995;14.0;0.625;5.625;0.375;0.25;3.0999999999999996;12.275;8
2027-11-05;5;309;0;climatology;;;;;;;3.9875;9.199999999999996;0.5;6.125;0.375;0.125;3.0375;11.4625;8
2027-11-06;6;310;0;climatology;;;;;;;0.09999999999999999;0.2799999999999999;0.0;4.125;0.25;0.25;2.075;11.2875;8
2027-11-07;7;311;0;climatology;;;;;;;0.3375;0.8999999999999997;0.125;4.0;0.25;0.25;1.5875;11.924999999999999;8
2027-11-08;1;312;0;climatology;;;;;;;0.525;1.8599999999999999;0.25;7.875;0.625;0.25;2.0125;10.25;8
2027-11-09;2;313;0;climatology;;;;;;;1.6875;6.049999999999999;0.25;4.625;0.375;0.25;1.7875;10.35;8
2027-11-10;3;314;0;climatology;;;;;;;1.2375;3.7899999999999996;0.25;5.125;0.375;0.25;0.8624999999999999;10.3;8
2027-11-11;4;315;0;climatology;;;;;;;0.025;0.05999999999999997;0.0;3.125;0.125;0.25;0.7000000000000001;10.0625;8
2027-11-12;5;316;0;climatology;;;;;;;2.65;9.799999999999999;0.25;7.25;0.375;0.375;1.1375;9.5625;8
2027-11-13;6;317;0;climatology;;;;;;;4.225;15.85;0.375;7.125;0.5;0.25;1.4749999999999999;10.1;8
2027-11-14;7;318;0;climatology;;;;;;;4.75;11.739999999999995;0.375;7.875;0.5;0.25;2.7750000000000004;11.5375;8
2027-11-15;1;319;0;climatology;;;;;;;1.5875000000000001;5.91;0.25;7.125;0.5;0.125;3.1375;10.7875;8
2027-11-16;2;320;0;climatology;;;;;;;1.8625;5.1;0.375;7.75;0.5;0.375;1.0;8.9875;8
2027-11-17;3;321;0;climatology;;;;;;;7.0625;18.66;0.625;7.375;0.5;0.5;1.3375;8.5375;8
2027-11-18;4;322;0;climatology;;;;;;;1.7874999999999999;4.299999999999999;0.375;4.625;0.375;0.375;0.4875;7.825;8
2027-11-19;5;323;0;climatology;;;;;;;3.5125;8.77;0.5;5.125;0.375;0.625;0.09999999999999998;8.525;8
2027-11-20;6;324;0;climatology;;;;;;;1.2875;2.9699999999999998;0.5;4.0;0.125;0.5;0.5874999999999999;8.75;8
2027-11-21;7;325;0;climatology;;;;;;;5.0625;10.099999999999998;0.625;9.5;0.625;0.75;-0.6625;5.8625;8
2027-11-22;1;326;0;climatology;;;;;;;1.8875;4.189999999999999;0.5;10.375;0.5;0.75;-1.0875;5.05;8
2027-11-23;2;327;0;climatology;;;;;;;1.65;4.829999999999998;0.25;5.0;0.375;0.75;-2.4625000000000004;6.35;8
2027-11-24;3;328;0;climatology;;;;;;;3.1374999999999997;7.269999999999998;0.5;5.375;0.5;0.625;-0.17500000000000002;7.85;8
2027-11-25;4;329;0;climatology;;;;;;;3.475;9.679999999999998;0.375;7.375;0.5;0.875;-0.95;6.4750000000000005;8
2027-11-26;5;330;0;climatology;;;;;;;3.45;7.89;0.625;11.625;0.625;0.75;-0.32499999999999996;5.6125;8
2027-11-27;6;331;0;climatology;;;;;;;2.65;6.919999999999999;0.5;5.25;0.25;0.75;-2.0875;5.4875;8
2027-11-28;7;332;0;climatology;;;;;;;2.6500000000000004;8.87;0.375;3.0;0.25;0.75;-1.9625;5.8;8
2027-11-29;1;333;0;climatology;;;;;;;4.3;10.91;0.75;7.75;0.75;0.625;-1.7375;5.05;8
2027-11-30;2;334;0;climatology;;;;;;;2.95;7.929999999999999;0.5;10.5;0.5;0.875;-1.925;3.8625;8
2027-12-01;3;335;0;climatology;;;;;;;3.6875;9.039999999999996;0.5;10.625;0.5;0.75;-1.2750000000000001;4.9375;8
2027-12-02;4;336;0;climatology;;;;;;;4.5375;10.369999999999996;0.625;9.5;0.625;0.875;-1.9124999999999999;3.2750000000000004;8
2027-12-03;5;337;0;climatology;;;;;;;1.0375;3.3999999999999995;0.25;8.375;0.625;0.875;-3.5500000000000003;4.175;8
2027-12-04;6;338;0;climatology;;;;;;;3.8375;11.39;0.5;7.0;0.5;0.75;-3.15;3.575;8
2027-12-05;7;339;0;climatology;;;;;;;2.25;4.39;0.625;7.375;0.5;0.875;-2.1;5.1625000000000005;8
2027-12-06;1;340;0;climatology;;;;;;;2.9125;6.759999999999999;0.5;6.5;0.625;0.875;-1.7374999999999998;5.7;8
2027-12-07;2;341;0;climatology;;;;;;;5.9;14.659999999999998;0.625;6.625;0.375;0.875;-1.0875;5.4875;8
2027-12-08;3;342;0;climatology;;;;;;;2.75;6.199999999999998;0.625;4.0;0.375;0.75;-1.7000000000000002;6.1125;8
2027-12-09;4;343;0;climatology;;;;;;;5.1000000000000005;11.0;0.75;6.625;0.375;0.375;0.11249999999999999;5.6125;8
2027-12-10;5;344;0;climatology;;;;;;;5.0625;9.84;0.875;10.25;0.5;0.875;-1.1125;4.4375;8
2027-12-11;6;345;0;climatology;;;;;;;2.85;6.359999999999999;0.5;10.375;0.5;0.875;-1.1375;3.6;8
2027-12-12;7;346;0;climatology;;;;;;;2.5500000000000003;6.259999999999999;0.5;8.25;0.5;0.75;-2.7875;3.3375;8
2027-12-13;1;347;0;climatology;;;;;;;1.5625;4.869999999999999;0.25;6.5;0.375;0.75;-3.7;3.3625;8
2027-12-14;2;348;0;climatology;;;;;;;2.9875000000000003;9.040000000000001;0.5;13.375;0.75;0.875;-2.2125;3.9;8
2027-12-15;3;349;0;climatology;;;;;;;1.45;5.430000000000001;0.25;12.0;0.75;0.625;-1.775;4.5625;8
2027-12-16;4;350;0;climatology;;;;;;;0.975;2.5699999999999994;0.25;10.25;0.75;0.75;-1.175;4.9;8
2027-12-17;5;351;0;climatology;;;;;;;0.375;0.83;0.0;4.875;0.375;0.875;-2.3625;6.8375;8
2027-12-18;6;352;0;climatology;;;;;;;0.2;0.72;0.0;2.375;0.125;0.875;-2.6125;7.0625;8
2027-12-19;7;353;0;climatology;;;;;;;0.0;0.0;0.0;0.125;0.0;0.75;-2.7625;7.9375;8
2027-12-20;1;354;0;climatology;;;;;;;1.3375;3.84;0.375;4.875;0.25;0.875;-1.375;7.45;8
2027-12-21;2;355;0;climatology;;;;;;;3.2874999999999996;8.629999999999999;0.5;3.625;0.25;0.75;-1.4124999999999999;5.325;8
2027-12-22;3;356;0;climatology;;;;;;;5.1875;13.499999999999996;0.5;5.0;0.25;0.875;-0.975;5.9625;8
2027-12-23;4;357;0;climatology;;;;;;;7.1;12.81;0.875;9.625;0.5;0.5;1.1625;6.975;8
2027-12-24;5;358;0;climatology;;;;;;;5.3;13.279999999999998;0.875;7.75;0.5;0.375;2.4375;8.2;8
2027-12-25;6;359;0;climatology;;;;;;;9.3625;23.279999999999994;0.625;5.75;0.5;0.625;1.575;7.1875;8
2027-12-26;7;360;0;climatology;;;;;;;2.05;6.2299999999999995;0.375;6.375;0.5;0.625;-1.75;5.6875;8
2027-12-27;1;361;0;climatology;;;;;;;2.2750000000000004;5.829999999999999;0.375;5.125;0.25;0.75;-2.3625;4.7875;8
2027-12-28;2;362;0;climatology;;;;;;;0.5625;1.4699999999999995;0.125;2.0;0.125;0.875;-2.9125;5.2625;8
2027-12-29;3;363;0;climatology;;;;;;;1.7;5.739999999999998;0.25;3.0;0.25;0.625;-1.7125;6.375;8
2027-12-30;4;364;0;climatology;;;;;;;2.875;10.209999999999999;0.375;4.875;0.375;0.75;-0.9249999999999998;7.3875;8
2027-12-31;5;365;0;climatology;;;;;;;2.7;7.689999999999998;0.25;3.0;0.125;0.625;-1.1624999999999999;7.45;8
2028-01-01;6;1;0;climatology;;;;;;;0.375;0.96;0.125;1.25;0.125;0.625;-0.4375;8.75;8
2028-01-02;7;2;0;climatology;;;;;;;2.1624999999999996;7.199999999999999;0.375;1.625;0.125;0.75;-0.8375000000000001;7.2250000000000005;8
2028-01-03;1;3;0;climatology;;;;;;;2.8375;6.829999999999998;0.5;5.375;0.375;0.625;-0.875;6.625;8
2028-01-04;2;4;0;climatology;;;;;;;4.6375;11.379999999999999;0.5;6.625;0.5;0.375;-0.3375;5.7125;8
2028-01-05;3;5;0;climatology;;;;;;;5.8125;13.6;0.75;9.125;0.625;0.625;0.45000000000000007;5.7375;8
2028-01-06;4;6;0;climatology;;;;;;;5.9375;19.59;0.5;11.125;0.75;0.625;-0.43750000000000006;6.0;8
2028-01-07;5;7;0;climatology;;;;;;;4.062500000000001;10.759999999999998;0.5;8.0;0.375;0.75;-1.9125;4.1375;8
2028-01-08;6;8;0;climatology;;;;;;;1.4124999999999999;3.389999999999999;0.25;5.125;0.25;1.0;-2.85;3.9375;8
2028-01-09;7;9;0;climatology;;;;;;;2.4124999999999996;6.059999999999999;0.5;5.375;0.375;0.875;-2.175;5.425000000000001;8
2028-01-10;1;10;0;climatology;;;;;;;4.0375000000000005;10.589999999999996;0.375;7.5;0.625;0.875;-3.625;3.2;8
2028-01-11;2;11;0;climatology;;;;;;;1.2750000000000001;3.2099999999999995;0.5;8.5;0.625;1.0;-5.175;2.375;8
2028-01-12;3;12;0;climatology;;;;;;;1.2;4.42;0.25;8.375;0.5;0.875;-4.4;3.425;8
2028-01-13;4;13;0;climatology;;;;;;;3.4750000000000005;9.169999999999998;0.375;6.25;0.625;1.0;-3.425;3.775;8
2028-01-14;5;14;0;climatology;;;;;;;3.95;13.519999999999998;0.25;5.75;0.375;0.875;-4.125;5.15;8
2028-01-15;6;15;0;climatology;;;;;;;1.85;4.7299999999999995;0.375;6.0;0.375;1.0;-3.6875;4.5249999999999995;8
2028-01-16;7;16;0;climatology;;;;;;;2.5875;7.479999999999999;0.25;4.25;0.375;1.0;-4.05;5.575;8
2028-01-17;1;17;0;climatology;;;;;;;2.725;8.11;0.625;6.125;0.375;1.0;-3.525;5.0;8
2028-01-18;2;18;0;climatology;;;;;;;4.6125;9.68;0.75;7.875;0.625;1.0;-1.875;4.5;8
2028-01-19;3;19;0;climatology;;;;;;;3.1374999999999997;7.569999999999997;0.375;4.75;0.375;1.0;-4.675;3.6375;8
2028-01-20;4;20;0;climatology;;;;;;;1.3;3.65;0.375;3.375;0.25;1.0;-4.9;4.1625;8
2028-01-21;5;21;0;climatology;;;;;;;2.1125;7.63;0.375;6.125;0.5;0.875;-3.725;3.2125;8
2028-01-22;6;22;0;climatology;;;;;;;5.2;14.709999999999997;0.5;6.0;0.375;0.875;-4.1875;4.7625;8
2028-01-23;7;23;0;climatology;;;;;;;1.5875000000000001;3.3899999999999997;0.375;8.25;0.375;0.875;-2.9375;3.6875;8
2028-01-24;1;24;0;climatology;;;;;;;0.4875;1.3899999999999997;0.125;6.625;0.375;0.875;-2.9125;6.8875;8
2028-01-25;2;25;0;climatology;;;;;;;1.275;3.9899999999999993;0.25;6.625;0.375;0.625;-1.9625;6.3;8
2028-01-26;3;26;0;climatology;;;;;;;2.2;7.109999999999999;0.375;6.125;0.375;0.625;-1.7125;6.0625;8
2028-01-27;4;27;0;climatology;;;;;;;0.9500000000000001;2.8899999999999997;0.25;5.75;0.375;1.0;-3.0375;7.4;8
2028-01-28;5;28;0;climatology;;;;;;;5.225;12.87;0.75;8.0;0.5;0.875;-0.25;5.7875;8
2028-01-29;6;29;0;climatology;;;;;;;1.3375000000000001;4.61;0.25;1.5;0.125;0.75;-1.5;7.6;8
2028-01-30;7;30;0;climatology;;;;;;;1.8875;3.6999999999999997;0.625;6.125;0.375;0.625;-1.55;8.225;8
2028-01-31;1;31;0;climatology;;;;;;;2.6;6.47;0.5;8.375;0.5;0.75;-0.5;7.275;8
2028-02-01;2;32;0;climatology;;;;;;;2.925;7.359999999999999;0.5;8.125;0.5;0.75;0.22499999999999995;6.9625;8
2028-02-02;3;33;0;climatology;;;;;;;6.4125000000000005;13.539999999999997;0.75;9.5;0.625;0.625;2.175;6.55;8
2028-02-03;4;34;0;climatology;;;;;;;13.6625;40.55;0.75;11.0;0.75;0.375;1.6875;7.3625;8
2028-02-04;5;35;0;climatology;;;;;;;4.0875;11.399999999999999;0.625;7.0;0.5;0.75;-0.7625000000000001;6.7375;8
2028-02-05;6;36;0;climatology;;;;;;;0.8500000000000001;2.5199999999999996;0.375;2.625;0.25;0.75;-3.2375;6.2375;8
2028-02-06;7;37;0;climatology;;;;;;;0.25;0.7399999999999999;0.125;3.75;0.25;0.75;-3.875;6.45;8
2028-02-07;1;38;0;climatology;;;;;;;2.5374999999999996;6.259999999999998;0.375;3.75;0.25;0.75;-3.2125;5.3625;8
2028-02-08;2;39;0;climatology;;;;;;;1.2;3.55;0.375;3.875;0.375;0.875;-2.45;7.75;8
2028-02-09;3;40;0;climatology;;;;;;;0.2625;0.8399999999999999;0.125;2.25;0.125;0.875;-1.775;8.375;8
2028-02-10;4;41;0;climatology;;;;;;;1.7125;5.73;0.375;5.875;0.375;0.75;-1.225;8.4;8
2028-02-11;5;42;0;climatology;;;;;;;4.8125;8.760000000000002;0.75;5.0;0.5;0.875;-1.4874999999999998;5.0874999999999995;8
2028-02-12;6;43;0;climatology;;;;;;;1.5875;3.7;0.5;2.75;0.125;0.875;-2.225;5.425;8
2028-02-13;7;44;0;climatology;;;;;;;1.225;4.01;0.25;1.625;0.125;1.0;-3.525;6.4125000000000005;8
2028-02-14;1;45;0;climatology;;;;;;;0.7375;2.11;0.375;3.75;0.125;0.875;-3.6;7.1875;8
2028-02-15;2;46;0;climatology;;;;;;;1.6500000000000001;5.1899999999999995;0.25;3.625;0.375;0.75;-3.0250000000000004;8.1;8
2028-02-16;3;47;0;climatology;;;;;;;2.475;6.849999999999998;0.375;6.25;0.375;0.625;-1.175;9.6375;8
2028-02-17;4;48;0;climatology;;;;;;;3.6125000000000003;8.219999999999999;0.625;8.0;0.375;0.375;1.875;10.2875;8
2028-02-18;5;49;0;climatology;;;;;;;0.9;2.6399999999999992;0.25;4.875;0.375;0.5;0.5499999999999998;10.3875;8
2028-02-19;6;50;0;climatology;;;;;;;3.0875;6.739999999999999;0.5;5.125;0.375;0.5;-0.3749999999999999;8.1375;8
2028-02-20;7;51;0;climatology;;;;;;;1.5;3.379999999999999;0.375;5.875;0.375;0.5;-0.30000000000000004;10.725;8
2028-02-21;1;52;0;climatology;;;;;;;1.05;2.76;0.375;3.0;0.125;0.625;6.938893903907228e-18;10.8375;8
2028-02-22;2;53;0;climatology;;;;;;;2.7125;7.919999999999998;0.375;5.0;0.375;0.625;0.5624999999999999;10.575;8
2028-02-23;3;54;0;climatology;;;;;;;2.5375;7.009999999999998;0.375;5.625;0.375;0.375;0.6625000000000001;10.125;8
2028-02-24;4;55;0;climatology;;;;;;;2.8125;9.049999999999999;0.375;4.25;0.375;0.5;-0.55;10.9875;8
2028-02-25;5;56;0;climatology;;;;;;;3.3625;8.259999999999996;0.5;1.625;0.125;0.625;-0.7625;10.100000000000001;8
2028-02-26;6;57;0;climatology;;;;;;;3.075;7.859999999999999;0.5;7.375;0.5;0.75;-1.775;6.95;8
2028-02-27;7;58;0;climatology;;;;;;;1.675;4.469999999999999;0.25;8.0;0.375;0.875;-2.5625;5.7875;8
2028-02-28;1;59;0;climatology;;;;;;;0.825;2.6399999999999997;0.25;4.375;0.25;0.75;-4.025;6.4125;8
2028-02-29;2;60;0;climatology;;;;;;;0.975;2.459999999999999;0.125;5.0;0.5;0.75;-2.6875;7.6625;8
2028-03-01;3;61;0;climatology;;;;;;;1.0125;2.53;0.5;2.875;0.25;0.625;-2.3874999999999997;8.4375;8
2028-03-02;4;62;0;climatology;;;;;;;0.3625;0.9799999999999998;0.125;1.75;0.125;0.625;-1.2375;11.0625;8
2028-03-03;5;63;0;climatology;;;;;;;1.6625;4.469999999999999;0.25;2.875;0.25;0.75;-0.8749999999999999;11.299999999999999;8
2028-03-04;6;64;0;climatology;;;;;;;1.5625000000000002;4.419999999999999;0.25;6.0;0.375;0.75;-1.125;8.5375;8
2028-03-05;7;65;0;climatology;;;;;;;0.7000000000000001;2.09;0.25;6.375;0.5;0.875;-1.6125;9.05;8
2028-03-06;1;66;0;climatology;;;;;;;2.0625;5.31;0.5;4.75;0.25;0.625;-0.15000000000000008;8.8125;8
2028-03-07;2;67;0;climatology;;;;;;;1.8875;5.49;0.5;3.5;0.25;0.75;-0.5375;8.9125;8
2028-03-08;3;68;0;climatology;;;;;;;1.3499999999999999;3.6299999999999986;0.25;0.125;0.0;0.75;-1.05;12.0125;8
2028-03-09;4;69;0;climatology;;;;;;;1.9375;4.1;0.5;1.75;0.125;0.375;1.4125;11.3875;8
2028-03-10;5;70;0;climatology;;;;;;;2.35;5.609999999999998;0.375;2.125;0.125;0.625;0.5125;11.3875;8
2028-03-11;6;71;0;climatology;;;;;;;1.8125;4.8999999999999995;0.5;3.125;0.25;0.5;0.9624999999999999;11.5375;8
2028-03-12;7;72;0;climatology;;;;;;;3.4875;8.359999999999998;0.5;2.875;0.125;0.5;1.6375;12.7125;8
2028-03-13;1;73;0;climatology;;;;;;;7.3;12.099999999999998;0.875;6.375;0.5;0.5;2.1125;9.2125;8
2028-03-14;2;74;0;climatology;;;;;;;5.875;12.559999999999999;0.75;6.0;0.375;0.5;1.5;9.625;8
2028-03-15;3;75;0;climatology;;;;;;;4.325;9.369999999999997;0.75;6.5;0.375;0.375;1.2000000000000002;10.7375;8
2028-03-16;4;76;0;climatology;;;;;;;2.3375;6.050000000000001;0.5;5.0;0.375;0.625;0.8375;12.0375;8
2028-03-17;5;77;0;climatology;;;;;;;1.525;3.44;0.5;3.0;0.25;0.5;0.36250000000000016;9.475;8
2028-03-18;6;78;0;climatology;;;;;;;2.8125;7.35;0.625;6.25;0.375;0.625;-0.04999999999999999;9.0;8
2028-03-19;7;79;0;climatology;;;;;;;2.3625;6.539999999999999;0.375;4.625;0.375;0.625;-0.3499999999999999;10.0875;8
2028-03-20;1;80;0;climatology;;;;;;;0.6499999999999999;2.09;0.25;2.75;0.25;0.625;-0.7374999999999999;11.8625;8
2028-03-21;2;81;0;climatology;;;;;;;4.725;15.399999999999999;0.375;4.25;0.25;0.625;0.525;11.5375;8
2028-03-22;3;82;0;climatology;;;;;;;1.725;4.609999999999999;0.375;4.75;0.375;0.5;1.225;12.6125;8
2028-03-23;4;83;0;climatology;;;;;;;2.7375;7.649999999999999;0.375;1.25;0.0;0.5;0.48749999999999993;12.762500000000001;8
2028-03-24;5;84;0;climatology;;;;;;;1.175;3.16;0.375;1.75;0.125;0.625;0.95;11.4875;8
2028-03-25;6;85;0;climatology;;;;;;;1.2375;2.88;0.375;3.5;0.25;0.25;1.0625;10.925;8
2028-03-26;7;86;0;climatology;;;;;;;2.0625;5.09;0.625;6.625;0.375;0.5;0.5875;10.3375;8
2028-03-27;1;87;0;climatology;;;;;;;2.0125;6.01;0.375;2.125;0.125;0.375;0.5375;13.9625;8
2028-03-28;2;88;0;climatology;;;;;;;4.362500000000001;10.99;0.5;2.75;0.125;0.5;1.6375;13.8625;8
2028-03-29;3;89;0;climatology;;;;;;;1.675;4.6499999999999995;0.5;2.125;0.25;0.125;3.5;15.2375;8
2028-03-30;4;90;0;climatology;;;;;;;3.9625;9.1;0.625;6.375;0.5;0.375;3.0375;12.7625;8
2028-03-31;5;91;0;climatology;;;;;;;2.4875;5.97;0.5;4.75;0.25;0.25;2.5625;12.5625;8
2028-04-01;6;92;0;climatology;;;;;;;3.5124999999999997;11.819999999999999;0.375;5.0;0.375;0.5;1.225;12.299999999999999;8
2028-04-02;7;93;0;climatology;;;;;;;0.8625;2.55;0.25;6.375;0.375;0.375;1.8125;11.9375;8
2028-04-03;1;94;0;climatology;;;;;;;0.4625;1.5499999999999998;0.25;1.125;0.125;0.375;0.8750000000000001;12.975;8
2028-04-04;2;95;0;climatology;;;;;;;3.3249999999999997;7.369999999999998;0.625;4.875;0.25;0.375;2.1;13.1625;8
2028-04-05;3;96;0;climatology;;;;;;;1.6500000000000001;5.050000000000001;0.375;1.25;0.125;0.375;1.2875;12.7375;8
2028-04-06;4;97;0;climatology;;;;;;;0.825;1.8799999999999997;0.25;1.125;0.0;0.375;1.9375;14.825;8
2028-04-07;5;98;0;climatology;;;;;;;4.6625;10.609999999999998;0.5;5.25;0.5;0.25;3.575;14.3125;8
2028-04-08;6;99;0;climatology;;;;;;;1.3375;4.47;0.25;3.0;0.25;0.375;3.3375;16.4375;8
2028-04-09;7;100;0;climatology;;;;;;;1.7;4.329999999999999;0.375;2.75;0.25;0.375;3.925;15.2125;8
2028-04-10;1;101;0;climatology;;;;;;;2.1;5.85;0.375;2.625;0.125;0.125;4.55;14.9875;8
2028-04-11;2;102;0;climatology;;;;;;;2.5375;9.29;0.25;3.75;0.25;0.25;3.3125;16.0375;8
2028-04-12;3;103;0;climatology;;;;;;;3.5;10.219999999999999;0.375;2.0;0.125;0.125;3.8125;14.8875;8
2028-04-13;4;104;0;climatology;;;;;;;1.8875;5.159999999999998;0.25;3.625;0.25;0.25;4.1125;15.399999999999999;8
2028-04-14;5;105;0;climatology;;;;;;;2.375;6.32;0.5;4.0;0.25;0.125;4.725;14.5;8
2028-04-15;6;106;0;climatology;;;;;;;2.075;6.859999999999999;0.375;5.0;0.375;0.25;3.625;14.0625;8
2028-04-16;7;107;0;climatology;;;;;;;0.575;1.69;0.25;2.875;0.25;0.25;3.35;14.7375;8
2028-04-17;1;108;0;climatology;;;;;;;2.6;7.259999999999998;0.375;8.0;0.5;0.25;3.6625;14.2;8
2028-04-18;2;109;0;climatology;;;;;;;2.85;7.93;0.5;4.5;0.25;0.125;3.95;15.775;8
2028-04-19;3;110;0;climatology;;;;;;;2.475;5.869999999999999;0.5;4.625;0.25;0.25;4.324999999999999;16.45;8
2028-04-20;4;111;0;climatology;;;;;;;0.8875;2.6899999999999995;0.25;1.5;0.125;0.375;3.8375;16.7375;8
2028-04-21;5;112;0;climatology;;;;;;;2.8125;10.74;0.25;1.25;0.125;0.125;5.025;17.325;8
2028-04-22;6;113;0;climatology;;;;;;;2.3;5.469999999999999;0.5;3.75;0.25;0.125;5.8374999999999995;17.45;8
2028-04-23;7;114;0;climatology;;;;;;;4.0;7.779999999999999;0.625;4.875;0.25;0.0;6.0;15.9125;8
2028-04-24;1;115;0;climatology;;;;;;;2.5374999999999996;6.35;0.5;3.375;0.25;0.125;5.5;16.575;8
2028-04-25;2;116;0;climatology;;;;;;;4.3625;9.03;0.75;5.875;0.375;0.25;5.125;13.7875;8
2028-04-26;3;117;0;climatology;;;;;;;0.825;2.59;0.25;3.5;0.375;0.125;3.375;16.3125;8
2028-04-27;4;118;0;climatology;;;;;;;2.9375;7.589999999999997;0.375;0.625;0.0;0.0;5.25;17.3375;8
2028-04-28;5;119;0;climatology;;;;;;;2.475;7.0;0.5;2.75;0.25;0.0;7.2125;18.8375;8
2028-04-29;6;120;0;climatology;;;;;;;5.5;11.959999999999997;0.5;6.625;0.5;0.0;7.5625;16.7875;8
2028-04-30;7;121;0;climatology;;;;;;;2.9875;6.35;0.5;7.5;0.5;0.0;6.625;17.5375;8
2028-05-01;1;122;0;climatology;;;;;;;5.25;15.079999999999998;0.5;3.125;0.25;0.0;6.35;17.925;8
2028-05-02;2;123;0;climatology;;;;;;;2.8375;6.02;0.75;2.875;0.125;0.0;7.3875;16.925;8
2028-05-03;3;124;0;climatology;;;;;;;6.0249999999999995;11.319999999999999;0.75;5.875;0.5;0.0;6.1;15.925;8
2028-05-04;4;125;0;climatology;;;;;;;6.0125;12.809999999999999;0.875;6.0;0.25;0.125;6.2375;15.15;8
2028-05-05;5;126;0;climatology;;;;;;;3.4875000000000003;7.46;0.625;6.875;0.375;0.0;6.425;14.6875;8
2028-05-06;6;127;0;climatology;;;;;;;3.5875;9.139999999999999;0.5;3.875;0.25;0.0;6.125;15.775;8
2028-05-07;7;128;0;climatology;;;;;;;1.3125;3.23;0.375;3.625;0.5;0.125;5.925;16.6125;8
2028-05-08;1;129;0;climatology;;;;;;;4.612500000000001;14.349999999999998;0.25;3.375;0.125;0.0;6.9125000000000005;18.55;8
2028-05-09;2;130;0;climatology;;;;;;;4.4;10.159999999999995;0.5;3.875;0.25;0.0;8.7875;19.7875;8
2028-05-10;3;131;0;climatology;;;;;;;4.4875;15.03;0.375;4.625;0.25;0.0;8.637500000000001;19.4125;8
2028-05-11;4;132;0;climatology;;;;;;;8.65;29.639999999999997;0.375;6.5;0.25;0.125;7.125;17.725;8
2028-05-12;5;133;0;climatology;;;;;;;4.1875;9.84;0.625;6.125;0.375;0.125;7.55;16.1125;8
2028-05-13;6;134;0;climatology;;;;;;;3.8875;10.549999999999999;0.625;4.625;0.25;0.0;7.1375;16.9125;8
2028-05-14;7;135;0;climatology;;;;;;;5.675000000000001;11.7;0.625;8.375;0.5;0.0;7.875;16.0125;8
2028-05-15;1;136;0;climatology;;;;;;;8.7125;17.97;0.75;7.125;0.5;0.0;7.075;14.9875;8
2028-05-16;2;137;0;climatology;;;;;;;4.4;11.0;0.625;3.75;0.125;0.125;7.3375;16.7625;8
2028-05-17;3;138;0;climatology;;;;;;;3.725;10.269999999999998;0.5;2.625;0.25;0.0;7.95;17.425;8
2028-05-18;4;139;0;climatology;;;;;;;1.7000000000000002;5.83;0.375;2.0;0.25;0.0;7.1625;19.7;8
2028-05-19;5;140;0;climatology;;;;;;;5.15;12.379999999999995;0.625;1.25;0.125;0.0;8.925;20.375;8
2028-05-20;6;141;0;climatology;;;;;;;6.1;17.219999999999995;0.5;2.0;0.125;0.0;9.95;20.0375;8
2028-05-21;7;142;0;climatology;;;;;;;5.2;12.31;0.625;3.25;0.125;0.0;10.0375;18.6;8
2028-05-22;1;143;0;climatology;;;;;;;4.9875;11.419999999999998;0.625;1.625;0.125;0.0;9.4875;19.6625;8
2028-05-23;2;144;0;climatology;;;;;;;8.8;14.629999999999999;0.875;3.75;0.25;0.0;8.6875;18.1875;8
2028-05-24;3;145;0;climatology;;;;;;;3.2;6.77;0.75;4.0;0.375;0.0;8.55;17.9375;8
2028-05-25;4;146;0;climatology;;;;;;;4.425;11.559999999999999;0.5;1.125;0.0;0.0;9.4625;19.5125;8
2028-05-26;5;147;0;climatology;;;;;;;2.65;7.13;0.625;1.625;0.125;0.0;9.3375;19.2375;8
2028-05-27;6;148;0;climatology;;;;;;;6.9625;16.099999999999998;0.625;3.375;0.375;0.0;9.125;19.4375;8
2028-05-28;7;149;0;climatology;;;;;;;6.45;13.399999999999999;0.75;3.5;0.25;0.0;9.275;17.075;8
2028-05-29;1;150;0;climatology;;;;;;;0.41250000000000003;0.86;0.0;1.125;0.125;0.0;7.9625;19.4;8
2028-05-30;2;151;0;climatology;;;;;;;2.5625;8.439999999999998;0.25;1.0;0.0;0.0;8.875;21.0375;8
2028-05-31;3;152;0;climatology;;;;;;;3.35;8.849999999999998;0.375;2.25;0.125;0.0;9.8;20.875;8
2028-06-01;4;153;0;climatology;;;;;;;5.1375;12.649999999999995;0.375;2.25;0.125;0.0;10.35;21.5125;8
2028-06-02;5;154;0;climatology;;;;;;;3.6625;9.870000000000001;0.375;1.625;0.125;0.0;11.325000000000001;23.575;8
2028-06-03;6;155;0;climatology;;;;;;;4.775;11.539999999999996;0.125;2.25;0.125;0.0;11.8875;24.75;8
2028-06-04;7;156;0;climatology;;;;;;;5.775;14.309999999999999;0.625;2.0;0.0;0.0;13.2375;22.65;8
2028-06-05;1;157;0;climatology;;;;;;;4.475;12.179999999999996;0.375;2.875;0.25;0.0;11.95;22.2375;8
2028-06-06;2;158;0;climatology;;;;;;;7.25;20.49;0.625;1.875;0.25;0.0;12.1;21.6;8
2028-06-07;3;159;0;climatology;;;;;;;4.55;11.68;0.625;2.5;0.125;0.0;12.425;21.0625;8
2028-06-08;4;160;0;climatology;;;;;;;4.425;11.109999999999998;0.625;1.375;0.0;0.0;11.525;21.4125;8
2028-06-09;5;161;0;climatology;;;;;;;4.7875;12.12;0.5;2.75;0.125;0.0;12.2625;21.975;8
2028-06-10;6;162;0;climatology;;;;;;;3.5625;8.149999999999999;0.5;3.875;0.25;0.0;12.9375;22.675;8
2028-06-11;7;163;0;climatology;;;;;;;2.9125;7.019999999999998;0.375;3.75;0.25;0.0;12.325;22.0625;8
2028-06-12;1;164;0;climatology;;;;;;;9.6;26.029999999999994;0.5;5.0;0.125;0.0;11.7875;21.7875;8
2028-06-13;2;165;0;climatology;;;;;;;1.1125;3.57;0.25;2.0;0.125;0.0;10.725;23.5;8
2028-06-14;3;166;0;climatology;;;;;;;1.925;5.13;0.375;2.125;0.125;0.0;11.924999999999999;23.625;8
2028-06-15;4;167;0;climatology;;;;;;;10.275;21.279999999999998;0.75;3.875;0.125;0.0;12.1625;21.2375;8
2028-06-16;5;168;0;climatology;;;;;;;1.625;4.659999999999999;0.375;1.875;0.125;0.0;13.075;23.625;8
2028-06-17;6;169;0;climatology;;;;;;;1.5125000000000002;4.63;0.375;0.25;0.0;0.0;12.575;26.2125;8
2028-06-18;7;170;0;climatology;;;;;;;0.0125;0.029999999999999985;0.0;0.5;0.0;0.0;14.55;27.2625;8
2028-06-19;1;171;0;climatology;;;;;;;2.625;7.93;0.375;0.625;0.0;0.0;15.55;26.3375;8
2028-06-20;2;172;0;climatology;;;;;;;2.7125;6.369999999999999;0.5;1.75;0.125;0.0;15.1125;25.2875;8
2028-06-21;3;173;0;climatology;;;;;;;5.699999999999999;11.139999999999999;0.875;2.0;0.125;0.0;14.1875;25.2875;8
2028-06-22;4;174;0;climatology;;;;;;;2.825;5.369999999999999;0.75;3.125;0.25;0.0;14.075;23.475;8
2028-06-23;5;175;0;climatology;;;;;;;4.325;13.65;0.625;5.5;0.375;0.0;14.15;23.525;8
2028-06-24;6;176;0;climatology;;;;;;;2.1;6.43;0.375;1.375;0.125;0.0;13.2125;25.125;8
2028-06-25;7;177;0;climatology;;;;;;;1.6625;4.819999999999999;0.25;0.0;0.0;0.0;13.5375;26.6625;8
2028-06-26;1;178;0;climatology;;;;;;;2.7375;6.68;0.5;1.0;0.125;0.0;14.7625;25.8375;8
2028-06-27;2;179;0;climatology;;;;;;;5.9375;13.95;0.625;2.75;0.25;0.0;14.575;24.3875;8
2028-06-28;3;180;0;climatology;;;;;;;4.6625;12.129999999999999;0.625;2.25;0.25;0.0;14.4625;26.25;8
2028-06-29;4;181;0;climatology;;;;;;;6.9;17.479999999999997;0.375;0.75;0.0;0.0;14.8;26.125;8
2028-06-30;5;182;0;climatology;;;;;;;4.5375;8.629999999999999;0.625;3.0;0.25;0.0;14.575;24.1;8
2028-07-01;6;183;0;climatology;;;;;;;3.4625;9.959999999999997;0.375;1.75;0.125;0.0;13.8;23.9;8
2028-07-02;7;184;0;climatology;;;;;;;2.0999999999999996;5.9399999999999995;0.375;0.875;0.0;0.0;14.0375;24.4875;8
2028-07-03;1;185;0;climatology;;;;;;;5.925;12.629999999999999;0.625;2.75;0.25;0.0;14.625;22.9;8
2028-07-04;2;186;0;climatology;;;;;;;3.3125;8.779999999999998;0.5;0.25;0.0;0.0;13.425;24.5875;8
2028-07-05;3;187;0;climatology;;;;;;;5.5125;13.129999999999995;0.5;2.75;0.25;0.0;13.9125;25.325;8
2028-07-06;4;188;0;climatology;;;;;;;6.7;15.189999999999998;0.875;1.375;0.0;0.0;14.475;23.0;8
2028-07-07;5;189;0;climatology;;;;;;;7.775;21.080000000000002;0.625;5.0;0.5;0.0;13.1;20.3625;8
2028-07-08;6;190;0;climatology;;;;;;;1.3125;5.03;0.25;2.375;0.25;0.0;11.75;22.425;8
2028-07-09;7;191;0;climatology;;;;;;;0.925;2.7800000000000002;0.25;2.125;0.125;0.0;12.85;23.775;8
2028-07-10;1;192;0;climatology;;;;;;;5.8125;13.6;0.75;2.25;0.125;0.0;13.9125;24.125;8
2028-07-11;2;193;0;climatology;;;;;;;5.95;16.039999999999996;0.5;1.625;0.125;0.0;13.4375;23.7375;8
2028-07-12;3;194;0;climatology;;;;;;;3.7;11.35;0.5;0.625;0.0;0.0;13.3;23.2375;8
2028-07-13;4;195;0;climatology;;;;;;;5.262499999999999;12.589999999999996;0.5;1.25;0.125;0.0;13.2625;23.4375;8
2028-07-14;5;196;0;climatology;;;;;;;3.1500000000000004;7.859999999999998;0.375;1.375;0.125;0.0;13.6;23.9375;8
2028-07-15;6;197;0;climatology;;;;;;;3.2375;8.229999999999999;0.625;0.875;0.0;0.0;14.475;24.2625;8
2028-07-16;7;198;0;climatology;;;;;;;7.8625;16.95;0.625;2.5;0.25;0.0;14.4875;23.075;8
2028-07-17;1;199;0;climatology;;;;;;;5.775;17.18;0.375;4.0;0.375;0.0;14.6125;24.1125;8
2028-07-18;2;200;0;climatology;;;;;;;1.625;5.27;0.375;1.0;0.0;0.0;13.7625;26.1375;8
2028-07-19;3;201;0;climatology;;;;;;;1.7;6.1499999999999995;0.25;0.625;0.0;0.0;15.1;27.5125;8
2028-07-20;4;202;0;climatology;;;;;;;7.225;16.58;0.75;1.5;0.0;0.0;15.5625;23.9125;8
2028-07-21;5;203;0;climatology;;;;;;;5.4125;15.259999999999996;0.5;1.5;0.125;0.0;14.175;25.2125;8
2028-07-22;6;204;0;climatology;;;;;;;3.8625;8.029999999999998;0.625;1.25;0.0;0.0;15.05;25.9875;8
2028-07-23;7;205;0;climatology;;;;;;;2.6;5.369999999999999;0.625;1.0;0.125;0.0;15.5;25.9125;8
2028-07-24;1;206;0;climatology;;;;;;;3.95;7.969999999999999;0.625;2.0;0.25;0.0;15.3875;25.2875;8
2028-07-25;2;207;0;climatology;;;;;;;4.3;10.399999999999999;0.5;2.25;0.125;0.0;14.6875;23.775;8
2028-07-26;3;208;0;climatology;;;;;;;3.5250000000000004;12.43;0.375;1.125;0.125;0.0;14.3;24.55;8
2028-07-27;4;209;0;climatology;;;;;;;5.525;19.07;0.375;1.625;0.125;0.0;14.4625;24.3375;8
2028-07-28;5;210;0;climatology;;;;;;;8.975;20.039999999999992;0.75;4.125;0.25;0.0;15.2;24.2125;8
2028-07-29;6;211;0;climatology;;;;;;;4.175000000000001;9.83;0.625;0.125;0.0;0.0;14.924999999999999;24.65;8
2028-07-30;7;212;0;climatology;;;;;;;1.725;5.3;0.375;1.375;0.125;0.0;14.1875;24.7375;8
2028-07-31;1;213;0;climatology;;;;;;;3.8125;11.56;0.375;1.0;0.125;0.0;15.125;25.2375;8
2028-08-01;2;214;0;climatology;;;;;;;3.325;7.929999999999998;0.75;0.5;0.0;0.0;14.7375;24.837500000000002;8
2028-08-02;3;215;0;climatology;;;;;;;5.6;12.59;0.75;0.75;0.0;0.0;14.975000000000001;23.75;8
2028-08-03;4;216;0;climatology;;;;;;;10.05;26.009999999999994;0.625;2.125;0.25;0.0;14.5625;23.025;8
2028-08-04;5;217;0;climatology;;;;;;;14.6625;34.02999999999999;0.75;4.0;0.25;0.0;13.8875;23.4125;8
2028-08-05;6;218;0;climatology;;;;;;;2.25;5.2299999999999995;0.75;2.625;0.125;0.0;13.975;22.675;8
2028-08-06;7;219;0;climatology;;;;;;;3.8875;13.37;0.375;1.75;0.125;0.0;12.9875;24.7375;8
2028-08-07;1;220;0;climatology;;;;;;;2.3625000000000003;6.299999999999997;0.25;0.0;0.0;0.0;14.0;25.425;8
2028-08-08;2;221;0;climatology;;;;;;;2.5625;8.209999999999997;0.25;0.625;0.0;0.0;13.5875;26.400000000000002;8
2028-08-09;3;222;0;climatology;;;;;;;6.65;18.529999999999994;0.375;1.125;0.0;0.0;14.3875;25.2375;8
2028-08-10;4;223;0;climatology;;;;;;;0.17500000000000002;0.45999999999999974;0.125;0.0;0.0;0.0;14.175;26.0875;8
2028-08-11;5;224;0;climatology;;;;;;;3.8375;9.329999999999995;0.125;1.625;0.125;0.0;14.0375;26.9375;8
2028-08-12;6;225;0;climatology;;;;;;;2.725;6.869999999999997;0.375;0.0;0.0;0.0;15.325;27.55;8
2028-08-13;7;226;0;climatology;;;;;;;2.7750000000000004;6.25;0.625;0.25;0.0;0.0;15.725;26.95;8
2028-08-14;1;227;0;climatology;;;;;;;3.2375;5.7299999999999995;0.875;0.0;0.0;0.0;15.575;26.775;8
2028-08-15;2;228;0;climatology;;;;;;;5.0625;12.229999999999997;0.5;0.25;0.0;0.0;14.775;25.8125;8
2028-08-16;3;229;0;climatology;;;;;;;3.9000000000000004;8.91;0.5;2.5;0.25;0.0;14.3625;25.6625;8
2028-08-17;4;230;0;climatology;;;;;;;2.3875;6.499999999999999;0.5;1.25;0.125;0.0;15.4875;25.0125;8
2028-08-18;5;231;0;climatology;;;;;;;5.625;18.080000000000002;0.5;1.375;0.125;0.0;14.975;24.4625;8
2028-08-19;6;232;0;climatology;;;;;;;13.5375;33.44;0.625;5.5;0.375;0.0;14.987499999999999;23.275;8
2028-08-20;7;233;0;climatology;;;;;;;5.3125;16.959999999999997;0.375;3.375;0.25;0.0;14.5;24.2;8
2028-08-21;1;234;0;climatology;;;;;;;3.8625;11.189999999999998;0.375;2.5;0.25;0.0;14.9875;24.875;8
2028-08-22;2;235;0;climatology;;;;;;;2.8249999999999997;7.8999999999999995;0.5;3.875;0.25;0.0;14.737499999999999;23.0375;8
2028-08-23;3;236;0;climatology;;;;;;;2.575;8.579999999999998;0.25;2.75;0.125;0.0;13.35;23.8375;8
2028-08-24;4;237;0;climatology;;;;;;;2.8375;8.129999999999997;0.25;1.375;0.125;0.0;13.225;23.4125;8
2028-08-25;5;238;0;climatology;;;;;;;9.9375;29.53;0.625;1.5;0.0;0.0;12.4;22.5875;8
2028-08-26;6;239;0;climatology;;;;;;;5.375;13.359999999999998;0.5;2.75;0.125;0.0;13.0625;22.125;8
2028-08-27;7;240;0;climatology;;;;;;;8.9125;26.919999999999998;0.5;5.75;0.375;0.0;13.2;21.45;8
2028-08-28;1;241;0;climatology;;;;;;;8.8625;19.1;0.625;4.0;0.25;0.0;13.0875;21.9875;8
2028-08-29;2;242;0;climatology;;;;;;;11.3875;34.739999999999995;0.5;3.0;0.25;0.0;12.825;20.5375;8
2028-08-30;3;243;0;climatology;;;;;;;6.4125000000000005;15.649999999999999;0.625;3.75;0.25;0.0;12.6125;20.3875;8
2028-08-31;4;244;0;climatology;;;;;;;3.4875;10.809999999999997;0.25;3.625;0.125;0.0;12.25;21.3125;8
2028-09-01;5;245;0;climatology;;;;;;;5.1125;13.709999999999999;0.625;2.0;0.125;0.0;11.2625;20.2125;8
2028-09-02;6;246;0;climatology;;;;;;;2.4;6.8199999999999985;0.375;0.375;0.0;0.0;11.0;21.3125;8
2028-09-03;7;247;0;climatology;;;;;;;2.425;6.239999999999998;0.375;1.25;0.125;0.0;11.175;22.6375;8
2028-09-04;1;248;0;climatology;;;;;;;4.7;18.49;0.25;0.875;0.125;0.0;11.3125;22.2625;8
2028-09-05;2;249;0;climatology;;;;;;;0.7000000000000001;2.36;0.25;2.875;0.25;0.0;11.15;23.425;8
2028-09-06;3;250;0;climatology;;;;;;;4.675;10.829999999999998;0.5;4.375;0.375;0.0;12.3625;20.975;8
2028-09-07;4;251;0;climatology;;;;;;;3.8625;13.18;0.375;2.0;0.125;0.0;10.8875;21.275;8
2028-09-08;5;252;0;climatology;;;;;;;3.3499999999999996;8.919999999999998;0.5;2.375;0.125;0.0;11.1875;21.6375;8
2028-09-09;6;253;0;climatology;;;;;;;5.6125;14.399999999999999;0.5;2.125;0.125;0.0;11.125;20.95;8
2028-09-10;7;254;0;climatology;;;;;;;5.275;13.649999999999999;0.5;1.375;0.0;0.0;11.9625;21.425;8
2028-09-11;1;255;0;climatology;;;;;;;0.9125;2.4799999999999995;0.125;0.75;0.0;0.0;11.85;22.3375;8
2028-09-12;2;256;0;climatology;;;;;;;4.1875;14.939999999999998;0.25;1.25;0.125;0.0;11.45;21.3;8
2028-09-13;3;257;0;climatology;;;;;;;8.8125;21.749999999999996;0.625;3.375;0.25;0.0;11.925;20.9;8
2028-09-14;4;258;0;climatology;;;;;;;6.799999999999999;17.71999999999999;0.375;4.5;0.25;0.0;11.6375;21.05;8
2028-09-15;5;259;0;climatology;;;;;;;4.8375;12.339999999999998;0.5;5.0;0.375;0.0;12.125;20.6;8
2028-09-16;6;260;0;climatology;;;;;;;5.9875;15.279999999999996;0.5;5.625;0.25;0.0;11.2375;18.8;8
2028-09-17;7;261;0;climatology;;;;;;;3.225;7.73;0.5;3.75;0.375;0.0;10.6;19.925;8
2028-09-18;1;262;0;climatology;;;;;;;2.1875;8.129999999999999;0.25;2.625;0.25;0.0;8.637500000000001;19.2;8
2028-09-19;2;263;0;climatology;;;;;;;1.8125;7.23;0.25;3.375;0.125;0.0;8.4875;19.775;8
2028-09-20;3;264;0;climatology;;;;;;;0.75;2.8200000000000003;0.25;3.0;0.125;0.0;8.5625;20.9375;8
2028-09-21;4;265;0;climatology;;;;;;;2.9375;7.3799999999999955;0.375;3.125;0.25;0.0;9.05;18.3625;8
2028-09-22;5;266;0;climatology;;;;;;;3.3249999999999997;10.069999999999999;0.625;4.5;0.25;0.0;9.1125;19.05;8
2028-09-23;6;267;0;climatology;;;;;;;3.6625;9.9;0.5;3.875;0.125;0.0;9.4;17.075;8
2028-09-24;7;268;0;climatology;;;;;;;2.8;6.779999999999999;0.625;1.5;0.125;0.0;8.725;17.4625;8
2028-09-25;1;269;0;climatology;;;;;;;4.95;12.239999999999995;0.375;2.75;0.125;0.0;8.1;17.9;8
2028-09-26;2;270;0;climatology;;;;;;;6.15;13.419999999999998;0.75;4.375;0.375;0.0;9.2625;17.675;8
2028-09-27;3;271;0;climatology;;;;;;;6.125;17.519999999999996;0.5;4.0;0.375;0.0;9.15;17.6625;8
2028-09-28;4;272;0;climatology;;;;;;;4.0625;7.92;0.625;4.5;0.375;0.0;7.824999999999999;15.6875;8
2028-09-29;5;273;0;climatology;;;;;;;2.675;6.549999999999998;0.375;7.25;0.5;0.0;8.15;15.4875;8
2028-09-30;6;274;0;climatology;;;;;;;4.2875000000000005;12.779999999999998;0.375;2.625;0.25;0.0;6.575;16.45;8
2028-10-01;7;275;0;climatology;;;;;;;9.9375;28.789999999999996;0.5;2.75;0.125;0.0;7.325;17.15;8
2028-10-02;1;276;0;climatology;;;;;;;2.3125;6.39;0.5;4.625;0.375;0.0;7.5249999999999995;17.3875;8
2028-10-03;2;277;0;climatology;;;;;;;2.8625000000000003;5.86;0.625;2.375;0.125;0.0;5.7125;16.9625;8
2028-10-04;3;278;0;climatology;;;;;;;6.225;15.519999999999998;0.5;5.875;0.375;0.0;6.6375;15.225;8
2028-10-05;4;279;0;climatology;;;;;;;3.875;8.84;0.625;6.0;0.375;0.0;7.125;14.6625;8
2028-10-06;5;280;0;climatology;;;;;;;3.7125000000000004;9.569999999999997;0.625;7.5;0.5;0.0;7.1375;14.775;8
2028-10-07;6;281;0;climatology;;;;;;;2.0375;7.659999999999999;0.25;3.0;0.125;0.0;8.05;17.2;8
2028-10-08;7;282;0;climatology;;;;;;;3.4;9.169999999999998;0.5;5.125;0.25;0.0;7.9375;17.375;8
2028-10-09;1;283;0;climatology;;;;;;;1.05;3.3199999999999994;0.25;3.125;0.125;0.0;7.4875;18.2125;8
2028-10-10;2;284;0;climatology;;;;;;;2.2;6.85;0.375;2.25;0.125;0.125;7.55;18.325;8
2028-10-11;3;285;0;climatology;;;;;;;1.35;4.15;0.375;3.625;0.375;0.0;7.625;16.6;8
2028-10-12;4;286;0;climatology;;;;;;;1.7750000000000001;5.149999999999999;0.25;4.875;0.375;0.0;6.6625;17.0125;8
2028-10-13;5;287;0;climatology;;;;;;;2.7750000000000004;7.5600000000000005;0.5;4.625;0.375;0.0;7.5375000000000005;16.8375;8
2028-10-14;6;288;0;climatology;;;;;;;1.8375000000000001;5.599999999999999;0.25;1.875;0.0;0.0;6.425;16.775;8
2028-10-15;7;289;0;climatology;;;;;;;2.2125;5.81;0.375;7.375;0.5;0.125;6.5;15.4625;8
2028-10-16;1;290;0;climatology;;;;;;;1.525;3.6599999999999975;0.125;7.375;0.5;0.0;5.6125;15.275;8
2028-10-17;2;291;0;climatology;;;;;;;1.1;4.09;0.25;1.75;0.125;0.0;5.7625;16.1625;8
2028-10-18;3;292;0;climatology;;;;;;;0.7125;1.8499999999999999;0.375;2.75;0.25;0.0;5.725;14.8625;8
2028-10-19;4;293;0;climatology;;;;;;;0.9999999999999999;2.609999999999999;0.25;4.25;0.25;0.0;7.075;18.525;8
2028-10-20;5;294;0;climatology;;;;;;;0.9500000000000001;2.34;0.375;2.375;0.25;0.0;7.15;16.8875;8
2028-10-21;6;295;0;climatology;;;;;;;1.8625;5.1099999999999985;0.375;3.375;0.375;0.0;6.375;15.5375;8
2028-10-22;7;296;0;climatology;;;;;;;1.75;5.249999999999999;0.25;1.0;0.0;0.0;6.5125;17.5;8
2028-10-23;1;297;0;climatology;;;;;;;6.2124999999999995;15.339999999999996;0.625;6.875;0.375;0.125;7.1;14.5875;8
2028-10-24;2;298;0;climatology;;;;;;;1.825;5.81;0.375;6.75;0.375;0.0;6.925;14.575;8
2028-10-25;3;299;0;climatology;;;;;;;1.75;6.88;0.25;1.625;0.125;0.125;5.675;15.6375;8
2028-10-26;4;300;0;climatology;;;;;;;7.9375;18.81;0.5;4.25;0.375;0.25;5.275;14.200000000000001;8
2028-10-27;5;301;0;climatology;;;;;;;5.45;14.23;0.5;6.625;0.375;0.0;5.25;14.0;8
2028-10-28;6;302;0;climatology;;;;;;;2.3000000000000003;8.89;0.25;4.75;0.375;0.0;4.8;15.2875;8
2028-10-29;7;303;0;climatology;;;;;;;3.5;8.979999999999997;0.625;3.0;0.125;0.0;5.5;15.2375;8
2028-10-30;1;304;0;climatology;;;;;;;2.7125000000000004;7.199999999999999;0.375;4.25;0.375;0.0;5.65;14.325;8
2028-10-31;2;305;0;climatology;;;;;;;2.0;4.869999999999997;0.125;3.875;0.375;0.0;5.1875;15.0375;8
2028-11-01;3;306;0;climatology;;;;;;;4.8375;12.79;0.625;2.5;0.25;0.0;5.375;14.05;8
2028-11-02;4;307;0;climatology;;;;;;;2.2625;5.389999999999999;0.5;4.25;0.25;0.0;4.5125;12.1875;8
2028-11-03;5;308;0;climatology;;;;;;;5.7124999999999995;14.0;0.625;5.625;0.375;0.25;3.0999999999999996;12.275;8
2028-11-04;6;309;0;climatology;;;;;;;3.9875;9.199999999999996;0.5;6.125;0.375;0.125;3.0375;11.4625;8
2028-11-05;7;310;0;climatology;;;;;;;0.09999999999999999;0.2799999999999999;0.0;4.125;0.25;0.25;2.075;11.2875;8
2028-11-06;1;311;0;climatology;;;;;;;0.3375;0.8999999999999997;0.125;4.0;0.25;0.25;1.5875;11.924999999999999;8
2028-11-07;2;312;0;climatology;;;;;;;0.525;1.8599999999999999;0.25;7.875;0.625;0.25;2.0125;10.25;8
2028-11-08;3;313;0;climatology;;;;;;;1.6875;6.049999999999999;0.25;4.625;0.375;0.25;1.7875;10.35;8
2028-11-09;4;314;0;climatology;;;;;;;1.2375;3.7899999999999996;0.25;5.125;0.375;0.25;0.8624999999999999;10.3;8
2028-11-10;5;315;0;climatology;;;;;;;0.025;0.05999999999999997;0.0;3.125;0.125;0.25;0.7000000000000001;10.0625;8
2028-11-11;6;316;0;climatology;;;;;;;2.65;9.799999999999999;0.25;7.25;0.375;0.375;1.1375;9.5625;8
2028-11-12;7;317;0;climatology;;;;;;;4.225;15.85;0.375;7.125;0.5;0.25;1.4749999999999999;10.1;8
2028-11-13;1;318;0;climatology;;;;;;;4.75;11.739999999999995;0.375;7.875;0.5;0.25;2.7750000000000004;11.5375;8
2028-11-14;2;319;0;climatology;;;;;;;1.5875000000000001;5.91;0.25;7.125;0.5;0.125;3.1375;10.7875;8
2028-11-15;3;320;0;climatology;;;;;;;1.8625;5.1;0.375;7.75;0.5;0.375;1.0;8.9875;8
2028-11-16;4;321;0;climatology;;;;;;;7.0625;18.66;0.625;7.375;0.5;0.5;1.3375;8.5375;8
2028-11-17;5;322;0;climatology;;;;;;;1.7874999999999999;4.299999999999999;0.375;4.625;0.375;0.375;0.4875;7.825;8
2028-11-18;6;323;0;climatology;;;;;;;3.5125;8.77;0.5;5.125;0.375;0.625;0.09999999999999998;8.525;8
2028-11-19;7;324;0;climatology;;;;;;;1.2875;2.9699999999999998;0.5;4.0;0.125;0.5;0.5874999999999999;8.75;8
2028-11-20;1;325;0;climatology;;;;;;;5.0625;10.099999999999998;0.625;9.5;0.625;0.75;-0.6625;5.8625;8
2028-11-21;2;326;0;climatology;;;;;;;1.8875;4.189999999999999;0.5;10.375;0.5;0.75;-1.0875;5.05;8
2028-11-22;3;327;0;climatology;;;;;;;1.65;4.829999999999998;0.25;5.0;0.375;0.75;-2.4625000000000004;6.35;8
2028-11-23;4;328;0;climatology;;;;;;;3.1374999999999997;7.269999999999998;0.5;5.375;0.5;0.625;-0.17500000000000002;7.85;8
2028-11-24;5;329;0;climatology;;;;;;;3.475;9.679999999999998;0.375;7.375;0.5;0.875;-0.95;6.4750000000000005;8
2028-11-25;6;330;0;climatology;;;;;;;3.45;7.89;0.625;11.625;0.625;0.75;-0.32499999999999996;5.6125;8
2028-11-26;7;331;0;climatology;;;;;;;2.65;6.919999999999999;0.5;5.25;0.25;0.75;-2.0875;5.4875;8
2028-11-27;1;332;0;climatology;;;;;;;2.6500000000000004;8.87;0.375;3.0;0.25;0.75;-1.9625;5.8;8
2028-11-28;2;333;0;climatology;;;;;;;4.3;10.91;0.75;7.75;0.75;0.625;-1.7375;5.05;8
2028-11-29;3;334;0;climatology;;;;;;;2.95;7.929999999999999;0.5;10.5;0.5;0.875;-1.925;3.8625;8
2028-11-30;4;335;0;climatology;;;;;;;3.6875;9.039999999999996;0.5;10.625;0.5;0.75;-1.2750000000000001;4.9375;8
2028-12-01;5;336;0;climatology;;;;;;;4.5375;10.369999999999996;0.625;9.5;0.625;0.875;-1.9124999999999999;3.2750000000000004;8
2028-12-02;6;337;0;climatology;;;;;;;1.0375;3.3999999999999995;0.25;8.375;0.625;0.875;-3.5500000000000003;4.175;8
2028-12-03;7;338;0;climatology;;;;;;;3.8375;11.39;0.5;7.0;0.5;0.75;-3.15;3.575;8
2028-12-04;1;339;0;climatology;;;;;;;2.25;4.39;0.625;7.375;0.5;0.875;-2.1;5.1625000000000005;8
2028-12-05;2;340;0;climatology;;;;;;;2.9125;6.759999999999999;0.5;6.5;0.625;0.875;-1.7374999999999998;5.7;8
2028-12-06;3;341;0;climatology;;;;;;;5.9;14.659999999999998;0.625;6.625;0.375;0.875;-1.0875;5.4875;8
2028-12-07;4;342;0;climatology;;;;;;;2.75;6.199999999999998;0.625;4.0;0.375;0.75;-1.7000000000000002;6.1125;8
2028-12-08;5;343;0;climatology;;;;;;;5.1000000000000005;11.0;0.75;6.625;0.375;0.375;0.11249999999999999;5.6125;8
2028-12-09;6;344;0;climatology;;;;;;;5.0625;9.84;0.875;10.25;0.5;0.875;-1.1125;4.4375;8
2028-12-10;7;345;0;climatology;;;;;;;2.85;6.359999999999999;0.5;10.375;0.5;0.875;-1.1375;3.6;8
2028-12-11;1;346;0;climatology;;;;;;;2.5500000000000003;6.259999999999999;0.5;8.25;0.5;0.75;-2.7875;3.3375;8
2028-12-12;2;347;0;climatology;;;;;;;1.5625;4.869999999999999;0.25;6.5;0.375;0.75;-3.7;3.3625;8
2028-12-13;3;348;0;climatology;;;;;;;2.9875000000000003;9.040000000000001;0.5;13.375;0.75;0.875;-2.2125;3.9;8
2028-12-14;4;349;0;climatology;;;;;;;1.45;5.430000000000001;0.25;12.0;0.75;0.625;-1.775;4.5625;8
2028-12-15;5;350;0;climatology;;;;;;;0.975;2.5699999999999994;0.25;10.25;0.75;0.75;-1.175;4.9;8
2028-12-16;6;351;0;climatology;;;;;;;0.375;0.83;0.0;4.875;0.375;0.875;-2.3625;6.8375;8
2028-12-17;7;352;0;climatology;;;;;;;0.2;0.72;0.0;2.375;0.125;0.875;-2.6125;7.0625;8
2028-12-18;1;353;0;climatology;;;;;;;0.0;0.0;0.0;0.125;0.0;0.75;-2.7625;7.9375;8
2028-12-19;2;354;0;climatology;;;;;;;1.3375;3.84;0.375;4.875;0.25;0.875;-1.375;7.45;8
2028-12-20;3;355;0;climatology;;;;;;;3.2874999999999996;8.629999999999999;0.5;3.625;0.25;0.75;-1.4124999999999999;5.325;8
2028-12-21;4;356;0;climatology;;;;;;;5.1875;13.499999999999996;0.5;5.0;0.25;0.875;-0.975;5.9625;8
2028-12-22;5;357;0;climatology;;;;;;;7.1;12.81;0.875;9.625;0.5;0.5;1.1625;6.975;8
2028-12-23;6;358;0;climatology;;;;;;;5.3;13.279999999999998;0.875;7.75;0.5;0.375;2.4375;8.2;8
2028-12-24;7;359;0;climatology;;;;;;;9.3625;23.279999999999994;0.625;5.75;0.5;0.625;1.575;7.1875;8
2028-12-25;1;360;0;climatology;;;;;;;2.05;6.2299999999999995;0.375;6.375;0.5;0.625;-1.75;5.6875;8
2028-12-26;2;361;0;climatology;;;;;;;2.2750000000000004;5.829999999999999;0.375;5.125;0.25;0.75;-2.3625;4.7875;8
2028-12-27;3;362;0;climatology;;;;;;;0.5625;1.4699999999999995;0.125;2.0;0.125;0.875;-2.9125;5.2625;8
2028-12-28;4;363;0;climatology;;;;;;;1.7;5.739999999999998;0.25;3.0;0.25;0.625;-1.7125;6.375;8
2028-12-29;5;364;0;climatology;;;;;;;2.875;10.209999999999999;0.375;4.875;0.375;0.75;-0.9249999999999998;7.3875;8
2028-12-30;6;365;0;climatology;;;;;;;2.7;7.689999999999998;0.25;3.0;0.125;0.625;-1.1624999999999999;7.45;8
2028-12-31;7;366;0;climatology;;;;;;;0.0;0.0;0.0;0.0;0.0;1.0;-4.75;4.95;2
2029-01-01;1;1;0;climatology;;;;;;;0.375;0.96;0.125;1.25;0.125;0.625;-0.4375;8.75;8
2029-01-02;2;2;0;climatology;;;;;;;2.1624999999999996;7.199999999999999;0.375;1.625;0.125;0.75;-0.8375000000000001;7.2250000000000005;8
2029-01-03;3;3;0;climatology;;;;;;;2.8375;6.829999999999998;0.5;5.375;0.375;0.625;-0.875;6.625;8
2029-01-04;4;4;0;climatology;;;;;;;4.6375;11.379999999999999;0.5;6.625;0.5;0.375;-0.3375;5.7125;8
2029-01-05;5;5;0;climatology;;;;;;;5.8125;13.6;0.75;9.125;0.625;0.625;0.45000000000000007;5.7375;8
2029-01-06;6;6;0;climatology;;;;;;;5.9375;19.59;0.5;11.125;0.75;0.625;-0.43750000000000006;6.0;8
2029-01-07;7;7;0;climatology;;;;;;;4.062500000000001;10.759999999999998;0.5;8.0;0.375;0.75;-1.9125;4.1375;8
2029-01-08;1;8;0;climatology;;;;;;;1.4124999999999999;3.389999999999999;0.25;5.125;0.25;1.0;-2.85;3.9375;8
2029-01-09;2;9;0;climatology;;;;;;;2.4124999999999996;6.059999999999999;0.5;5.375;0.375;0.875;-2.175;5.425000000000001;8
2029-01-10;3;10;0;climatology;;;;;;;4.0375000000000005;10.589999999999996;0.375;7.5;0.625;0.875;-3.625;3.2;8
2029-01-11;4;11;0;climatology;;;;;;;1.2750000000000001;3.2099999999999995;0.5;8.5;0.625;1.0;-5.175;2.375;8
2029-01-12;5;12;0;climatology;;;;;;;1.2;4.42;0.25;8.375;0.5;0.875;-4.4;3.425;8
2029-01-13;6;13;0;climatology;;;;;;;3.4750000000000005;9.169999999999998;0.375;6.25;0.625;1.0;-3.425;3.775;8
2029-01-14;7;14;0;climatology;;;;;;;3.95;13.519999999999998;0.25;5.75;0.375;0.875;-4.125;5.15;8
2029-01-15;1;15;0;climatology;;;;;;;1.85;4.7299999999999995;0.375;6.0;0.375;1.0;-3.6875;4.5249999999999995;8
2029-01-16;2;16;0;climatology;;;;;;;2.5875;7.479999999999999;0.25;4.25;0.375;1.0;-4.05;5.575;8
2029-01-17;3;17;0;climatology;;;;;;;2.725;8.11;0.625;6.125;0.375;1.0;-3.525;5.0;8
2029-01-18;4;18;0;climatology;;;;;;;4.6125;9.68;0.75;7.875;0.625;1.0;-1.875;4.5;8
2029-01-19;5;19;0;climatology;;;;;;;3.1374999999999997;7.569999999999997;0.375;4.75;0.375;1.0;-4.675;3.6375;8
2029-01-20;6;20;0;climatology;;;;;;;1.3;3.65;0.375;3.375;0.25;1.0;-4.9;4.1625;8
2029-01-21;7;21;0;climatology;;;;;;;2.1125;7.63;0.375;6.125;0.5;0.875;-3.725;3.2125;8
2029-01-22;1;22;0;climatology;;;;;;;5.2;14.709999999999997;0.5;6.0;0.375;0.875;-4.1875;4.7625;8
2029-01-23;2;23;0;climatology;;;;;;;1.5875000000000001;3.3899999999999997;0.375;8.25;0.375;0.875;-2.9375;3.6875;8
2029-01-24;3;24;0;climatology;;;;;;;0.4875;1.3899999999999997;0.125;6.625;0.375;0.875;-2.9125;6.8875;8
2029-01-25;4;25;0;climatology;;;;;;;1.275;3.9899999999999993;0.25;6.625;0.375;0.625;-1.9625;6.3;8
2029-01-26;5;26;0;climatology;;;;;;;2.2;7.109999999999999;0.375;6.125;0.375;0.625;-1.7125;6.0625;8
2029-01-27;6;27;0;climatology;;;;;;;0.9500000000000001;2.8899999999999997;0.25;5.75;0.375;1.0;-3.0375;7.4;8
2029-01-28;7;28;0;climatology;;;;;;;5.225;12.87;0.75;8.0;0.5;0.875;-0.25;5.7875;8
2029-01-29;1;29;0;climatology;;;;;;;1.3375000000000001;4.61;0.25;1.5;0.125;0.75;-1.5;7.6;8
2029-01-30;2;30;0;climatology;;;;;;;1.8875;3.6999999999999997;0.625;6.125;0.375;0.625;-1.55;8.225;8
2029-01-31;3;31;0;climatology;;;;;;;2.6;6.47;0.5;8.375;0.5;0.75;-0.5;7.275;8
2029-02-01;4;32;0;climatology;;;;;;;2.925;7.359999999999999;0.5;8.125;0.5;0.75;0.22499999999999995;6.9625;8
2029-02-02;5;33;0;climatology;;;;;;;6.4125000000000005;13.539999999999997;0.75;9.5;0.625;0.625;2.175;6.55;8
2029-02-03;6;34;0;climatology;;;;;;;13.6625;40.55;0.75;11.0;0.75;0.375;1.6875;7.3625;8
2029-02-04;7;35;0;climatology;;;;;;;4.0875;11.399999999999999;0.625;7.0;0.5;0.75;-0.7625000000000001;6.7375;8
2029-02-05;1;36;0;climatology;;;;;;;0.8500000000000001;2.5199999999999996;0.375;2.625;0.25;0.75;-3.2375;6.2375;8
2029-02-06;2;37;0;climatology;;;;;;;0.25;0.7399999999999999;0.125;3.75;0.25;0.75;-3.875;6.45;8
2029-02-07;3;38;0;climatology;;;;;;;2.5374999999999996;6.259999999999998;0.375;3.75;0.25;0.75;-3.2125;5.3625;8
2029-02-08;4;39;0;climatology;;;;;;;1.2;3.55;0.375;3.875;0.375;0.875;-2.45;7.75;8
2029-02-09;5;40;0;climatology;;;;;;;0.2625;0.8399999999999999;0.125;2.25;0.125;0.875;-1.775;8.375;8
2029-02-10;6;41;0;climatology;;;;;;;1.7125;5.73;0.375;5.875;0.375;0.75;-1.225;8.4;8
2029-02-11;7;42;0;climatology;;;;;;;4.8125;8.760000000000002;0.75;5.0;0.5;0.875;-1.4874999999999998;5.0874999999999995;8
2029-02-12;1;43;0;climatology;;;;;;;1.5875;3.7;0.5;2.75;0.125;0.875;-2.225;5.425;8
2029-02-13;2;44;0;climatology;;;;;;;1.225;4.01;0.25;1.625;0.125;1.0;-3.525;6.4125000000000005;8
2029-02-14;3;45;0;climatology;;;;;;;0.7375;2.11;0.375;3.75;0.125;0.875;-3.6;7.1875;8
2029-02-15;4;46;0;climatology;;;;;;;1.6500000000000001;5.1899999999999995;0.25;3.625;0.375;0.75;-3.0250000000000004;8.1;8
2029-02-16;5;47;0;climatology;;;;;;;2.475;6.849999999999998;0.375;6.25;0.375;0.625;-1.175;9.6375;8
2029-02-17;6;48;0;climatology;;;;;;;3.6125000000000003;8.219999999999999;0.625;8.0;0.375;0.375;1.875;10.2875;8
2029-02-18;7;49;0;climatology;;;;;;;0.9;2.6399999999999992;0.25;4.875;0.375;0.5;0.5499999999999998;10.3875;8
2029-02-19;1;50;0;climatology;;;;;;;3.0875;6.739999999999999;0.5;5.125;0.375;0.5;-0.3749999999999999;8.1375;8
2029-02-20;2;51;0;climatology;;;;;;;1.5;3.379999999999999;0.375;5.875;0.375;0.5;-0.30000000000000004;10.725;8
2029-02-21;3;52;0;climatology;;;;;;;1.05;2.76;0.375;3.0;0.125;0.625;6.938893903907228e-18;10.8375;8
2029-02-22;4;53;0;climatology;;;;;;;2.7125;7.919999999999998;0.375;5.0;0.375;0.625;0.5624999999999999;10.575;8
2029-02-23;5;54;0;climatology;;;;;;;2.5375;7.009999999999998;0.375;5.625;0.375;0.375;0.6625000000000001;10.125;8
2029-02-24;6;55;0;climatology;;;;;;;2.8125;9.049999999999999;0.375;4.25;0.375;0.5;-0.55;10.9875;8
2029-02-25;7;56;0;climatology;;;;;;;3.3625;8.259999999999996;0.5;1.625;0.125;0.625;-0.7625;10.100000000000001;8
2029-02-26;1;57;0;climatology;;;;;;;3.075;7.859999999999999;0.5;7.375;0.5;0.75;-1.775;6.95;8
2029-02-27;2;58;0;climatology;;;;;;;1.675;4.469999999999999;0.25;8.0;0.375;0.875;-2.5625;5.7875;8
2029-02-28;3;59;0;climatology;;;;;;;0.825;2.6399999999999997;0.25;4.375;0.25;0.75;-4.025;6.4125;8
2029-03-01;4;60;0;climatology;;;;;;;0.975;2.459999999999999;0.125;5.0;0.5;0.75;-2.6875;7.6625;8
2029-03-02;5;61;0;climatology;;;;;;;1.0125;2.53;0.5;2.875;0.25;0.625;-2.3874999999999997;8.4375;8
2029-03-03;6;62;0;climatology;;;;;;;0.3625;0.9799999999999998;0.125;1.75;0.125;0.625;-1.2375;11.0625;8
2029-03-04;7;63;0;climatology;;;;;;;1.6625;4.469999999999999;0.25;2.875;0.25;0.75;-0.8749999999999999;11.299999999999999;8
2029-03-05;1;64;0;climatology;;;;;;;1.5625000000000002;4.419999999999999;0.25;6.0;0.375;0.75;-1.125;8.5375;8
2029-03-06;2;65;0;climatology;;;;;;;0.7000000000000001;2.09;0.25;6.375;0.5;0.875;-1.6125;9.05;8
2029-03-07;3;66;0;climatology;;;;;;;2.0625;5.31;0.5;4.75;0.25;0.625;-0.15000000000000008;8.8125;8
2029-03-08;4;67;0;climatology;;;;;;;1.8875;5.49;0.5;3.5;0.25;0.75;-0.5375;8.9125;8
2029-03-09;5;68;0;climatology;;;;;;;1.3499999999999999;3.6299999999999986;0.25;0.125;0.0;0.75;-1.05;12.0125;8
2029-03-10;6;69;0;climatology;;;;;;;1.9375;4.1;0.5;1.75;0.125;0.375;1.4125;11.3875;8
2029-03-11;7;70;0;climatology;;;;;;;2.35;5.609999999999998;0.375;2.125;0.125;0.625;0.5125;11.3875;8
2029-03-12;1;71;0;climatology;;;;;;;1.8125;4.8999999999999995;0.5;3.125;0.25;0.5;0.9624999999999999;11.5375;8
2029-03-13;2;72;0;climatology;;;;;;;3.4875;8.359999999999998;0.5;2.875;0.125;0.5;1.6375;12.7125;8
2029-03-14;3;73;0;climatology;;;;;;;7.3;12.099999999999998;0.875;6.375;0.5;0.5;2.1125;9.2125;8
2029-03-15;4;74;0;climatology;;;;;;;5.875;12.559999999999999;0.75;6.0;0.375;0.5;1.5;9.625;8
2029-03-16;5;75;0;climatology;;;;;;;4.325;9.369999999999997;0.75;6.5;0.375;0.375;1.2000000000000002;10.7375;8
2029-03-17;6;76;0;climatology;;;;;;;2.3375;6.050000000000001;0.5;5.0;0.375;0.625;0.8375;12.0375;8
2029-03-18;7;77;0;climatology;;;;;;;1.525;3.44;0.5;3.0;0.25;0.5;0.36250000000000016;9.475;8
2029-03-19;1;78;0;climatology;;;;;;;2.8125;7.35;0.625;6.25;0.375;0.625;-0.04999999999999999;9.0;8
2029-03-20;2;79;0;climatology;;;;;;;2.3625;6.539999999999999;0.375;4.625;0.375;0.625;-0.3499999999999999;10.0875;8
2029-03-21;3;80;0;climatology;;;;;;;0.6499999999999999;2.09;0.25;2.75;0.25;0.625;-0.7374999999999999;11.8625;8
2029-03-22;4;81;0;climatology;;;;;;;4.725;15.399999999999999;0.375;4.25;0.25;0.625;0.525;11.5375;8
2029-03-23;5;82;0;climatology;;;;;;;1.725;4.609999999999999;0.375;4.75;0.375;0.5;1.225;12.6125;8
2029-03-24;6;83;0;climatology;;;;;;;2.7375;7.649999999999999;0.375;1.25;0.0;0.5;0.48749999999999993;12.762500000000001;8
2029-03-25;7;84;0;climatology;;;;;;;1.175;3.16;0.375;1.75;0.125;0.625;0.95;11.4875;8
2029-03-26;1;85;0;climatology;;;;;;;1.2375;2.88;0.375;3.5;0.25;0.25;1.0625;10.925;8
2029-03-27;2;86;0;climatology;;;;;;;2.0625;5.09;0.625;6.625;0.375;0.5;0.5875;10.3375;8
2029-03-28;3;87;0;climatology;;;;;;;2.0125;6.01;0.375;2.125;0.125;0.375;0.5375;13.9625;8
2029-03-29;4;88;0;climatology;;;;;;;4.362500000000001;10.99;0.5;2.75;0.125;0.5;1.6375;13.8625;8
2029-03-30;5;89;0;climatology;;;;;;;1.675;4.6499999999999995;0.5;2.125;0.25;0.125;3.5;15.2375;8
2029-03-31;6;90;0;climatology;;;;;;;3.9625;9.1;0.625;6.375;0.5;0.375;3.0375;12.7625;8
2029-04-01;7;91;0;climatology;;;;;;;2.4875;5.97;0.5;4.75;0.25;0.25;2.5625;12.5625;8
2029-04-02;1;92;0;climatology;;;;;;;3.5124999999999997;11.819999999999999;0.375;5.0;0.375;0.5;1.225;12.299999999999999;8
2029-04-03;2;93;0;climatology;;;;;;;0.8625;2.55;0.25;6.375;0.375;0.375;1.8125;11.9375;8
2029-04-04;3;94;0;climatology;;;;;;;0.4625;1.5499999999999998;0.25;1.125;0.125;0.375;0.8750000000000001;12.975;8
2029-04-05;4;95;0;climatology;;;;;;;3.3249999999999997;7.369999999999998;0.625;4.875;0.25;0.375;2.1;13.1625;8
2029-04-06;5;96;0;climatology;;;;;;;1.6500000000000001;5.050000000000001;0.375;1.25;0.125;0.375;1.2875;12.7375;8
2029-04-07;6;97;0;climatology;;;;;;;0.825;1.8799999999999997;0.25;1.125;0.0;0.375;1.9375;14.825;8
2029-04-08;7;98;0;climatology;;;;;;;4.6625;10.609999999999998;0.5;5.25;0.5;0.25;3.575;14.3125;8
2029-04-09;1;99;0;climatology;;;;;;;1.3375;4.47;0.25;3.0;0.25;0.375;3.3375;16.4375;8
2029-04-10;2;100;0;climatology;;;;;;;1.7;4.329999999999999;0.375;2.75;0.25;0.375;3.925;15.2125;8
2029-04-11;3;101;0;climatology;;;;;;;2.1;5.85;0.375;2.625;0.125;0.125;4.55;14.9875;8
2029-04-12;4;102;0;climatology;;;;;;;2.5375;9.29;0.25;3.75;0.25;0.25;3.3125;16.0375;8
2029-04-13;5;103;0;climatology;;;;;;;3.5;10.219999999999999;0.375;2.0;0.125;0.125;3.8125;14.8875;8
2029-04-14;6;104;0;climatology;;;;;;;1.8875;5.159999999999998;0.25;3.625;0.25;0.25;4.1125;15.399999999999999;8
2029-04-15;7;105;0;climatology;;;;;;;2.375;6.32;0.5;4.0;0.25;0.125;4.725;14.5;8
2029-04-16;1;106;0;climatology;;;;;;;2.075;6.859999999999999;0.375;5.0;0.375;0.25;3.625;14.0625;8
2029-04-17;2;107;0;climatology;;;;;;;0.575;1.69;0.25;2.875;0.25;0.25;3.35;14.7375;8
2029-04-18;3;108;0;climatology;;;;;;;2.6;7.259999999999998;0.375;8.0;0.5;0.25;3.6625;14.2;8
2029-04-19;4;109;0;climatology;;;;;;;2.85;7.93;0.5;4.5;0.25;0.125;3.95;15.775;8
2029-04-20;5;110;0;climatology;;;;;;;2.475;5.869999999999999;0.5;4.625;0.25;0.25;4.324999999999999;16.45;8
2029-04-21;6;111;0;climatology;;;;;;;0.8875;2.6899999999999995;0.25;1.5;0.125;0.375;3.8375;16.7375;8
2029-04-22;7;112;0;climatology;;;;;;;2.8125;10.74;0.25;1.25;0.125;0.125;5.025;17.325;8
2029-04-23;1;113;0;climatology;;;;;;;2.3;5.469999999999999;0.5;3.75;0.25;0.125;5.8374999999999995;17.45;8
2029-04-24;2;114;0;climatology;;;;;;;4.0;7.779999999999999;0.625;4.875;0.25;0.0;6.0;15.9125;8
2029-04-25;3;115;0;climatology;;;;;;;2.5374999999999996;6.35;0.5;3.375;0.25;0.125;5.5;16.575;8
2029-04-26;4;116;0;climatology;;;;;;;4.3625;9.03;0.75;5.875;0.375;0.25;5.125;13.7875;8
2029-04-27;5;117;0;climatology;;;;;;;0.825;2.59;0.25;3.5;0.375;0.125;3.375;16.3125;8
2029-04-28;6;118;0;climatology;;;;;;;2.9375;7.589999999999997;0.375;0.625;0.0;0.0;5.25;17.3375;8
2029-04-29;7;119;0;climatology;;;;;;;2.475;7.0;0.5;2.75;0.25;0.0;7.2125;18.8375;8
2029-04-30;1;120;0;climatology;;;;;;;5.5;11.959999999999997;0.5;6.625;0.5;0.0;7.5625;16.7875;8
2029-05-01;2;121;0;climatology;;;;;;;2.9875;6.35;0.5;7.5;0.5;0.0;6.625;17.5375;8
2029-05-02;3;122;0;climatology;;;;;;;5.25;15.079999999999998;0.5;3.125;0.25;0.0;6.35;17.925;8
2029-05-03;4;123;0;climatology;;;;;;;2.8375;6.02;0.75;2.875;0.125;0.0;7.3875;16.925;8
2029-05-04;5;124;0;climatology;;;;;;;6.0249999999999995;11.319999999999999;0.75;5.875;0.5;0.0;6.1;15.925;8
2029-05-05;6;125;0;climatology;;;;;;;6.0125;12.809999999999999;0.875;6.0;0.25;0.125;6.2375;15.15;8
2029-05-06;7;126;0;climatology;;;;;;;3.4875000000000003;7.46;0.625;6.875;0.375;0.0;6.425;14.6875;8
2029-05-07;1;127;0;climatology;;;;;;;3.5875;9.139999999999999;0.5;3.875;0.25;0.0;6.125;15.775;8
2029-05-08;2;128;0;climatology;;;;;;;1.3125;3.23;0.375;3.625;0.5;0.125;5.925;16.6125;8
2029-05-09;3;129;0;climatology;;;;;;;4.612500000000001;14.349999999999998;0.25;3.375;0.125;0.0;6.9125000000000005;18.55;8
2029-05-10;4;130;0;climatology;;;;;;;4.4;10.159999999999995;0.5;3.875;0.25;0.0;8.7875;19.7875;8
2029-05-11;5;131;0;climatology;;;;;;;4.4875;15.03;0.375;4.625;0.25;0.0;8.637500000000001;19.4125;8
2029-05-12;6;132;0;climatology;;;;;;;8.65;29.639999999999997;0.375;6.5;0.25;0.125;7.125;17.725;8
2029-05-13;7;133;0;climatology;;;;;;;4.1875;9.84;0.625;6.125;0.375;0.125;7.55;16.1125;8
2029-05-14;1;134;0;climatology;;;;;;;3.8875;10.549999999999999;0.625;4.625;0.25;0.0;7.1375;16.9125;8
2029-05-15;2;135;0;climatology;;;;;;;5.675000000000001;11.7;0.625;8.375;0.5;0.0;7.875;16.0125;8
2029-05-16;3;136;0;climatology;;;;;;;8.7125;17.97;0.75;7.125;0.5;0.0;7.075;14.9875;8
2029-05-17;4;137;0;climatology;;;;;;;4.4;11.0;0.625;3.75;0.125;0.125;7.3375;16.7625;8
2029-05-18;5;138;0;climatology;;;;;;;3.725;10.269999999999998;0.5;2.625;0.25;0.0;7.95;17.425;8
2029-05-19;6;139;0;climatology;;;;;;;1.7000000000000002;5.83;0.375;2.0;0.25;0.0;7.1625;19.7;8
2029-05-20;7;140;0;climatology;;;;;;;5.15;12.379999999999995;0.625;1.25;0.125;0.0;8.925;20.375;8
2029-05-21;1;141;0;climatology;;;;;;;6.1;17.219999999999995;0.5;2.0;0.125;0.0;9.95;20.0375;8
2029-05-22;2;142;0;climatology;;;;;;;5.2;12.31;0.625;3.25;0.125;0.0;10.0375;18.6;8
2029-05-23;3;143;0;climatology;;;;;;;4.9875;11.419999999999998;0.625;1.625;0.125;0.0;9.4875;19.6625;8
2029-05-24;4;144;0;climatology;;;;;;;8.8;14.629999999999999;0.875;3.75;0.25;0.0;8.6875;18.1875;8
2029-05-25;5;145;0;climatology;;;;;;;3.2;6.77;0.75;4.0;0.375;0.0;8.55;17.9375;8
2029-05-26;6;146;0;climatology;;;;;;;4.425;11.559999999999999;0.5;1.125;0.0;0.0;9.4625;19.5125;8
2029-05-27;7;147;0;climatology;;;;;;;2.65;7.13;0.625;1.625;0.125;0.0;9.3375;19.2375;8
2029-05-28;1;148;0;climatology;;;;;;;6.9625;16.099999999999998;0.625;3.375;0.375;0.0;9.125;19.4375;8
2029-05-29;2;149;0;climatology;;;;;;;6.45;13.399999999999999;0.75;3.5;0.25;0.0;9.275;17.075;8
2029-05-30;3;150;0;climatology;;;;;;;0.41250000000000003;0.86;0.0;1.125;0.125;0.0;7.9625;19.4;8
2029-05-31;4;151;0;climatology;;;;;;;2.5625;8.439999999999998;0.25;1.0;0.0;0.0;8.875;21.0375;8
2029-06-01;5;152;0;climatology;;;;;;;3.35;8.849999999999998;0.375;2.25;0.125;0.0;9.8;20.875;8
2029-06-02;6;153;0;climatology;;;;;;;5.1375;12.649999999999995;0.375;2.25;0.125;0.0;10.35;21.5125;8
2029-06-03;7;154;0;climatology;;;;;;;3.6625;9.870000000000001;0.375;1.625;0.125;0.0;11.325000000000001;23.575;8
2029-06-04;1;155;0;climatology;;;;;;;4.775;11.539999999999996;0.125;2.25;0.125;0.0;11.8875;24.75;8
2029-06-05;2;156;0;climatology;;;;;;;5.775;14.309999999999999;0.625;2.0;0.0;0.0;13.2375;22.65;8
2029-06-06;3;157;0;climatology;;;;;;;4.475;12.179999999999996;0.375;2.875;0.25;0.0;11.95;22.2375;8
2029-06-07;4;158;0;climatology;;;;;;;7.25;20.49;0.625;1.875;0.25;0.0;12.1;21.6;8
2029-06-08;5;159;0;climatology;;;;;;;4.55;11.68;0.625;2.5;0.125;0.0;12.425;21.0625;8
2029-06-09;6;160;0;climatology;;;;;;;4.425;11.109999999999998;0.625;1.375;0.0;0.0;11.525;21.4125;8
2029-06-10;7;161;0;climatology;;;;;;;4.7875;12.12;0.5;2.75;0.125;0.0;12.2625;21.975;8
2029-06-11;1;162;0;climatology;;;;;;;3.5625;8.149999999999999;0.5;3.875;0.25;0.0;12.9375;22.675;8
2029-06-12;2;163;0;climatology;;;;;;;2.9125;7.019999999999998;0.375;3.75;0.25;0.0;12.325;22.0625;8
2029-06-13;3;164;0;climatology;;;;;;;9.6;26.029999999999994;0.5;5.0;0.125;0.0;11.7875;21.7875;8
2029-06-14;4;165;0;climatology;;;;;;;1.1125;3.57;0.25;2.0;0.125;0.0;10.725;23.5;8
2029-06-15;5;166;0;climatology;;;;;;;1.925;5.13;0.375;2.125;0.125;0.0;11.924999999999999;23.625;8
2029-06-16;6;167;0;climatology;;;;;;;10.275;21.279999999999998;0.75;3.875;0.125;0.0;12.1625;21.2375;8
2029-06-17;7;168;0;climatology;;;;;;;1.625;4.659999999999999;0.375;1.875;0.125;0.0;13.075;23.625;8
2029-06-18;1;169;0;climatology;;;;;;;1.5125000000000002;4.63;0.375;0.25;0.0;0.0;12.575;26.2125;8
2029-06-19;2;170;0;climatology;;;;;;;0.0125;0.029999999999999985;0.0;0.5;0.0;0.0;14.55;27.2625;8
2029-06-20;3;171;0;climatology;;;;;;;2.625;7.93;0.375;0.625;0.0;0.0;15.55;26.3375;8
2029-06-21;4;172;0;climatology;;;;;;;2.7125;6.369999999999999;0.5;1.75;0.125;0.0;15.1125;25.2875;8
2029-06-22;5;173;0;climatology;;;;;;;5.699999999999999;11.139999999999999;0.875;2.0;0.125;0.0;14.1875;25.2875;8
2029-06-23;6;174;0;climatology;;;;;;;2.825;5.369999999999999;0.75;3.125;0.25;0.0;14.075;23.475;8
2029-06-24;7;175;0;climatology;;;;;;;4.325;13.65;0.625;5.5;0.375;0.0;14.15;23.525;8
2029-06-25;1;176;0;climatology;;;;;;;2.1;6.43;0.375;1.375;0.125;0.0;13.2125;25.125;8
2029-06-26;2;177;0;climatology;;;;;;;1.6625;4.819999999999999;0.25;0.0;0.0;0.0;13.5375;26.6625;8
2029-06-27;3;178;0;climatology;;;;;;;2.7375;6.68;0.5;1.0;0.125;0.0;14.7625;25.8375;8
2029-06-28;4;179;0;climatology;;;;;;;5.9375;13.95;0.625;2.75;0.25;0.0;14.575;24.3875;8
2029-06-29;5;180;0;climatology;;;;;;;4.6625;12.129999999999999;0.625;2.25;0.25;0.0;14.4625;26.25;8
2029-06-30;6;181;0;climatology;;;;;;;6.9;17.479999999999997;0.375;0.75;0.0;0.0;14.8;26.125;8
2029-07-01;7;182;0;climatology;;;;;;;4.5375;8.629999999999999;0.625;3.0;0.25;0.0;14.575;24.1;8
2029-07-02;1;183;0;climatology;;;;;;;3.4625;9.959999999999997;0.375;1.75;0.125;0.0;13.8;23.9;8
2029-07-03;2;184;0;climatology;;;;;;;2.0999999999999996;5.9399999999999995;0.375;0.875;0.0;0.0;14.0375;24.4875;8
2029-07-04;3;185;0;climatology;;;;;;;5.925;12.629999999999999;0.625;2.75;0.25;0.0;14.625;22.9;8
2029-07-05;4;186;0;climatology;;;;;;;3.3125;8.779999999999998;0.5;0.25;0.0;0.0;13.425;24.5875;8
2029-07-06;5;187;0;climatology;;;;;;;5.5125;13.129999999999995;0.5;2.75;0.25;0.0;13.9125;25.325;8
2029-07-07;6;188;0;climatology;;;;;;;6.7;15.189999999999998;0.875;1.375;0.0;0.0;14.475;23.0;8
2029-07-08;7;189;0;climatology;;;;;;;7.775;21.080000000000002;0.625;5.0;0.5;0.0;13.1;20.3625;8
2029-07-09;1;190;0;climatology;;;;;;;1.3125;5.03;0.25;2.375;0.25;0.0;11.75;22.425;8
2029-07-10;2;191;0;climatology;;;;;;;0.925;2.7800000000000002;0.25;2.125;0.125;0.0;12.85;23.775;8
2029-07-11;3;192;0;climatology;;;;;;;5.8125;13.6;0.75;2.25;0.125;0.0;13.9125;24.125;8
2029-07-12;4;193;0;climatology;;;;;;;5.95;16.039999999999996;0.5;1.625;0.125;0.0;13.4375;23.7375;8
2029-07-13;5;194;0;climatology;;;;;;;3.7;11.35;0.5;0.625;0.0;0.0;13.3;23.2375;8
2029-07-14;6;195;0;climatology;;;;;;;5.262499999999999;12.589999999999996;0.5;1.25;0.125;0.0;13.2625;23.4375;8
2029-07-15;7;196;0;climatology;;;;;;;3.1500000000000004;7.859999999999998;0.375;1.375;0.125;0.0;13.6;23.9375;8
2029-07-16;1;197;0;climatology;;;;;;;3.2375;8.229999999999999;0.625;0.875;0.0;0.0;14.475;24.2625;8
2029-07-17;2;198;0;climatology;;;;;;;7.8625;16.95;0.625;2.5;0.25;0.0;14.4875;23.075;8
2029-07-18;3;199;0;climatology;;;;;;;5.775;17.18;0.375;4.0;0.375;0.0;14.6125;24.1125;8
2029-07-19;4;200;0;climatology;;;;;;;1.625;5.27;0.375;1.0;0.0;0.0;13.7625;26.1375;8
2029-07-20;5;201;0;climatology;;;;;;;1.7;6.1499999999999995;0.25;0.625;0.0;0.0;15.1;27.5125;8
2029-07-21;6;202;0;climatology;;;;;;;7.225;16.58;0.75;1.5;0.0;0.0;15.5625;23.9125;8
2029-07-22;7;203;0;climatology;;;;;;;5.4125;15.259999999999996;0.5;1.5;0.125;0.0;14.175;25.2125;8
2029-07-23;1;204;0;climatology;;;;;;;3.8625;8.029999999999998;0.625;1.25;0.0;0.0;15.05;25.9875;8
2029-07-24;2;205;0;climatology;;;;;;;2.6;5.369999999999999;0.625;1.0;0.125;0.0;15.5;25.9125;8
2029-07-25;3;206;0;climatology;;;;;;;3.95;7.969999999999999;0.625;2.0;0.25;0.0;15.3875;25.2875;8
2029-07-26;4;207;0;climatology;;;;;;;4.3;10.399999999999999;0.5;2.25;0.125;0.0;14.6875;23.775;8
2029-07-27;5;208;0;climatology;;;;;;;3.5250000000000004;12.43;0.375;1.125;0.125;0.0;14.3;24.55;8
2029-07-28;6;209;0;climatology;;;;;;;5.525;19.07;0.375;1.625;0.125;0.0;14.4625;24.3375;8
2029-07-29;7;210;0;climatology;;;;;;;8.975;20.039999999999992;0.75;4.125;0.25;0.0;15.2;24.2125;8
2029-07-30;1;211;0;climatology;;;;;;;4.175000000000001;9.83;0.625;0.125;0.0;0.0;14.924999999999999;24.65;8
2029-07-31;2;212;0;climatology;;;;;;;1.725;5.3;0.375;1.375;0.125;0.0;14.1875;24.7375;8
2029-08-01;3;213;0;climatology;;;;;;;3.8125;11.56;0.375;1.0;0.125;0.0;15.125;25.2375;8
2029-08-02;4;214;0;climatology;;;;;;;3.325;7.929999999999998;0.75;0.5;0.0;0.0;14.7375;24.837500000000002;8
2029-08-03;5;215;0;climatology;;;;;;;5.6;12.59;0.75;0.75;0.0;0.0;14.975000000000001;23.75;8
2029-08-04;6;216;0;climatology;;;;;;;10.05;26.009999999999994;0.625;2.125;0.25;0.0;14.5625;23.025;8
2029-08-05;7;217;0;climatology;;;;;;;14.6625;34.02999999999999;0.75;4.0;0.25;0.0;13.8875;23.4125;8
2029-08-06;1;218;0;climatology;;;;;;;2.25;5.2299999999999995;0.75;2.625;0.125;0.0;13.975;22.675;8
2029-08-07;2;219;0;climatology;;;;;;;3.8875;13.37;0.375;1.75;0.125;0.0;12.9875;24.7375;8
2029-08-08;3;220;0;climatology;;;;;;;2.3625000000000003;6.299999999999997;0.25;0.0;0.0;0.0;14.0;25.425;8
2029-08-09;4;221;0;climatology;;;;;;;2.5625;8.209999999999997;0.25;0.625;0.0;0.0;13.5875;26.400000000000002;8
2029-08-10;5;222;0;climatology;;;;;;;6.65;18.529999999999994;0.375;1.125;0.0;0.0;14.3875;25.2375;8
2029-08-11;6;223;0;climatology;;;;;;;0.17500000000000002;0.45999999999999974;0.125;0.0;0.0;0.0;14.175;26.0875;8
2029-08-12;7;224;0;climatology;;;;;;;3.8375;9.329999999999995;0.125;1.625;0.125;0.0;14.0375;26.9375;8
2029-08-13;1;225;0;climatology;;;;;;;2.725;6.869999999999997;0.375;0.0;0.0;0.0;15.325;27.55;8
2029-08-14;2;226;0;climatology;;;;;;;2.7750000000000004;6.25;0.625;0.25;0.0;0.0;15.725;26.95;8
2029-08-15;3;227;0;climatology;;;;;;;3.2375;5.7299999999999995;0.875;0.0;0.0;0.0;15.575;26.775;8
2029-08-16;4;228;0;climatology;;;;;;;5.0625;12.229999999999997;0.5;0.25;0.0;0.0;14.775;25.8125;8
2029-08-17;5;229;0;climatology;;;;;;;3.9000000000000004;8.91;0.5;2.5;0.25;0.0;14.3625;25.6625;8
2029-08-18;6;230;0;climatology;;;;;;;2.3875;6.499999999999999;0.5;1.25;0.125;0.0;15.4875;25.0125;8
2029-08-19;7;231;0;climatology;;;;;;;5.625;18.080000000000002;0.5;1.375;0.125;0.0;14.975;24.4625;8
2029-08-20;1;232;0;climatology;;;;;;;13.5375;33.44;0.625;5.5;0.375;0.0;14.987499999999999;23.275;8
2029-08-21;2;233;0;climatology;;;;;;;5.3125;16.959999999999997;0.375;3.375;0.25;0.0;14.5;24.2;8
2029-08-22;3;234;0;climatology;;;;;;;3.8625;11.189999999999998;0.375;2.5;0.25;0.0;14.9875;24.875;8
2029-08-23;4;235;0;climatology;;;;;;;2.8249999999999997;7.8999999999999995;0.5;3.875;0.25;0.0;14.737499999999999;23.0375;8
2029-08-24;5;236;0;climatology;;;;;;;2.575;8.579999999999998;0.25;2.75;0.125;0.0;13.35;23.8375;8
2029-08-25;6;237;0;climatology;;;;;;;2.8375;8.129999999999997;0.25;1.375;0.125;0.0;13.225;23.4125;8
2029-08-26;7;238;0;climatology;;;;;;;9.9375;29.53;0.625;1.5;0.0;0.0;12.4;22.5875;8
2029-08-27;1;239;0;climatology;;;;;;;5.375;13.359999999999998;0.5;2.75;0.125;0.0;13.0625;22.125;8
2029-08-28;2;240;0;climatology;;;;;;;8.9125;26.919999999999998;0.5;5.75;0.375;0.0;13.2;21.45;8
2029-08-29;3;241;0;climatology;;;;;;;8.8625;19.1;0.625;4.0;0.25;0.0;13.0875;21.9875;8
2029-08-30;4;242;0;climatology;;;;;;;11.3875;34.739999999999995;0.5;3.0;0.25;0.0;12.825;20.5375;8
2029-08-31;5;243;0;climatology;;;;;;;6.4125000000000005;15.649999999999999;0.625;3.75;0.25;0.0;12.6125;20.3875;8
2029-09-01;6;244;0;climatology;;;;;;;3.4875;10.809999999999997;0.25;3.625;0.125;0.0;12.25;21.3125;8
2029-09-02;7;245;0;climatology;;;;;;;5.1125;13.709999999999999;0.625;2.0;0.125;0.0;11.2625;20.2125;8
2029-09-03;1;246;0;climatology;;;;;;;2.4;6.8199999999999985;0.375;0.375;0.0;0.0;11.0;21.3125;8
2029-09-04;2;247;0;climatology;;;;;;;2.425;6.239999999999998;0.375;1.25;0.125;0.0;11.175;22.6375;8
2029-09-05;3;248;0;climatology;;;;;;;4.7;18.49;0.25;0.875;0.125;0.0;11.3125;22.2625;8
2029-09-06;4;249;0;climatology;;;;;;;0.7000000000000001;2.36;0.25;2.875;0.25;0.0;11.15;23.425;8
2029-09-07;5;250;0;climatology;;;;;;;4.675;10.829999999999998;0.5;4.375;0.375;0.0;12.3625;20.975;8
2029-09-08;6;251;0;climatology;;;;;;;3.8625;13.18;0.375;2.0;0.125;0.0;10.8875;21.275;8
2029-09-09;7;252;0;climatology;;;;;;;3.3499999999999996;8.919999999999998;0.5;2.375;0.125;0.0;11.1875;21.6375;8
2029-09-10;1;253;0;climatology;;;;;;;5.6125;14.399999999999999;0.5;2.125;0.125;0.0;11.125;20.95;8
2029-09-11;2;254;0;climatology;;;;;;;5.275;13.649999999999999;0.5;1.375;0.0;0.0;11.9625;21.425;8
2029-09-12;3;255;0;climatology;;;;;;;0.9125;2.4799999999999995;0.125;0.75;0.0;0.0;11.85;22.3375;8
2029-09-13;4;256;0;climatology;;;;;;;4.1875;14.939999999999998;0.25;1.25;0.125;0.0;11.45;21.3;8
2029-09-14;5;257;0;climatology;;;;;;;8.8125;21.749999999999996;0.625;3.375;0.25;0.0;11.925;20.9;8
2029-09-15;6;258;0;climatology;;;;;;;6.799999999999999;17.71999999999999;0.375;4.5;0.25;0.0;11.6375;21.05;8
2029-09-16;7;259;0;climatology;;;;;;;4.8375;12.339999999999998;0.5;5.0;0.375;0.0;12.125;20.6;8
2029-09-17;1;260;0;climatology;;;;;;;5.9875;15.279999999999996;0.5;5.625;0.25;0.0;11.2375;18.8;8
2029-09-18;2;261;0;climatology;;;;;;;3.225;7.73;0.5;3.75;0.375;0.0;10.6;19.925;8
2029-09-19;3;262;0;climatology;;;;;;;2.1875;8.129999999999999;0.25;2.625;0.25;0.0;8.637500000000001;19.2;8
2029-09-20;4;263;0;climatology;;;;;;;1.8125;7.23;0.25;3.375;0.125;0.0;8.4875;19.775;8
2029-09-21;5;264;0;climatology;;;;;;;0.75;2.8200000000000003;0.25;3.0;0.125;0.0;8.5625;20.9375;8
2029-09-22;6;265;0;climatology;;;;;;;2.9375;7.3799999999999955;0.375;3.125;0.25;0.0;9.05;18.3625;8
2029-09-23;7;266;0;climatology;;;;;;;3.3249999999999997;10.069999999999999;0.625;4.5;0.25;0.0;9.1125;19.05;8
2029-09-24;1;267;0;climatology;;;;;;;3.6625;9.9;0.5;3.875;0.125;0.0;9.4;17.075;8
2029-09-25;2;268;0;climatology;;;;;;;2.8;6.779999999999999;0.625;1.5;0.125;0.0;8.725;17.4625;8
2029-09-26;3;269;0;climatology;;;;;;;4.95;12.239999999999995;0.375;2.75;0.125;0.0;8.1;17.9;8
2029-09-27;4;270;0;climatology;;;;;;;6.15;13.419999999999998;0.75;4.375;0.375;0.0;9.2625;17.675;8
2029-09-28;5;271;0;climatology;;;;;;;6.125;17.519999999999996;0.5;4.0;0.375;0.0;9.15;17.6625;8
2029-09-29;6;272;0;climatology;;;;;;;4.0625;7.92;0.625;4.5;0.375;0.0;7.824999999999999;15.6875;8
2029-09-30;7;273;0;climatology;;;;;;;2.675;6.549999999999998;0.375;7.25;0.5;0.0;8.15;15.4875;8
2029-10-01;1;274;0;climatology;;;;;;;4.2875000000000005;12.779999999999998;0.375;2.625;0.25;0.0;6.575;16.45;8
2029-10-02;2;275;0;climatology;;;;;;;9.9375;28.789999999999996;0.5;2.75;0.125;0.0;7.325;17.15;8
2029-10-03;3;276;0;climatology;;;;;;;2.3125;6.39;0.5;4.625;0.375;0.0;7.5249999999999995;17.3875;8
2029-10-04;4;277;0;climatology;;;;;;;2.8625000000000003;5.86;0.625;2.375;0.125;0.0;5.7125;16.9625;8
2029-10-05;5;278;0;climatology;;;;;;;6.225;15.519999999999998;0.5;5.875;0.375;0.0;6.6375;15.225;8
2029-10-06;6;279;0;climatology;;;;;;;3.875;8.84;0.625;6.0;0.375;0.0;7.125;14.6625;8
2029-10-07;7;280;0;climatology;;;;;;;3.7125000000000004;9.569999999999997;0.625;7.5;0.5;0.0;7.1375;14.775;8
2029-10-08;1;281;0;climatology;;;;;;;2.0375;7.659999999999999;0.25;3.0;0.125;0.0;8.05;17.2;8
2029-10-09;2;282;0;climatology;;;;;;;3.4;9.169999999999998;0.5;5.125;0.25;0.0;7.9375;17.375;8
2029-10-10;3;283;0;climatology;;;;;;;1.05;3.3199999999999994;0.25;3.125;0.125;0.0;7.4875;18.2125;8
2029-10-11;4;284;0;climatology;;;;;;;2.2;6.85;0.375;2.25;0.125;0.125;7.55;18.325;8
2029-10-12;5;285;0;climatology;;;;;;;1.35;4.15;0.375;3.625;0.375;0.0;7.625;16.6;8
2029-10-13;6;286;0;climatology;;;;;;;1.7750000000000001;5.149999999999999;0.25;4.875;0.375;0.0;6.6625;17.0125;8
2029-10-14;7;287;0;climatology;;;;;;;2.7750000000000004;7.5600000000000005;0.5;4.625;0.375;0.0;7.5375000000000005;16.8375;8
2029-10-15;1;288;0;climatology;;;;;;;1.8375000000000001;5.599999999999999;0.25;1.875;0.0;0.0;6.425;16.775;8
2029-10-16;2;289;0;climatology;;;;;;;2.2125;5.81;0.375;7.375;0.5;0.125;6.5;15.4625;8
2029-10-17;3;290;0;climatology;;;;;;;1.525;3.6599999999999975;0.125;7.375;0.5;0.0;5.6125;15.275;8
2029-10-18;4;291;0;climatology;;;;;;;1.1;4.09;0.25;1.75;0.125;0.0;5.7625;16.1625;8
2029-10-19;5;292;0;climatology;;;;;;;0.7125;1.8499999999999999;0.375;2.75;0.25;0.0;5.725;14.8625;8
2029-10-20;6;293;0;climatology;;;;;;;0.9999999999999999;2.609999999999999;0.25;4.25;0.25;0.0;7.075;18.525;8
2029-10-21;7;294;0;climatology;;;;;;;0.9500000000000001;2.34;0.375;2.375;0.25;0.0;7.15;16.8875;8
2029-10-22;1;295;0;climatology;;;;;;;1.8625;5.1099999999999985;0.375;3.375;0.375;0.0;6.375;15.5375;8
2029-10-23;2;296;0;climatology;;;;;;;1.75;5.249999999999999;0.25;1.0;0.0;0.0;6.5125;17.5;8
2029-10-24;3;297;0;climatology;;;;;;;6.2124999999999995;15.339999999999996;0.625;6.875;0.375;0.125;7.1;14.5875;8
2029-10-25;4;298;0;climatology;;;;;;;1.825;5.81;0.375;6.75;0.375;0.0;6.925;14.575;8
2029-10-26;5;299;0;climatology;;;;;;;1.75;6.88;0.25;1.625;0.125;0.125;5.675;15.6375;8
2029-10-27;6;300;0;climatology;;;;;;;7.9375;18.81;0.5;4.25;0.375;0.25;5.275;14.200000000000001;8
2029-10-28;7;301;0;climatology;;;;;;;5.45;14.23;0.5;6.625;0.375;0.0;5.25;14.0;8
2029-10-29;1;302;0;climatology;;;;;;;2.3000000000000003;8.89;0.25;4.75;0.375;0.0;4.8;15.2875;8
2029-10-30;2;303;0;climatology;;;;;;;3.5;8.979999999999997;0.625;3.0;0.125;0.0;5.5;15.2375;8
2029-10-31;3;304;0;climatology;;;;;;;2.7125000000000004;7.199999999999999;0.375;4.25;0.375;0.0;5.65;14.325;8
2029-11-01;4;305;0;climatology;;;;;;;2.0;4.869999999999997;0.125;3.875;0.375;0.0;5.1875;15.0375;8
2029-11-02;5;306;0;climatology;;;;;;;4.8375;12.79;0.625;2.5;0.25;0.0;5.375;14.05;8
2029-11-03;6;307;0;climatology;;;;;;;2.2625;5.389999999999999;0.5;4.25;0.25;0.0;4.5125;12.1875;8
2029-11-04;7;308;0;climatology;;;;;;;5.7124999999999995;14.0;0.625;5.625;0.375;0.25;3.0999999999999996;12.275;8
2029-11-05;1;309;0;climatology;;;;;;;3.9875;9.199999999999996;0.5;6.125;0.375;0.125;3.0375;11.4625;8
2029-11-06;2;310;0;climatology;;;;;;;0.09999999999999999;0.2799999999999999;0.0;4.125;0.25;0.25;2.075;11.2875;8
2029-11-07;3;311;0;climatology;;;;;;;0.3375;0.8999999999999997;0.125;4.0;0.25;0.25;1.5875;11.924999999999999;8
2029-11-08;4;312;0;climatology;;;;;;;0.525;1.8599999999999999;0.25;7.875;0.625;0.25;2.0125;10.25;8
2029-11-09;5;313;0;climatology;;;;;;;1.6875;6.049999999999999;0.25;4.625;0.375;0.25;1.7875;10.35;8
2029-11-10;6;314;0;climatology;;;;;;;1.2375;3.7899999999999996;0.25;5.125;0.375;0.25;0.8624999999999999;10.3;8
2029-11-11;7;315;0;climatology;;;;;;;0.025;0.05999999999999997;0.0;3.125;0.125;0.25;0.7000000000000001;10.0625;8
2029-11-12;1;316;0;climatology;;;;;;;2.65;9.799999999999999;0.25;7.25;0.375;0.375;1.1375;9.5625;8
2029-11-13;2;317;0;climatology;;;;;;;4.225;15.85;0.375;7.125;0.5;0.25;1.4749999999999999;10.1;8
2029-11-14;3;318;0;climatology;;;;;;;4.75;11.739999999999995;0.375;7.875;0.5;0.25;2.7750000000000004;11.5375;8
2029-11-15;4;319;0;climatology;;;;;;;1.5875000000000001;5.91;0.25;7.125;0.5;0.125;3.1375;10.7875;8
2029-11-16;5;320;0;climatology;;;;;;;1.8625;5.1;0.375;7.75;0.5;0.375;1.0;8.9875;8
2029-11-17;6;321;0;climatology;;;;;;;7.0625;18.66;0.625;7.375;0.5;0.5;1.3375;8.5375;8
2029-11-18;7;322;0;climatology;;;;;;;1.7874999999999999;4.299999999999999;0.375;4.625;0.375;0.375;0.4875;7.825;8
2029-11-19;1;323;0;climatology;;;;;;;3.5125;8.77;0.5;5.125;0.375;0.625;0.09999999999999998;8.525;8
2029-11-20;2;324;0;climatology;;;;;;;1.2875;2.9699999999999998;0.5;4.0;0.125;0.5;0.5874999999999999;8.75;8
2029-11-21;3;325;0;climatology;;;;;;;5.0625;10.099999999999998;0.625;9.5;0.625;0.75;-0.6625;5.8625;8
2029-11-22;4;326;0;climatology;;;;;;;1.8875;4.189999999999999;0.5;10.375;0.5;0.75;-1.0875;5.05;8
2029-11-23;5;327;0;climatology;;;;;;;1.65;4.829999999999998;0.25;5.0;0.375;0.75;-2.4625000000000004;6.35;8
2029-11-24;6;328;0;climatology;;;;;;;3.1374999999999997;7.269999999999998;0.5;5.375;0.5;0.625;-0.17500000000000002;7.85;8
2029-11-25;7;329;0;climatology;;;;;;;3.475;9.679999999999998;0.375;7.375;0.5;0.875;-0.95;6.4750000000000005;8
2029-11-26;1;330;0;climatology;;;;;;;3.45;7.89;0.625;11.625;0.625;0.75;-0.32499999999999996;5.6125;8
2029-11-27;2;331;0;climatology;;;;;;;2.65;6.919999999999999;0.5;5.25;0.25;0.75;-2.0875;5.4875;8
2029-11-28;3;332;0;climatology;;;;;;;2.6500000000000004;8.87;0.375;3.0;0.25;0.75;-1.9625;5.8;8
2029-11-29;4;333;0;climatology;;;;;;;4.3;10.91;0.75;7.75;0.75;0.625;-1.7375;5.05;8
2029-11-30;5;334;0;climatology;;;;;;;2.95;7.929999999999999;0.5;10.5;0.5;0.875;-1.925;3.8625;8
2029-12-01;6;335;0;climatology;;;;;;;3.6875;9.039999999999996;0.5;10.625;0.5;0.75;-1.2750000000000001;4.9375;8
2029-12-02;7;336;0;climatology;;;;;;;4.5375;10.369999999999996;0.625;9.5;0.625;0.875;-1.9124999999999999;3.2750000000000004;8
2029-12-03;1;337;0;climatology;;;;;;;1.0375;3.3999999999999995;0.25;8.375;0.625;0.875;-3.5500000000000003;4.175;8
2029-12-04;2;338;0;climatology;;;;;;;3.8375;11.39;0.5;7.0;0.5;0.75;-3.15;3.575;8
2029-12-05;3;339;0;climatology;;;;;;;2.25;4.39;0.625;7.375;0.5;0.875;-2.1;5.1625000000000005;8
2029-12-06;4;340;0;climatology;;;;;;;2.9125;6.759999999999999;0.5;6.5;0.625;0.875;-1.7374999999999998;5.7;8
2029-12-07;5;341;0;climatology;;;;;;;5.9;14.659999999999998;0.625;6.625;0.375;0.875;-1.0875;5.4875;8
2029-12-08;6;342;0;climatology;;;;;;;2.75;6.199999999999998;0.625;4.0;0.375;0.75;-1.7000000000000002;6.1125;8
2029-12-09;7;343;0;climatology;;;;;;;5.1000000000000005;11.0;0.75;6.625;0.375;0.375;0.11249999999999999;5.6125;8
2029-12-10;1;344;0;climatology;;;;;;;5.0625;9.84;0.875;10.25;0.5;0.875;-1.1125;4.4375;8
2029-12-11;2;345;0;climatology;;;;;;;2.85;6.359999999999999;0.5;10.375;0.5;0.875;-1.1375;3.6;8
2029-12-12;3;346;0;climatology;;;;;;;2.5500000000000003;6.259999999999999;0.5;8.25;0.5;0.75;-2.7875;3.3375;8
2029-12-13;4;347;0;climatology;;;;;;;1.5625;4.869999999999999;0.25;6.5;0.375;0.75;-3.7;3.3625;8
2029-12-14;5;348;0;climatology;;;;;;;2.9875000000000003;9.040000000000001;0.5;13.375;0.75;0.875;-2.2125;3.9;8
2029-12-15;6;349;0;climatology;;;;;;;1.45;5.430000000000001;0.25;12.0;0.75;0.625;-1.775;4.5625;8
2029-12-16;7;350;0;climatology;;;;;;;0.975;2.5699999999999994;0.25;10.25;0.75;0.75;-1.175;4.9;8
2029-12-17;1;351;0;climatology;;;;;;;0.375;0.83;0.0;4.875;0.375;0.875;-2.3625;6.8375;8
2029-12-18;2;352;0;climatology;;;;;;;0.2;0.72;0.0;2.375;0.125;0.875;-2.6125;7.0625;8
2029-12-19;3;353;0;climatology;;;;;;;0.0;0.0;0.0;0.125;0.0;0.75;-2.7625;7.9375;8
2029-12-20;4;354;0;climatology;;;;;;;1.3375;3.84;0.375;4.875;0.25;0.875;-1.375;7.45;8
2029-12-21;5;355;0;climatology;;;;;;;3.2874999999999996;8.629999999999999;0.5;3.625;0.25;0.75;-1.4124999999999999;5.325;8
2029-12-22;6;356;0;climatology;;;;;;;5.1875;13.499999999999996;0.5;5.0;0.25;0.875;-0.975;5.9625;8
2029-12-23;7;357;0;climatology;;;;;;;7.1;12.81;0.875;9.625;0.5;0.5;1.1625;6.975;8
2029-12-24;1;358;0;climatology;;;;;;;5.3;13.279999999999998;0.875;7.75;0.5;0.375;2.4375;8.2;8
2029-12-25;2;359;0;climatology;;;;;;;9.3625;23.279999999999994;0.625;5.75;0.5;0.625;1.575;7.1875;8
2029-12-26;3;360;0;climatology;;;;;;;2.05;6.2299999999999995;0.375;6.375;0.5;0.625;-1.75;5.6875;8
2029-12-27;4;361;0;climatology;;;;;;;2.2750000000000004;5.829999999999999;0.375;5.125;0.25;0.75;-2.3625;4.7875;8
2029-12-28;5;362;0;climatology;;;;;;;0.5625;1.4699999999999995;0.125;2.0;0.125;0.875;-2.9125;5.2625;8
2029-12-29;6;363;0;climatology;;;;;;;1.7;5.739999999999998;0.25;3.0;0.25;0.625;-1.7125;6.375;8
2029-12-30;7;364;0;climatology;;;;;;;2.875;10.209999999999999;0.375;4.875;0.375;0.75;-0.9249999999999998;7.3875;8
2029-12-31;1;365;0;climatology;;;;;;;2.7;7.689999999999998;0.25;3.0;0.125;0.625;-1.1624999999999999;7.45;8
